board=..........................................|valid=0,1,2,3,4,5,6
3

board=...................................O..X...|valid=0,1,2,3,4,5,6
3

board=...............................X...O..X..O|valid=0,1,2,3,4,5,6
3

board=.................O......X......X...O..X..O|valid=0,1,2,3,4,5,6
3

board=...O......X......O......X......X...O..X..O|valid=0,1,2,4,5,6
0

board=...O......X......O......X...X..X...O..X.OO|valid=0,1,2,4,5,6
4

board=...O......X......O...O..X...X..X...O..XXOO|valid=0,1,2,4,5,6
4

board=...O......X...O..O...O..X...X..XX..O..XXOO|valid=0,1,2,4,5,6
4

board=...O...O..X...O..O...O..XX..X..XX..O..XXOO|valid=0,1,2,4,5,6
4

board=..........................................|valid=0,1,2,3,4,5,6
3

board=......................................X.O.|valid=0,1,2,3,4,5,6
3

board=...............................X....O.X.O.|valid=0,1,2,3,4,5,6
3

board=........................X......X....O.XOO.|valid=0,1,2,3,4,5,6
4

board=........................X......XX...O.XOOO|valid=0,1,2,3,4,5,6
4

board=..................O.....XX.....XX...O.XOOO|valid=0,1,2,3,4,5,6
3

board=..........................................|valid=0,1,2,3,4,5,6
3

board=....................................O.X...|valid=0,1,2,3,4,5,6
3

board=...............................X...OO.X...|valid=0,1,2,3,4,5,6
3

board=.................O......X......X...OO.X...|valid=0,1,2,3,4,5,6
3

board=..........X......O......X......X...OO.XO..|valid=0,1,2,3,4,5,6
3

board=...X......X......O......X....O.X...OO.XO..|valid=0,1,2,4,5,6
4

board=...X......X......O......X...OO.XX..OO.XO..|valid=0,1,2,4,5,6
4

board=...X......X......O......XX..OO.XX..OO.XOO.|valid=0,1,2,4,5,6
4

board=...X......X......OX.....XX..OO.XXO.OO.XOO.|valid=0,1,2,4,5,6
4

board=..........................................|valid=0,1,2,3,4,5,6
3

board=......................................X..O|valid=0,1,2,3,4,5,6
3

board=...............................X.....OX..O|valid=0,1,2,3,4,5,6
3

board=........................X......X.....OXO.O|valid=0,1,2,3,4,5,6
3

board=..........................................|valid=0,1,2,3,4,5,6
3

board=....................................O.X...|valid=0,1,2,3,4,5,6
3

board=...............................X....O.XO..|valid=0,1,2,3,4,5,6
3

board=........................X......X....O.XOO.|valid=0,1,2,3,4,5,6
4

board=........................X......XX...O.XOOO|valid=0,1,2,3,4,5,6
4

board=..................O.....XX.....XX...O.XOOO|valid=0,1,2,3,4,5,6
3

board=..........................................|valid=0,1,2,3,4,5,6
3

board=.....................................OX...|valid=0,1,2,3,4,5,6
3

board=...............................X.....OX..O|valid=0,1,2,3,4,5,6
3

board=........................X......X.....OX.OO|valid=0,1,2,3,4,5,6
4

board=........................X.....OX.....OXXOO|valid=0,1,2,3,4,5,6
4

board=........................X.....OXXO...OXXOO|valid=0,1,2,3,4,5,6
3

board=..........................................|valid=0,1,2,3,4,5,6
3

board=......................................X.O.|valid=0,1,2,3,4,5,6
3

board=...............................X......XOO.|valid=0,1,2,3,4,5,6
4

board=...............................XX....OXOO.|valid=0,1,2,3,4,5,6
3

board=........................X.....OXX....OXOO.|valid=0,1,2,3,4,5,6
4

board=........................XX....OXX....OXOOO|valid=0,1,2,3,4,5,6
3

board=..........................................|valid=0,1,2,3,4,5,6
3

board=......................................X.O.|valid=0,1,2,3,4,5,6
3

board=...............................X...O..X.O.|valid=0,1,2,3,4,5,6
3

board=.................O......X......X...O..X.O.|valid=0,1,2,3,4,5,6
3

board=...O......X......O......X......X...O..X.O.|valid=0,1,2,4,5,6
0

board=...O......X......O......X...X..X...OO.X.O.|valid=0,1,2,4,5,6
4

board=...O......X......O......X...XO.X...OO.XXO.|valid=0,1,2,4,5,6
4

board=...O......X......O...O..X...XO.XX..OO.XXO.|valid=0,1,2,4,5,6
4

board=...O......X...O..O...O..XX..XO.XX..OO.XXO.|valid=0,1,2,4,5,6
4

board=..........................................|valid=0,1,2,3,4,5,6
3

board=......................................X..O|valid=0,1,2,3,4,5,6
3

board=........................O......X......X..O|valid=0,1,2,3,4,5,6
3

board=.................X......O......X......XO.O|valid=0,1,2,3,4,5,6
3

board=..........X......X......O......X...O..XO.O|valid=0,1,2,3,4,5,6
3

board=...X......X......X......O......X..OO..XO.O|valid=0,1,2,4,5,6
4

board=...X......X......X......O......XX.OO..XOOO|valid=0,1,2,4,5,6
4

board=...X......X......XO.....OX.....XX.OO..XOOO|valid=0,1,2,4,5,6
4

board=...X......XX.....XO.....OX.....XXOOO..XOOO|valid=0,1,2,4,5,6
4

board=...XX.....XX.....XO.....OX.O...XXOOO..XOOO|valid=0,1,2,5,6
2

board=...XX.....XX.....XO.....OX.O..OXXOOO.XXOOO|valid=0,1,2,5,6
2

board=...XX.....XX.....XO....XOX.OO.OXXOOO.XXOOO|valid=0,1,2,5,6
5

board=...XX.....XX....OXO....XOXXOO.OXXOOO.XXOOO|valid=0,1,2,5,6
1

board=...XX.....XX....OXO..O.XOXXOO.OXXOOOXXXOOO|valid=0,1,2,5,6
1

board=..........................................|valid=0,1,2,3,4,5,6
3

board=......................................XO..|valid=0,1,2,3,4,5,6
3

board=...............................X....O.XO..|valid=0,1,2,3,4,5,6
3

board=........................X......XO...O.XO..|valid=0,1,2,3,4,5,6
3

board=..........................................|valid=0,1,2,3,4,5,6
3

board=......................................X..O|valid=0,1,2,3,4,5,6
3

board=...............................X......XO.O|valid=0,1,2,3,4,5,6
4

board=...............................XX...O.XO.O|valid=0,1,2,3,4,5,6
5

board=...............................XX..OO.XOXO|valid=0,1,2,3,4,5,6
4

board=.........................X.....XX..OOOXOXO|valid=0,1,2,3,4,5,6
5

board=.........................X....OXXX.OOOXOXO|valid=0,1,2,3,4,5,6
5

board=.........................XX...OXXXOOOOXOXO|valid=0,1,2,3,4,5,6
5

board=..........................................|valid=0,1,2,3,4,5,6
3

board=...................................O..X...|valid=0,1,2,3,4,5,6
3

board=............................O..X...O..X...|valid=0,1,2,3,4,5,6
3

board=.................O......X...O..X...O..X...|valid=0,1,2,3,4,5,6
3

board=..........X......O......X...O..X...O..X..O|valid=0,1,2,3,4,5,6
3

board=...X......X......O......X...O..X...O..X.OO|valid=0,1,2,4,5,6
4

board=...X......X......O......X...O..X..OO..XXOO|valid=0,1,2,4,5,6
4

board=...X......X......O......X...O..XXOOO..XXOO|valid=0,1,2,4,5,6
4

board=...X......X......O......XX.OO..XXOOO..XXOO|valid=0,1,2,4,5,6
4

board=..........................................|valid=0,1,2,3,4,5,6
3

board=......................................X..O|valid=0,1,2,3,4,5,6
3

board=...............................X...O..X..O|valid=0,1,2,3,4,5,6
3

board=........................X......X..OO..X..O|valid=0,1,2,3,4,5,6
3

board=..........................................|valid=0,1,2,3,4,5,6
3

board=...............................O......X...|valid=0,1,2,3,4,5,6
3

board=........................X......O....O.X...|valid=0,1,2,3,4,5,6
3

board=.................X......X......O...OO.X...|valid=0,1,2,3,4,5,6
3

board=..........X......X......X......O...OOOX...|valid=0,1,2,3,4,5,6
3

board=..........................................|valid=0,1,2,3,4,5,6
3

board=...................................O..X...|valid=0,1,2,3,4,5,6
3

board=............................O..X...O..X...|valid=0,1,2,3,4,5,6
3

board=.....................O..X...O..X...O..X...|valid=0,1,2,3,4,5,6
3

board=..........................................|valid=0,1,2,3,4,5,6
3

board=......................................XO..|valid=0,1,2,3,4,5,6
3

board=........................O......X......XO..|valid=0,1,2,3,4,5,6
3

board=.................X......O......X.....OXO..|valid=0,1,2,3,4,5,6
3

board=..........X......X......O......X...O.OXO..|valid=0,1,2,3,4,5,6
3

board=...X......X......X......O.....OX...O.OXO..|valid=0,1,2,4,5,6
4

board=...X......X......X......O.....OXX..O.OXOO.|valid=0,1,2,4,5,6
4

board=...X......X......X......OX....OXXO.O.OXOO.|valid=0,1,2,4,5,6
4

board=...X......X......XX.....OX....OXXO.OOOXOO.|valid=0,1,2,4,5,6
4

board=..........................................|valid=0,1,2,3,4,5,6
3

board=......................................X.O.|valid=0,1,2,3,4,5,6
3

board=........................O......X......X.O.|valid=0,1,2,3,4,5,6
3

board=.................X......O......X.....OX.O.|valid=0,1,2,3,4,5,6
3

board=...O......X......X......O......X.....OX.O.|valid=0,1,2,4,5,6
0

board=...O......X......X......O......X...XOOX.O.|valid=0,1,2,4,5,6
4

board=...O......X......X......O......X...XOOXXOO|valid=0,1,2,4,5,6
4

board=...O......X......X......O......XXO.XOOXXOO|valid=0,1,2,4,5,6
4

board=...O......X......X......OX..O..XXO.XOOXXOO|valid=0,1,2,4,5,6
4

board=..........................................|valid=0,1,2,3,4,5,6
3

board=...............................O......X...|valid=0,1,2,3,4,5,6
3

board=........................X......O......X.O.|valid=0,1,2,3,4,5,6
3

board=.................X......X......O....O.X.O.|valid=0,1,2,3,4,5,6
3

board=...O......X......X......X......O....O.X.O.|valid=0,1,2,4,5,6
0

board=...O......X......X......X....O.O...XO.X.O.|valid=0,1,2,4,5,6
0

board=...O......X......X......X...XO.O...XOOX.O.|valid=0,1,2,4,5,6
4

board=...O......X......X......X...XOOO...XOOXXO.|valid=0,1,2,4,5,6
4

board=...O......X......X......X...XOOOX..XOOXXOO|valid=0,1,2,4,5,6
4

board=...O......X......X......XX..XOOOX.OXOOXXOO|valid=0,1,2,4,5,6
4

board=..........................................|valid=0,1,2,3,4,5,6
3

board=...............................O......X...|valid=0,1,2,3,4,5,6
3

board=........................X......O......X.O.|valid=0,1,2,3,4,5,6
3

board=.................X......X......O....O.X.O.|valid=0,1,2,3,4,5,6
3

board=..........X......X......X......O....O.XOO.|valid=0,1,2,3,4,5,6
3

board=..........................................|valid=0,1,2,3,4,5,6
3

board=...................................O..X...|valid=0,1,2,3,4,5,6
3

board=...............................X...O..X.O.|valid=0,1,2,3,4,5,6
3

board=........................X......X...OO.X.O.|valid=0,1,2,3,4,5,6
3

board=..........................................|valid=0,1,2,3,4,5,6
3

board=.....................................OX...|valid=0,1,2,3,4,5,6
3

board=...............................X....OOX...|valid=0,1,2,3,4,5,6
5

board=...............................X...OOOX.X.|valid=0,1,2,3,4,5,6
3

board=........................X......X...OOOX.XO|valid=0,1,2,3,4,5,6
4

board=........................X....O.X...OOOXXXO|valid=0,1,2,3,4,5,6
4

board=........................X....O.XX.OOOOXXXO|valid=0,1,2,3,4,5,6
5

board=......................O.X....O.XXXOOOOXXXO|valid=0,1,2,3,4,5,6
4

board=......................O.XX...OOXXXOOOOXXXO|valid=0,1,2,3,4,5,6
5

board=.................O....O.XXX..OOXXXOOOOXXXO|valid=0,1,2,3,4,5,6
3

board=..........X......O....O.XXXO.OOXXXOOOOXXXO|valid=0,1,2,3,4,5,6
3

board=...X......X......O.O..O.XXXO.OOXXXOOOOXXXO|valid=0,1,2,4,5,6
4

board=..........................................|valid=0,1,2,3,4,5,6
3

board=...................................O..X...|valid=0,1,2,3,4,5,6
3

board=...............................X...O.OX...|valid=0,1,2,3,4,5,6
3

board=.................O......X......X...O.OX...|valid=0,1,2,3,4,5,6
3

board=..........X......O......X.....OX...O.OX...|valid=0,1,2,3,4,5,6
3

board=...X......X......O.....OX.....OX...O.OX...|valid=0,1,2,4,5,6
0

board=...X......X......O.....OX...X.OX...O.OXO..|valid=0,1,2,4,5,6
4

board=...X......X......O...O.OX...X.OXX..O.OXO..|valid=0,1,2,4,5,6
4

board=...X......X...O..O...O.OXX..X.OXX..O.OXO..|valid=0,1,2,4,5,6
4

board=...X......X...O..OX..O.OXX..X.OXX..O.OXO.O|valid=0,1,2,4,5,6
4

board=..........................................|valid=0,1,2,3,4,5,6
3

board=...................................O..X...|valid=0,1,2,3,4,5,6
3

board=...............................X...O..X.O.|valid=0,1,2,3,4,5,6
3

board=........................X......X...OO.X.O.|valid=0,1,2,3,4,5,6
3

board=..........................................|valid=0,1,2,3,4,5,6
3

board=....................................O.X...|valid=0,1,2,3,4,5,6
3

board=........................O......X....O.X...|valid=0,1,2,3,4,5,6
3

board=.................X......O......X...OO.X...|valid=0,1,2,3,4,5,6
3

board=...O......X......X......O......X...OO.X...|valid=0,1,2,4,5,6
0

board=...O......X......X......O...XO.X...OO.X...|valid=0,1,2,4,5,6
4

board=...O......X......X....O.O...XO.X...OO.XX..|valid=0,1,2,4,5,6
4

board=...O......X......X....O.O...XO.XX..OO.XXO.|valid=0,1,2,4,5,6
4

board=...O......X......X....O.OX..XO.XX..OO.XXOO|valid=0,1,2,4,5,6
4

board=..........................................|valid=0,1,2,3,4,5,6
3

board=...................................O..X...|valid=0,1,2,3,4,5,6
3

board=...............................X...O.OX...|valid=0,1,2,3,4,5,6
3

board=........................X.....OX...O.OX...|valid=0,1,2,3,4,5,6
3

board=..........................................|valid=0,1,2,3,4,5,6
3

board=...............................O......X...|valid=0,1,2,3,4,5,6
3

board=........................X......O......X.O.|valid=0,1,2,3,4,5,6
3

board=.................X......X......O.....OX.O.|valid=0,1,2,3,4,5,6
3

board=..........X......X......X......O.....OXOO.|valid=0,1,2,3,4,5,6
3

board=..........................................|valid=0,1,2,3,4,5,6
3

board=...................................O..X...|valid=0,1,2,3,4,5,6
3

board=...............................X...O..X..O|valid=0,1,2,3,4,5,6
3

board=........................X......X..OO..X..O|valid=0,1,2,3,4,5,6
3

board=..........................................|valid=0,1,2,3,4,5,6
3

board=...................................O..X...|valid=0,1,2,3,4,5,6
3

board=...............................X...O..XO..|valid=0,1,2,3,4,5,6
3

board=........................X......X...O..XOO.|valid=0,1,2,3,4,5,6
3

board=..........................................|valid=0,1,2,3,4,5,6
3

board=...................................O..X...|valid=0,1,2,3,4,5,6
3

board=...............................X...O..XO..|valid=0,1,2,3,4,5,6
3

board=........................X......X...O..XO.O|valid=0,1,2,3,4,5,6
3

board=..........................................|valid=0,1,2,3,4,5,6
3

board=...................................O..X...|valid=0,1,2,3,4,5,6
3

board=............................O..X...O..X...|valid=0,1,2,3,4,5,6
3

board=.................O......X...O..X...O..X...|valid=0,1,2,3,4,5,6
3

board=..........X......O......X...O..X...O.OX...|valid=0,1,2,3,4,5,6
3

board=...X......X......O......X...O..X...O.OX.O.|valid=0,1,2,4,5,6
4

board=...X......X......O......X...O..X.O.O.OXXO.|valid=0,1,2,4,5,6
4

board=...X......X......O......X...O.OXXO.O.OXXO.|valid=0,1,2,4,5,6
4

board=...X......X......O.....OXX..O.OXXO.O.OXXO.|valid=0,1,2,4,5,6
4

board=..........................................|valid=0,1,2,3,4,5,6
3

board=......................................X..O|valid=0,1,2,3,4,5,6
3

board=........................O......X......X..O|valid=0,1,2,3,4,5,6
3

board=.................X......O......X......X.OO|valid=0,1,2,3,4,5,6
3

board=...O......X......X......O......X......X.OO|valid=0,1,2,4,5,6
0

board=...O......X......X......O......X.O.X..X.OO|valid=0,1,2,4,5,6
4

board=...O......X......X......O......X.O.X.OXXOO|valid=0,1,2,4,5,6
4

board=...O......X......X......O.....OXXO.X.OXXOO|valid=0,1,2,4,5,6
4

board=...O......X......X.....OOX....OXXO.X.OXXOO|valid=0,1,2,4,5,6
4

board=..........................................|valid=0,1,2,3,4,5,6
3

board=...............................O......X...|valid=0,1,2,3,4,5,6
3

board=........................X......O....O.X...|valid=0,1,2,3,4,5,6
3

board=.................X......X......O...OO.X...|valid=0,1,2,3,4,5,6
3

board=..........X......X......X......O...OO.X.O.|valid=0,1,2,3,4,5,6
3

board=..........................................|valid=0,1,2,3,4,5,6
3

board=......................................X..O|valid=0,1,2,3,4,5,6
3

board=...............................X.....OX..O|valid=0,1,2,3,4,5,6
3

board=.................O......X......X.....OX..O|valid=0,1,2,3,4,5,6
3

board=..........X......O......X......X....OOX..O|valid=0,1,2,3,4,5,6
3

board=...X......X......O......X......X....OOXO.O|valid=0,1,2,4,5,6
4

board=...X......X......O......X....O.XX...OOXO.O|valid=0,1,2,4,5,6
4

board=...X......X......OO.....XX...O.XX...OOXO.O|valid=0,1,2,4,5,6
4

board=...X......XX.....OO.....XX...O.XX..OOOXO.O|valid=0,1,2,4,5,6
4

board=...XX.....XX.....OO.....XX...O.XX..OOOXOOO|valid=0,1,2,5,6
6

board=...XX.....XX.....OO.....XX...OOXX.XOOOXOOO|valid=0,1,2,5,6
6

board=...XX.....XX.....OO.....XX.XOOOXX.XOOOXOOO|valid=0,1,2,5,6
5

board=..........................................|valid=0,1,2,3,4,5,6
3

board=.....................................OX...|valid=0,1,2,3,4,5,6
3

board=...............................X....OOX...|valid=0,1,2,3,4,5,6
5

board=...............................X...OOOX.X.|valid=0,1,2,3,4,5,6
3

board=........................X......X.O.OOOX.X.|valid=0,1,2,3,4,5,6
4

board=........................X......X.O.OOOXXXO|valid=0,1,2,3,4,5,6
5

board=........................X.X.O..X.O.OOOXXXO|valid=0,1,2,3,4,5,6
4

board=........................X.X.OO.XXO.OOOXXXO|valid=0,1,2,3,4,5,6
3

board=..........................................|valid=0,1,2,3,4,5,6
3

board=...............................O......X...|valid=0,1,2,3,4,5,6
3

board=........................X......O...O..X...|valid=0,1,2,3,4,5,6
3

board=.................X......X......O...O..X.O.|valid=0,1,2,3,4,5,6
3

board=..........X......X......X......O...O..XOO.|valid=0,1,2,3,4,5,6
3

board=..........................................|valid=0,1,2,3,4,5,6
3

board=......................................XO..|valid=0,1,2,3,4,5,6
3

board=...............................X......XO.O|valid=0,1,2,3,4,5,6
4

board=........................O......XX.....XO.O|valid=0,1,2,3,4,5,6
3

board=.................X......OO.....XX.....XO.O|valid=0,1,2,3,4,5,6
3

board=...O......X......X......OO.....XX.....XO.O|valid=0,1,2,4,5,6
4

board=...O......X......XX.....OO.....XX.O...XO.O|valid=0,1,2,4,5,6
4

board=...O......XX.....XX.....OO.....XX.O...XOOO|valid=0,1,2,4,5,6
0

board=...O......XX.....XX.....OO.....XX.OXO.XOOO|valid=0,1,2,4,5,6
4

board=...OX.....XX.....XX.....OO.....XX.OXOOXOOO|valid=0,1,2,5,6
6

board=...OX.....XX.....XX.O...OO.X...XX.OXOOXOOO|valid=0,1,2,5,6
5

board=...OX.....XX.....XX.O...OO.X..OXXXOXOOXOOO|valid=0,1,2,5,6
5

board=...OX.....XX.O...XX.O...OOXX..OXXXOXOOXOOO|valid=0,1,2,5,6
5

board=...OX.....XX.O...XXXO...OOXXO.OXXXOXOOXOOO|valid=0,1,2,5,6
5

board=..........................................|valid=0,1,2,3,4,5,6
3

board=......................................XO..|valid=0,1,2,3,4,5,6
3

board=...............................X......XO.O|valid=0,1,2,3,4,5,6
4

board=...............................XX.O...XO.O|valid=0,1,2,3,4,5,6
5

board=...............................XX.O.O.XOXO|valid=0,1,2,3,4,5,6
4

board=.........................X.....XX.O.OOXOXO|valid=0,1,2,3,4,5,6
4

board=..................X......X...O.XX.O.OOXOXO|valid=0,1,2,3,4,5,6
3

board=...........O......X.....XX...O.XX.O.OOXOXO|valid=0,1,2,3,4,5,6
3

board=..........................................|valid=0,1,2,3,4,5,6
3

board=......................................X..O|valid=0,1,2,3,4,5,6
3

board=...............................X......X.OO|valid=0,1,2,3,4,5,6
3

board=........................X......X.....OX.OO|valid=0,1,2,3,4,5,6
4

board=........................X.....OX.....OXXOO|valid=0,1,2,3,4,5,6
4

board=........................XO....OXX....OXXOO|valid=0,1,2,3,4,5,6
5

board=........................XO....OXXX..OOXXOO|valid=0,1,2,3,4,5,6
5

board=.................O......XOX...OXXX..OOXXOO|valid=0,1,2,3,4,5,6
5

board=..........O......O.X....XOX...OXXX..OOXXOO|valid=0,1,2,3,4,5,6
4

board=..........O.O....OXX....XOX...OXXX..OOXXOO|valid=0,1,2,3,4,5,6
4

board=..........OXO....OXX...OXOX...OXXX..OOXXOO|valid=0,1,2,3,4,5,6
4

board=...OX.....OXO....OXX...OXOX...OXXX..OOXXOO|valid=0,1,2,5,6
6

board=..........................................|valid=0,1,2,3,4,5,6
3

board=....................................O.X...|valid=0,1,2,3,4,5,6
3

board=...............................X....O.X.O.|valid=0,1,2,3,4,5,6
3

board=........................X......X....O.X.OO|valid=0,1,2,3,4,5,6
4

board=........................X......X.O..O.XXOO|valid=0,1,2,3,4,5,6
4

board=........................X......XXO..OOXXOO|valid=0,1,2,3,4,5,6
4

board=.................O......XX.....XXO..OOXXOO|valid=0,1,2,3,4,5,6
3

board=..........X......O......XX.....XXO.OOOXXOO|valid=0,1,2,3,4,5,6
4

board=..........................................|valid=0,1,2,3,4,5,6
3

board=......................................X..O|valid=0,1,2,3,4,5,6
3

board=...............................X..O...X..O|valid=0,1,2,3,4,5,6
3

board=........................X......X..O...X.OO|valid=0,1,2,3,4,5,6
3

board=..........................................|valid=0,1,2,3,4,5,6
3

board=....................................O.X...|valid=0,1,2,3,4,5,6
3

board=...............................X....O.XO..|valid=0,1,2,3,4,5,6
3

board=........................X......X....O.XO.O|valid=0,1,2,3,4,5,6
3

board=..........................................|valid=0,1,2,3,4,5,6
3

board=......................................XO..|valid=0,1,2,3,4,5,6
3

board=...............................X...O..XO..|valid=0,1,2,3,4,5,6
3

board=........................X......X...O..XOO.|valid=0,1,2,3,4,5,6
3

board=..........................................|valid=0,1,2,3,4,5,6
3

board=......................................X.O.|valid=0,1,2,3,4,5,6
3

board=...............................X......XOO.|valid=0,1,2,3,4,5,6
4

board=.........................O.....XX.....XOO.|valid=0,1,2,3,4,5,6
5

board=..................O......O.....XXX....XOO.|valid=0,1,2,3,4,5,6
3

board=..................O.....XO.....XXX....XOOO|valid=0,1,2,3,4,5,6
3

board=..........................................|valid=0,1,2,3,4,5,6
3

board=.....................................OX...|valid=0,1,2,3,4,5,6
3

board=...............................X.....OXO..|valid=0,1,2,3,4,5,6
3

board=........................X.....OX.....OXO..|valid=0,1,2,3,4,5,6
3

board=..........................................|valid=0,1,2,3,4,5,6
3

board=......................................X..O|valid=0,1,2,3,4,5,6
3

board=........................O......X......X..O|valid=0,1,2,3,4,5,6
3

board=.................X......O......X...O..X..O|valid=0,1,2,3,4,5,6
3

board=...O......X......X......O......X...O..X..O|valid=0,1,2,4,5,6
0

board=...O......X......X......O...X..X...OO.X..O|valid=0,1,2,4,5,6
4

board=...O......X......X......O...XO.X...OO.XX.O|valid=0,1,2,4,5,6
4

board=...O......X......X...O..O...XO.XX..OO.XX.O|valid=0,1,2,4,5,6
4

board=...O......X......XO..O..OX..XO.XX..OO.XX.O|valid=0,1,2,4,5,6
4

board=...O......XX.....XO..O..OX..XO.XX..OO.XXOO|valid=0,1,2,4,5,6
4

board=...OX.....XX.....XO..O..OX..XO.XX.OOO.XXOO|valid=0,1,2,5,6
2

board=...OX.....XX.....XO..OO.OX..XO.XX.OOOXXXOO|valid=0,1,2,5,6
2

board=...OX.....XX..O..XO..OO.OX..XOXXX.OOOXXXOO|valid=0,1,2,5,6
5

board=..........................................|valid=0,1,2,3,4,5,6
3

board=......................................X.O.|valid=0,1,2,3,4,5,6
3

board=...............................X....O.X.O.|valid=0,1,2,3,4,5,6
3

board=........................X......X....OOX.O.|valid=0,1,2,3,4,5,6
4

board=........................X......XO...OOXXO.|valid=0,1,2,3,4,5,6
4

board=........................XX.....XO...OOXXOO|valid=0,1,2,3,4,5,6
5

board=..................O.....XX.....XOX..OOXXOO|valid=0,1,2,3,4,5,6
4

board=....O......X......O.....XX.....XOX..OOXXOO|valid=0,1,2,3,5,6
3

board=..........................................|valid=0,1,2,3,4,5,6
3

board=......................................X.O.|valid=0,1,2,3,4,5,6
3

board=...............................X......XOO.|valid=0,1,2,3,4,5,6
4

board=...............................XX..O..XOO.|valid=0,1,2,3,4,5,6
3

board=.................O......X......XX..O..XOO.|valid=0,1,2,3,4,5,6
4

board=.................O......XX..O..XX..O..XOO.|valid=0,1,2,3,4,5,6
5

board=.................O......XX..O..XXX.OO.XOO.|valid=0,1,2,3,4,5,6
4

board=.................OX.....XX..OO.XXX.OO.XOO.|valid=0,1,2,3,4,5,6
5

board=.................OX..O..XXX.OO.XXX.OO.XOO.|valid=0,1,2,3,4,5,6
3

board=..........X......OX..O..XXX.OO.XXX.OO.XOOO|valid=0,1,2,3,4,5,6
3

board=...X......X......OXO.O..XXX.OO.XXX.OO.XOOO|valid=0,1,2,4,5,6
4

board=..........................................|valid=0,1,2,3,4,5,6
3

board=......................................X..O|valid=0,1,2,3,4,5,6
3

board=...............................X...O..X..O|valid=0,1,2,3,4,5,6
3

board=........................X......X..OO..X..O|valid=0,1,2,3,4,5,6
3

board=..........................................|valid=0,1,2,3,4,5,6
3

board=...............................O......X...|valid=0,1,2,3,4,5,6
3

board=........................X......O....O.X...|valid=0,1,2,3,4,5,6
3

board=.................X......X......O....O.X.O.|valid=0,1,2,3,4,5,6
3

board=..........X......X......X......O....O.XOO.|valid=0,1,2,3,4,5,6
3

board=..........................................|valid=0,1,2,3,4,5,6
3

board=.....................................OX...|valid=0,1,2,3,4,5,6
3

board=..............................OX.....OX...|valid=0,1,2,3,4,5,6
3

board=........................X.....OX.....OX.O.|valid=0,1,2,3,4,5,6
3

board=..........................................|valid=0,1,2,3,4,5,6
3

board=......................................X..O|valid=0,1,2,3,4,5,6
3

board=...............................X...O..X..O|valid=0,1,2,3,4,5,6
3

board=........................X......X...O..XO.O|valid=0,1,2,3,4,5,6
3

board=..........................................|valid=0,1,2,3,4,5,6
3

board=......................................X.O.|valid=0,1,2,3,4,5,6
3

board=...............................X......X.OO|valid=0,1,2,3,4,5,6
3

board=........................X......X.O....X.OO|valid=0,1,2,3,4,5,6
3

board=..........................................|valid=0,1,2,3,4,5,6
3

board=......................................XO..|valid=0,1,2,3,4,5,6
3

board=...............................X...O..XO..|valid=0,1,2,3,4,5,6
3

board=........................X......X...O..XOO.|valid=0,1,2,3,4,5,6
3

board=..........................................|valid=0,1,2,3,4,5,6
3

board=.....................................OX...|valid=0,1,2,3,4,5,6
3

board=...............................X...O.OX...|valid=0,1,2,3,4,5,6
3

board=........................X...O..X...O.OX...|valid=0,1,2,3,4,5,6
3

board=..........................................|valid=0,1,2,3,4,5,6
3

board=.....................................OX...|valid=0,1,2,3,4,5,6
3

board=...............................X.....OX..O|valid=0,1,2,3,4,5,6
3

board=........................X......X.....OX.OO|valid=0,1,2,3,4,5,6
4

board=........................X......X.O...OXXOO|valid=0,1,2,3,4,5,6
4

board=........................X......XXO.O.OXXOO|valid=0,1,2,3,4,5,6
4

board=........................XX....OXXO.O.OXXOO|valid=0,1,2,3,4,5,6
3

board=..........................................|valid=0,1,2,3,4,5,6
3

board=...................................O..X...|valid=0,1,2,3,4,5,6
3

board=...............................X...O..XO..|valid=0,1,2,3,4,5,6
3

board=........................X......X...O..XO.O|valid=0,1,2,3,4,5,6
3

board=..........................................|valid=0,1,2,3,4,5,6
3

board=.....................................OX...|valid=0,1,2,3,4,5,6
3

board=...............................X.....OXO..|valid=0,1,2,3,4,5,6
3

board=........................X......X...O.OXO..|valid=0,1,2,3,4,5,6
5

board=........................X......X...O.OXOXO|valid=0,1,2,3,4,5,6
5

board=........................X......X.X.OOOXOXO|valid=0,1,2,3,4,5,6
3

board=..........................................|valid=0,1,2,3,4,5,6
3

board=...................................O..X...|valid=0,1,2,3,4,5,6
3

board=...............................X...O..X..O|valid=0,1,2,3,4,5,6
3

board=.................O......X......X...O..X..O|valid=0,1,2,3,4,5,6
3

board=...O......X......O......X......X...O..X..O|valid=0,1,2,4,5,6
0

board=...O......X......O......X...X..X...O..X.OO|valid=0,1,2,4,5,6
4

board=...O......X......O......X...X..XO..O..XXOO|valid=0,1,2,4,5,6
4

board=...O......X......O......XX..X..XO..O.OXXOO|valid=0,1,2,4,5,6
4

board=...O......X......OX..O..XX..X..XO..O.OXXOO|valid=0,1,2,4,5,6
4

board=...OO.....XX.....OX..O..XX..X..XO..O.OXXOO|valid=0,1,2,5,6
5

board=...OO.....XX.....OX..O..XX..X..XOXOO.OXXOO|valid=0,1,2,5,6
5

board=...OO.....XX.....OX..O..XXXOX..XOXOO.OXXOO|valid=0,1,2,5,6
5

board=...OO.....XX.....OXX.O..XXXOX.OXOXOO.OXXOO|valid=0,1,2,5,6
5

board=..........................................|valid=0,1,2,3,4,5,6
3

board=......................................X..O|valid=0,1,2,3,4,5,6
3

board=........................O......X......X..O|valid=0,1,2,3,4,5,6
3

board=.................X......O......X...O..X..O|valid=0,1,2,3,4,5,6
3

board=..........X......X......O......X...O.OX..O|valid=0,1,2,3,4,5,6
3

board=...X......X......X......O......X...O.OX.OO|valid=0,1,2,4,5,6
0

board=...X......X......X......O...X..X...OOOX.OO|valid=0,1,2,4,5,6
4

board=...X......X......X......O...X..X..OOOOXXOO|valid=0,1,2,4,5,6
4

board=...X......X......X......O..OX..XX.OOOOXXOO|valid=0,1,2,4,5,6
4

board=...X......X......X...O..OX.OX..XX.OOOOXXOO|valid=0,1,2,4,5,6
4

board=..........................................|valid=0,1,2,3,4,5,6
3

board=...............................O......X...|valid=0,1,2,3,4,5,6
3

board=........................X......O.....OX...|valid=0,1,2,3,4,5,6
3

board=.................X......X.....OO.....OX...|valid=0,1,2,3,4,5,6
4

board=.................X......X.....OO.....OXXO.|valid=0,1,2,3,4,5,6
5

board=.................X......X.....OO.X...OXXOO|valid=0,1,2,3,4,5,6
4

board=.................X......XO....OOXX...OXXOO|valid=0,1,2,3,4,5,6
5

board=.................XO.....XOX...OOXX...OXXOO|valid=0,1,2,3,4,5,6
5

board=.................XOX....XOX...OOXX.O.OXXOO|valid=0,1,2,3,4,5,6
5

board=..........................................|valid=0,1,2,3,4,5,6
3

board=...................................O..X...|valid=0,1,2,3,4,5,6
3

board=...............................X...OO.X...|valid=0,1,2,3,4,5,6
3

board=........................X......X...OO.XO..|valid=0,1,2,3,4,5,6
3

board=..........................................|valid=0,1,2,3,4,5,6
3

board=.....................................OX...|valid=0,1,2,3,4,5,6
3

board=..............................OX.....OX...|valid=0,1,2,3,4,5,6
3

board=........................X.....OX.....OX.O.|valid=0,1,2,3,4,5,6
3

board=..........................................|valid=0,1,2,3,4,5,6
3

board=...............................O......X...|valid=0,1,2,3,4,5,6
3

board=.................O......X......O......X...|valid=0,1,2,3,4,5,6
3

board=...O......X......O......X......O......X...|valid=0,1,2,4,5,6
0

board=...O......X......O......X......O...X..X..O|valid=0,1,2,4,5,6
0

board=...O......X......O......X...X..O...XO.X..O|valid=0,1,2,4,5,6
4

board=...O......X......O......X...X..O..OXO.XX.O|valid=0,1,2,4,5,6
4

board=...O......X......O......X..OX..OX.OXO.XX.O|valid=0,1,2,4,5,6
4

board=...O......X......O......XX.OXO.OX.OXO.XX.O|valid=0,1,2,4,5,6
4

board=..........................................|valid=0,1,2,3,4,5,6
3

board=...............................O......X...|valid=0,1,2,3,4,5,6
3

board=........................X......O......X.O.|valid=0,1,2,3,4,5,6
3

board=..........O......X......X......O......X.O.|valid=0,1,2,3,4,5,6
3

board=...X......O......X......X......O......XOO.|valid=0,1,2,4,5,6
0

board=...X......O......X......X......O...XO.XOO.|valid=0,1,2,4,5,6
4

board=...X......O......X......X......OXO.XO.XOO.|valid=0,1,2,4,5,6
4

board=...X......O......X......XX.....OXO.XO.XOOO|valid=0,1,2,4,5,6
4

board=...X......O......XX.....XX.....OXOOXO.XOOO|valid=0,1,2,4,5,6
4

board=..........................................|valid=0,1,2,3,4,5,6
3

board=......................................X..O|valid=0,1,2,3,4,5,6
3

board=...............................X......XO.O|valid=0,1,2,3,4,5,6
4

board=........................O......XX.....XO.O|valid=0,1,2,3,4,5,6
3

board=.................X......O......XX.....XOOO|valid=0,1,2,3,4,5,6
4

board=.................X......OX.....XXO....XOOO|valid=0,1,2,3,4,5,6
4

board=...........O.....XX.....OX.....XXO....XOOO|valid=0,1,2,3,4,5,6
3

board=..........XO.....XX.....OX.....XXO.O..XOOO|valid=0,1,2,3,4,5,6
4

board=....X.....XO.....XX.....OX.....XXO.O.OXOOO|valid=0,1,2,3,5,6
3

board=...XX.....XO.....XX.....OX.....XXOOO.OXOOO|valid=0,1,2,5,6
0

board=...XX.....XO.....XX.....OX..X.OXXOOO.OXOOO|valid=0,1,2,5,6
0

board=...XX.....XO.....XX..X..OX..X.OXXOOOOOXOOO|valid=0,1,2,5,6
2

board=...XX.....XO....OXX..X.XOX..X.OXXOOOOOXOOO|valid=0,1,2,5,6
5

board=...XX.....XO....OXXO.X.XOXX.X.OXXOOOOOXOOO|valid=0,1,2,5,6
6

board=...XX.....XOO...OXXO.X.XOXXXX.OXXOOOOOXOOO|valid=0,1,2,5,6
6

board=..........................................|valid=0,1,2,3,4,5,6
3

board=....................................O.X...|valid=0,1,2,3,4,5,6
3

board=...............................X....O.XO..|valid=0,1,2,3,4,5,6
3

board=........................X....O.X....O.XO..|valid=0,1,2,3,4,5,6
3

board=..........................................|valid=0,1,2,3,4,5,6
3

board=...................................O..X...|valid=0,1,2,3,4,5,6
3

board=...............................X...OO.X...|valid=0,1,2,3,4,5,6
3

board=........................X......X...OO.X.O.|valid=0,1,2,3,4,5,6
3

board=..........................................|valid=0,1,2,3,4,5,6
3

board=...................................O..X...|valid=0,1,2,3,4,5,6
3

board=...............................X...O..X.O.|valid=0,1,2,3,4,5,6
3

board=........................X...O..X...O..X.O.|valid=0,1,2,3,4,5,6
3

board=..........................................|valid=0,1,2,3,4,5,6
3

board=.....................................OX...|valid=0,1,2,3,4,5,6
3

board=...............................X...O.OX...|valid=0,1,2,3,4,5,6
3

board=........................X...O..X...O.OX...|valid=0,1,2,3,4,5,6
3

board=..........................................|valid=0,1,2,3,4,5,6
3

board=.....................................OX...|valid=0,1,2,3,4,5,6
3

board=...............................X....OOX...|valid=0,1,2,3,4,5,6
5

board=...............................X....OOXOX.|valid=0,1,2,3,4,5,6
3

board=........................X......X.O..OOXOX.|valid=0,1,2,3,4,5,6
4

board=........................X......XXO..OOXOXO|valid=0,1,2,3,4,5,6
4

board=..................O.....XX.....XXO..OOXOXO|valid=0,1,2,3,4,5,6
3

board=..........................................|valid=0,1,2,3,4,5,6
3

board=.....................................OX...|valid=0,1,2,3,4,5,6
3

board=...............................X.....OX..O|valid=0,1,2,3,4,5,6
3

board=........................X......X.....OXO.O|valid=0,1,2,3,4,5,6
3

board=..........................................|valid=0,1,2,3,4,5,6
3

board=...................................O..X...|valid=0,1,2,3,4,5,6
3

board=...............................X...O.OX...|valid=0,1,2,3,4,5,6
3

board=........................X......X...O.OXO..|valid=0,1,2,3,4,5,6
5

board=........................X......X...OOOXOX.|valid=0,1,2,3,4,5,6
3

board=..........................................|valid=0,1,2,3,4,5,6
3

board=.....................................OX...|valid=0,1,2,3,4,5,6
3

board=...............................X....OOX...|valid=0,1,2,3,4,5,6
5

board=...............................X...OOOX.X.|valid=0,1,2,3,4,5,6
3

board=........................X.....OX...OOOX.X.|valid=0,1,2,3,4,5,6
4

board=.................O......X.....OX...OOOXXX.|valid=0,1,2,3,4,5,6
5

board=.................O......X.....OXOX.OOOXXX.|valid=0,1,2,3,4,5,6
5

board=.................O......X.X.O.OXOX.OOOXXX.|valid=0,1,2,3,4,5,6
5

board=..........................................|valid=0,1,2,3,4,5,6
3

board=......................................X.O.|valid=0,1,2,3,4,5,6
3

board=...............................X.....OX.O.|valid=0,1,2,3,4,5,6
3

board=........................X.....OX.....OX.O.|valid=0,1,2,3,4,5,6
3

board=..........................................|valid=0,1,2,3,4,5,6
3

board=....................................O.X...|valid=0,1,2,3,4,5,6
3

board=........................O......X....O.X...|valid=0,1,2,3,4,5,6
3

board=.................X......O......X...OO.X...|valid=0,1,2,3,4,5,6
3

board=...O......X......X......O......X...OO.X...|valid=0,1,2,4,5,6
0

board=...O......X......X......O...X..X...OO.XO..|valid=0,1,2,4,5,6
4

board=...O......X......X......O...XO.XX..OO.XO..|valid=0,1,2,4,5,6
4

board=...O......X......X...O..OX..XO.XX..OO.XO..|valid=0,1,2,4,5,6
4

board=...O......X......XX..OO.OX..XO.XX..OO.XO..|valid=0,1,2,4,5,6
4

board=..........................................|valid=0,1,2,3,4,5,6
3

board=.....................................OX...|valid=0,1,2,3,4,5,6
3

board=..............................OX.....OX...|valid=0,1,2,3,4,5,6
3

board=.......................OX.....OX.....OX...|valid=0,1,2,3,4,5,6
3

board=..........................................|valid=0,1,2,3,4,5,6
3

board=......................................X.O.|valid=0,1,2,3,4,5,6
3

board=...............................X......X.OO|valid=0,1,2,3,4,5,6
3

board=........................X......X......XOOO|valid=0,1,2,3,4,5,6
3

board=..........................................|valid=0,1,2,3,4,5,6
3

board=...............................O......X...|valid=0,1,2,3,4,5,6
3

board=........................X......O....O.X...|valid=0,1,2,3,4,5,6
3

board=.................X......X....O.O....O.X...|valid=0,1,2,3,4,5,6
3

board=..........X......X......X....O.O....O.X.O.|valid=0,1,2,3,4,5,6
3

board=..........................................|valid=0,1,2,3,4,5,6
3

board=......................................XO..|valid=0,1,2,3,4,5,6
3

board=...............................X......XOO.|valid=0,1,2,3,4,5,6
4

board=...............................XX..O..XOO.|valid=0,1,2,3,4,5,6
3

board=........................X......XXO.O..XOO.|valid=0,1,2,3,4,5,6
4

board=........................XX.....XXO.OO.XOO.|valid=0,1,2,3,4,5,6
2

board=........................XX...O.XXO.OOXXOO.|valid=0,1,2,3,4,5,6
4

board=..................X...O.XX...O.XXO.OOXXOO.|valid=0,1,2,3,4,5,6
3

board=..........................................|valid=0,1,2,3,4,5,6
3

board=......................................X..O|valid=0,1,2,3,4,5,6
3

board=...............................X...O..X..O|valid=0,1,2,3,4,5,6
3

board=.................O......X......X...O..X..O|valid=0,1,2,3,4,5,6
3

board=..........X......O......X...O..X...O..X..O|valid=0,1,2,3,4,5,6
3

board=...X......X......O...O..X...O..X...O..X..O|valid=0,1,2,4,5,6
0

board=...X......X...X..O...O..X...O..X...O..XO.O|valid=0,1,2,4,5,6
4

board=...X......X...X..O...O..X...O..XX..OO.XO.O|valid=0,1,2,4,5,6
4

board=...X...O..X...X..O...O..XX..O..XX..OO.XO.O|valid=0,1,2,4,5,6
4

board=...X...O..X...X..OX..O..XX..O..XX..OO.XOOO|valid=0,1,2,4,5,6
4

board=..........................................|valid=0,1,2,3,4,5,6
3

board=.....................................OX...|valid=0,1,2,3,4,5,6
3

board=...............................X.....OX.O.|valid=0,1,2,3,4,5,6
3

board=........................X......X....OOX.O.|valid=0,1,2,3,4,5,6
4

board=........................X......XO...OOXXO.|valid=0,1,2,3,4,5,6
4

board=........................XX.....XOO..OOXXO.|valid=0,1,2,3,4,5,6
4

board=..................X.....XX...O.XOO..OOXXO.|valid=0,1,2,3,4,5,6
3

board=..........................................|valid=0,1,2,3,4,5,6
3

board=.....................................OX...|valid=0,1,2,3,4,5,6
3

board=...............................X...O.OX...|valid=0,1,2,3,4,5,6
3

board=........................X......X...OOOX...|valid=0,1,2,3,4,5,6
3

board=..........................................|valid=0,1,2,3,4,5,6
3

board=......................................X..O|valid=0,1,2,3,4,5,6
3

board=...............................X...O..X..O|valid=0,1,2,3,4,5,6
3

board=........................X......X...O..XO.O|valid=0,1,2,3,4,5,6
3

board=..........................................|valid=0,1,2,3,4,5,6
3

board=......................................X..O|valid=0,1,2,3,4,5,6
3

board=...............................X.....OX..O|valid=0,1,2,3,4,5,6
3

board=........................X......X....OOX..O|valid=0,1,2,3,4,5,6
4

board=........................X.....OX....OOXX.O|valid=0,1,2,3,4,5,6
5

board=........................X.....OX..O.OOXXXO|valid=0,1,2,3,4,5,6
4

board=........................XO....OXX.O.OOXXXO|valid=0,1,2,3,4,5,6
5

board=.................O......XO....OXXXO.OOXXXO|valid=0,1,2,3,4,5,6
5

board=.................OO.....XOX...OXXXO.OOXXXO|valid=0,1,2,3,4,5,6
5

board=..........................................|valid=0,1,2,3,4,5,6
3

board=......................................X..O|valid=0,1,2,3,4,5,6
3

board=...............................X..O...X..O|valid=0,1,2,3,4,5,6
3

board=........................X......X..O..OX..O|valid=0,1,2,3,4,5,6
3

board=..........................................|valid=0,1,2,3,4,5,6
3

board=......................................X.O.|valid=0,1,2,3,4,5,6
3

board=...............................X.O....X.O.|valid=0,1,2,3,4,5,6
3

board=........................X......X.O...OX.O.|valid=0,1,2,3,4,5,6
3

board=..........................................|valid=0,1,2,3,4,5,6
3

board=...................................O..X...|valid=0,1,2,3,4,5,6
3

board=...............................X...O..XO..|valid=0,1,2,3,4,5,6
3

board=........................X......X...OO.XO..|valid=0,1,2,3,4,5,6
3

board=..........................................|valid=0,1,2,3,4,5,6
3

board=...................................O..X...|valid=0,1,2,3,4,5,6
3

board=...............................X...O.OX...|valid=0,1,2,3,4,5,6
3

board=........................X......X...O.OXO..|valid=0,1,2,3,4,5,6
5

board=........................X.....OX...O.OXOX.|valid=0,1,2,3,4,5,6
5

board=........................X.....OX.X.OOOXOX.|valid=0,1,2,3,4,5,6
4

board=........................X....OOXXX.OOOXOX.|valid=0,1,2,3,4,5,6
4

board=........................XX...OOXXX.OOOXOXO|valid=0,1,2,3,4,5,6
5

board=......................O.XXX..OOXXX.OOOXOXO|valid=0,1,2,3,4,5,6
3

board=..........................................|valid=0,1,2,3,4,5,6
3

board=.....................................OX...|valid=0,1,2,3,4,5,6
3

board=...............................X.....OX.O.|valid=0,1,2,3,4,5,6
3

board=........................X......X....OOX.O.|valid=0,1,2,3,4,5,6
4

board=........................X......XO...OOXXO.|valid=0,1,2,3,4,5,6
4

board=........................XX.....XO...OOXXOO|valid=0,1,2,3,4,5,6
5

board=..................O.....XX.....XOX..OOXXOO|valid=0,1,2,3,4,5,6
4

board=...........X......O.....XX....OXOX..OOXXOO|valid=0,1,2,3,4,5,6
5

board=...........X......O....OXXX...OXOX..OOXXOO|valid=0,1,2,3,4,5,6
3

board=..........................................|valid=0,1,2,3,4,5,6
3

board=......................................XO..|valid=0,1,2,3,4,5,6
3

board=...............................XO.....XO..|valid=0,1,2,3,4,5,6
3

board=........................X......XO....OXO..|valid=0,1,2,3,4,5,6
3

board=..........................................|valid=0,1,2,3,4,5,6
3

board=......................................X..O|valid=0,1,2,3,4,5,6
3

board=...............................X....O.X..O|valid=0,1,2,3,4,5,6
3

board=........................X......X..O.O.X..O|valid=0,1,2,3,4,5,6
3

board=..........................................|valid=0,1,2,3,4,5,6
3

board=.....................................OX...|valid=0,1,2,3,4,5,6
3

board=........................O......X.....OX...|valid=0,1,2,3,4,5,6
3

board=.................X......O......X....OOX...|valid=0,1,2,3,4,5,6
3

board=..........X......X......O....O.X....OOX...|valid=0,1,2,3,4,5,6
3

board=...X......X......X......O....O.X....OOXO..|valid=0,1,2,4,5,6
4

board=...X......X......X......O....OOXX...OOXO..|valid=0,1,2,4,5,6
4

board=...X......X......X......OX...OOXX..OOOXO..|valid=0,1,2,4,5,6
4

board=...X......X......XX...O.OX...OOXX..OOOXO..|valid=0,1,2,4,5,6
4

board=..........................................|valid=0,1,2,3,4,5,6
3

board=......................................X..O|valid=0,1,2,3,4,5,6
3

board=...............................X...O..X..O|valid=0,1,2,3,4,5,6
3

board=........................X......X..OO..X..O|valid=0,1,2,3,4,5,6
3

board=..........................................|valid=0,1,2,3,4,5,6
3

board=......................................XO..|valid=0,1,2,3,4,5,6
3

board=...............................X......XOO.|valid=0,1,2,3,4,5,6
4

board=........................O......XX.....XOO.|valid=0,1,2,3,4,5,6
3

board=..........O......X......O......XX.....XOO.|valid=0,1,2,3,4,5,6
4

board=..........O......X......OX.....XX.....XOOO|valid=0,1,2,3,4,5,6
4

board=..........O......XX.....OX.....XX...O.XOOO|valid=0,1,2,3,4,5,6
4

board=..........................................|valid=0,1,2,3,4,5,6
3

board=......................................XO..|valid=0,1,2,3,4,5,6
3

board=...............................X...O..XO..|valid=0,1,2,3,4,5,6
3

board=.................O......X......X...O..XO..|valid=0,1,2,3,4,5,6
3

board=..........X......O......X......X...O..XOO.|valid=0,1,2,3,4,5,6
3

board=...X......X......O......X...O..X...O..XOO.|valid=0,1,2,4,5,6
4

board=...X......X......O......X...O..XX..O..XOOO|valid=0,1,2,4,5,6
4

board=...X......X......O...O..XX..O..XX..O..XOOO|valid=0,1,2,4,5,6
4

board=...X......X......OX..O..XX..O..XX..O.OXOOO|valid=0,1,2,4,5,6
4

board=..........................................|valid=0,1,2,3,4,5,6
3

board=.....................................OX...|valid=0,1,2,3,4,5,6
3

board=...............................X.....OXO..|valid=0,1,2,3,4,5,6
3

board=........................X......XO....OXO..|valid=0,1,2,3,4,5,6
3

board=..........................................|valid=0,1,2,3,4,5,6
3

board=......................................X.O.|valid=0,1,2,3,4,5,6
3

board=...............................X.O....X.O.|valid=0,1,2,3,4,5,6
3

board=........................X......X.O.O..X.O.|valid=0,1,2,3,4,5,6
3

board=..........................................|valid=0,1,2,3,4,5,6
3

board=....................................O.X...|valid=0,1,2,3,4,5,6
3

board=...............................X...OO.X...|valid=0,1,2,3,4,5,6
3

board=........................X....O.X...OO.X...|valid=0,1,2,3,4,5,6
3

board=..........................................|valid=0,1,2,3,4,5,6
3

board=...................................O..X...|valid=0,1,2,3,4,5,6
3

board=............................O..X...O..X...|valid=0,1,2,3,4,5,6
3

board=........................X...O..X...OO.X...|valid=0,1,2,3,4,5,6
3

board=..........................................|valid=0,1,2,3,4,5,6
3

board=......................................X.O.|valid=0,1,2,3,4,5,6
3

board=...............................X......XOO.|valid=0,1,2,3,4,5,6
4

board=.........................O.....XX.....XOO.|valid=0,1,2,3,4,5,6
5

board=.........................O.....XXX..O.XOO.|valid=0,1,2,3,4,5,6
3

board=..................O.....XO.....XXX..O.XOO.|valid=0,1,2,3,4,5,6
5

board=..................O.....XOX....XXX.OO.XOO.|valid=0,1,2,3,4,5,6
3

board=..........................................|valid=0,1,2,3,4,5,6
3

board=...................................O..X...|valid=0,1,2,3,4,5,6
3

board=............................O..X...O..X...|valid=0,1,2,3,4,5,6
3

board=........................X...O..X...O..X..O|valid=0,1,2,3,4,5,6
3

board=..........................................|valid=0,1,2,3,4,5,6
3

board=......................................X..O|valid=0,1,2,3,4,5,6
3

board=...............................X......X.OO|valid=0,1,2,3,4,5,6
3

board=.................O......X......X......X.OO|valid=0,1,2,3,4,5,6
3

board=..........X......O......X......X.O....X.OO|valid=0,1,2,3,4,5,6
3

board=...X......X......O......X.O....X.O....X.OO|valid=0,1,2,4,5,6
4

board=...X......X......O......X.O....X.O.O..XXOO|valid=0,1,2,4,5,6
4

board=...X......X......O......X.O....XXO.O.OXXOO|valid=0,1,2,4,5,6
4

board=...X......X......O......XXO....XXOOO.OXXOO|valid=0,1,2,4,5,6
4

board=..........................................|valid=0,1,2,3,4,5,6
3

board=...................................O..X...|valid=0,1,2,3,4,5,6
3

board=...............................X...O..X.O.|valid=0,1,2,3,4,5,6
3

board=........................X......X...OO.X.O.|valid=0,1,2,3,4,5,6
3

board=..........................................|valid=0,1,2,3,4,5,6
3

board=.....................................OX...|valid=0,1,2,3,4,5,6
3

board=...............................X.....OXO..|valid=0,1,2,3,4,5,6
3

board=........................X......X.....OXOO.|valid=0,1,2,3,4,5,6
4

board=........................XO.....XX....OXOO.|valid=0,1,2,3,4,5,6
5

board=........................XO.....XXX.O.OXOO.|valid=0,1,2,3,4,5,6
5

board=..................O.....XOX....XXX.O.OXOO.|valid=0,1,2,3,4,5,6
3

board=..........................................|valid=0,1,2,3,4,5,6
3

board=......................................X..O|valid=0,1,2,3,4,5,6
3

board=...............................X....O.X..O|valid=0,1,2,3,4,5,6
3

board=........................X....O.X....O.X..O|valid=0,1,2,3,4,5,6
3

board=..........................................|valid=0,1,2,3,4,5,6
3

board=...............................O......X...|valid=0,1,2,3,4,5,6
3

board=........................X......O....O.X...|valid=0,1,2,3,4,5,6
3

board=.................X......X......O....O.X..O|valid=0,1,2,3,4,5,6
3

board=..........X......X......X......O..O.O.X..O|valid=0,1,2,3,4,5,6
3

board=..........................................|valid=0,1,2,3,4,5,6
3

board=.....................................OX...|valid=0,1,2,3,4,5,6
3

board=........................O......X.....OX...|valid=0,1,2,3,4,5,6
3

board=.................X......O......X.....OX.O.|valid=0,1,2,3,4,5,6
3

board=..........X......X......O......X...O.OX.O.|valid=0,1,2,3,4,5,6
3

board=...X......X......X......O......X...O.OX.OO|valid=0,1,2,4,5,6
0

board=...X......X......X......O...X..X.O.O.OX.OO|valid=0,1,2,4,5,6
4

board=...X......X......X......O...X..XOO.O.OXXOO|valid=0,1,2,4,5,6
4

board=...X......X......X...O..OX..X..XOO.O.OXXOO|valid=0,1,2,4,5,6
4

board=...X......X......XX..O..OX..X.OXOO.O.OXXOO|valid=0,1,2,4,5,6
4

board=...XO.....XX.....XX..O..OX..X.OXOO.O.OXXOO|valid=0,1,2,5,6
5

board=...XO.....XX.....XXO.O..OXX.X.OXOO.O.OXXOO|valid=0,1,2,5,6
6

board=..........................................|valid=0,1,2,3,4,5,6
3

board=.....................................OX...|valid=0,1,2,3,4,5,6
3

board=........................O......X.....OX...|valid=0,1,2,3,4,5,6
3

board=.................X......O.....OX.....OX...|valid=0,1,2,3,4,5,6
3

board=..........X......X......O.....OX.....OX.O.|valid=0,1,2,3,4,5,6
3

board=...X......X......X......O.....OX...O.OX.O.|valid=0,1,2,4,5,6
0

board=...X......X......X......O...X.OX...O.OXOO.|valid=0,1,2,4,5,6
4

board=...X......X......X.....OO...X.OXX..O.OXOO.|valid=0,1,2,4,5,6
4

board=...X......X......X.....OOX..X.OXXO.O.OXOO.|valid=0,1,2,4,5,6
4

board=...X......X......XX....OOX..X.OXXO.O.OXOOO|valid=0,1,2,4,5,6
4

board=..........................................|valid=0,1,2,3,4,5,6
3

board=......................................X.O.|valid=0,1,2,3,4,5,6
3

board=........................O......X......X.O.|valid=0,1,2,3,4,5,6
3

board=.................X......O......X......XOO.|valid=0,1,2,3,4,5,6
3

board=..........X......X......O......X......XOOO|valid=0,1,2,3,4,5,6
3

board=...X......X......X......O......X..O...XOOO|valid=0,1,2,4,5,6
4

board=...X......X......X......O..O...XX.O...XOOO|valid=0,1,2,4,5,6
4

board=...X......X......X......OX.O...XX.OO..XOOO|valid=0,1,2,4,5,6
4

board=...X......X......XX.....OX.O...XXOOO..XOOO|valid=0,1,2,4,5,6
4

board=..........................................|valid=0,1,2,3,4,5,6
3

board=......................................X..O|valid=0,1,2,3,4,5,6
3

board=...............................X..O...X..O|valid=0,1,2,3,4,5,6
3

board=........................X..O...X..O...X..O|valid=0,1,2,3,4,5,6
3

board=..........................................|valid=0,1,2,3,4,5,6
3

board=...............................O......X...|valid=0,1,2,3,4,5,6
3

board=........................X......O....O.X...|valid=0,1,2,3,4,5,6
3

board=.................X......X....O.O....O.X...|valid=0,1,2,3,4,5,6
3

board=...O......X......X......X....O.O....O.X...|valid=0,1,2,4,5,6
0

board=...O......X......X......X....O.O...XOOX...|valid=0,1,2,4,5,6
4

board=...O......X......X......X....O.O...XOOXXO.|valid=0,1,2,4,5,6
4

board=...O......X......X......X....O.OXO.XOOXXO.|valid=0,1,2,4,5,6
4

board=...O......X......X......XX...OOOXO.XOOXXO.|valid=0,1,2,4,5,6
4

board=..........................................|valid=0,1,2,3,4,5,6
3

board=......................................X.O.|valid=0,1,2,3,4,5,6
3

board=...............................X...O..X.O.|valid=0,1,2,3,4,5,6
3

board=........................X......X...O.OX.O.|valid=0,1,2,3,4,5,6
3

board=..........................................|valid=0,1,2,3,4,5,6
3

board=......................................XO..|valid=0,1,2,3,4,5,6
3

board=...............................X.....OXO..|valid=0,1,2,3,4,5,6
3

board=........................X......X....OOXO..|valid=0,1,2,3,4,5,6
5

board=........................X....O.X....OOXOX.|valid=0,1,2,3,4,5,6
4

board=.................O......X....O.XX...OOXOX.|valid=0,1,2,3,4,5,6
5

board=..........O......O......X....O.XXX..OOXOX.|valid=0,1,2,3,4,5,6
4

board=..........O......O......XX...OOXXX..OOXOX.|valid=0,1,2,3,4,5,6
4

board=..........O......OX...O.XX...OOXXX..OOXOX.|valid=0,1,2,3,4,5,6
5

board=..........O......OX...O.XXX..OOXXX.OOOXOX.|valid=0,1,2,3,4,5,6
3

board=...X......O......OXO..O.XXX..OOXXX.OOOXOX.|valid=0,1,2,4,5,6
4

board=..........................................|valid=0,1,2,3,4,5,6
3

board=......................................XO..|valid=0,1,2,3,4,5,6
3

board=...............................X....O.XO..|valid=0,1,2,3,4,5,6
3

board=........................X......X....OOXO..|valid=0,1,2,3,4,5,6
5

board=........................X......X....OOXOXO|valid=0,1,2,3,4,5,6
4

board=........................X......XXO..OOXOXO|valid=0,1,2,3,4,5,6
4

board=..................O.....XX.....XXO..OOXOXO|valid=0,1,2,3,4,5,6
3

board=..........................................|valid=0,1,2,3,4,5,6
3

board=.....................................OX...|valid=0,1,2,3,4,5,6
3

board=...............................X.....OX..O|valid=0,1,2,3,4,5,6
3

board=.................O......X......X.....OX..O|valid=0,1,2,3,4,5,6
3

board=..........X......O......X.....OX.....OX..O|valid=0,1,2,3,4,5,6
3

board=...X......X......O......X.....OX.....OX.OO|valid=0,1,2,4,5,6
4

board=...X......X......O......X.....OX..O..OXXOO|valid=0,1,2,4,5,6
4

board=...X......X......O.....OX.....OXX.O..OXXOO|valid=0,1,2,4,5,6
4

board=...X......X......O.....OXX....OXXOO..OXXOO|valid=0,1,2,4,5,6
4

board=..........................................|valid=0,1,2,3,4,5,6
3

board=....................................O.X...|valid=0,1,2,3,4,5,6
3

board=........................O......X....O.X...|valid=0,1,2,3,4,5,6
3

board=.................X......O......X....O.X.O.|valid=0,1,2,3,4,5,6
3

board=..........X......X......O......X....O.X.OO|valid=0,1,2,3,4,5,6
3

board=...X......X......X......O......X....O.XOOO|valid=0,1,2,4,5,6
4

board=...X......X......X......O......XXO..O.XOOO|valid=0,1,2,4,5,6
4

board=...X......X......X......OX...O.XXO..O.XOOO|valid=0,1,2,4,5,6
4

board=...X......X......XX.....OX...O.XXOO.O.XOOO|valid=0,1,2,4,5,6
4

board=..........................................|valid=0,1,2,3,4,5,6
3

board=.....................................OX...|valid=0,1,2,3,4,5,6
3

board=..............................OX.....OX...|valid=0,1,2,3,4,5,6
3

board=........................X.....OX....OOX...|valid=0,1,2,3,4,5,6
3

board=..........................................|valid=0,1,2,3,4,5,6
3

board=...............................O......X...|valid=0,1,2,3,4,5,6
3

board=........................X......O......X..O|valid=0,1,2,3,4,5,6
3

board=.................X......X......O......X.OO|valid=0,1,2,3,4,5,6
3

board=..........X......X......X......O..O...X.OO|valid=0,1,2,3,4,5,6
3

board=..........................................|valid=0,1,2,3,4,5,6
3

board=...............................O......X...|valid=0,1,2,3,4,5,6
3

board=........................X......O......X..O|valid=0,1,2,3,4,5,6
3

board=.................X......X......O...O..X..O|valid=0,1,2,3,4,5,6
3

board=..........X......X......X...O..O...O..X..O|valid=0,1,2,3,4,5,6
3

board=..........................................|valid=0,1,2,3,4,5,6
3

board=....................................O.X...|valid=0,1,2,3,4,5,6
3

board=...............................X....O.XO..|valid=0,1,2,3,4,5,6
3

board=........................X......XO...O.XO..|valid=0,1,2,3,4,5,6
3

board=..........................................|valid=0,1,2,3,4,5,6
3

board=......................................X..O|valid=0,1,2,3,4,5,6
3

board=...............................X....O.X..O|valid=0,1,2,3,4,5,6
3

board=........................X......X...OO.X..O|valid=0,1,2,3,4,5,6
3

board=..........................................|valid=0,1,2,3,4,5,6
3

board=...................................O..X...|valid=0,1,2,3,4,5,6
3

board=...............................X...O.OX...|valid=0,1,2,3,4,5,6
3

board=........................X......X...O.OXO..|valid=0,1,2,3,4,5,6
5

board=........................X.....OX...O.OXOX.|valid=0,1,2,3,4,5,6
5

board=.......................OX.....OX.X.O.OXOX.|valid=0,1,2,3,4,5,6
4

board=.......................OXO....OXXX.O.OXOX.|valid=0,1,2,3,4,5,6
5

board=.......................OXOX...OXXX.OOOXOX.|valid=0,1,2,3,4,5,6
3

board=..........................................|valid=0,1,2,3,4,5,6
3

board=.....................................OX...|valid=0,1,2,3,4,5,6
3

board=...............................X.....OXO..|valid=0,1,2,3,4,5,6
3

board=........................X......X....OOXO..|valid=0,1,2,3,4,5,6
5

board=........................X......X.O..OOXOX.|valid=0,1,2,3,4,5,6
4

board=........................X....O.XXO..OOXOX.|valid=0,1,2,3,4,5,6
3

board=..........................................|valid=0,1,2,3,4,5,6
3

board=...................................O..X...|valid=0,1,2,3,4,5,6
3

board=...............................X...O..X..O|valid=0,1,2,3,4,5,6
3

board=........................X......X..OO..X..O|valid=0,1,2,3,4,5,6
3

board=..........................................|valid=0,1,2,3,4,5,6
3

board=...............................O......X...|valid=0,1,2,3,4,5,6
3

board=........................X......O...O..X...|valid=0,1,2,3,4,5,6
3

board=.................X......X......O...O..XO..|valid=0,1,2,3,4,5,6
3

board=..........X......X......X......O...O.OXO..|valid=0,1,2,3,4,5,6
3

board=..........................................|valid=0,1,2,3,4,5,6
3

board=......................................XO..|valid=0,1,2,3,4,5,6
3

board=...............................X......XOO.|valid=0,1,2,3,4,5,6
4

board=...............................XX...O.XOO.|valid=0,1,2,3,4,5,6
3

board=.................O......X......XX...O.XOO.|valid=0,1,2,3,4,5,6
4

board=..........O......O......XX.....XX...O.XOO.|valid=0,1,2,3,4,5,6
3

board=...X......O......O......XX.....XX...OOXOO.|valid=0,1,2,4,5,6
0

board=...X......O......O......XX...O.XX..XOOXOO.|valid=0,1,2,4,5,6
4

board=...X......O......OX.....XX...OOXX..XOOXOO.|valid=0,1,2,4,5,6
4

board=..........................................|valid=0,1,2,3,4,5,6
3

board=...............................O......X...|valid=0,1,2,3,4,5,6
3

board=........................X......O......X..O|valid=0,1,2,3,4,5,6
3

board=.................X......X......O......XO.O|valid=0,1,2,3,4,5,6
3

board=..........X......X......X......O...O..XO.O|valid=0,1,2,3,4,5,6
3

board=..........................................|valid=0,1,2,3,4,5,6
3

board=....................................O.X...|valid=0,1,2,3,4,5,6
3

board=........................O......X....O.X...|valid=0,1,2,3,4,5,6
3

board=.................X......O......X....OOX...|valid=0,1,2,3,4,5,6
3

board=..........X......X......O.....OX....OOX...|valid=0,1,2,3,4,5,6
3

board=...X......X......X.....OO.....OX....OOX...|valid=0,1,2,4,5,6
0

board=...X......X......X.....OO...O.OX...XOOX...|valid=0,1,2,4,5,6
4

board=...X......X......X.....OO...OOOX...XOOXX..|valid=0,1,2,4,5,6
4

board=...X......X......X.....OO...OOOXX..XOOXXO.|valid=0,1,2,4,5,6
4

board=...X......X......X....OOOX..OOOXX..XOOXXO.|valid=0,1,2,4,5,6
4

board=..........................................|valid=0,1,2,3,4,5,6
3

board=......................................X..O|valid=0,1,2,3,4,5,6
3

board=...............................X..O...X..O|valid=0,1,2,3,4,5,6
3

board=.................O......X......X..O...X..O|valid=0,1,2,3,4,5,6
3

board=..........X......O......X......X..O.O.X..O|valid=0,1,2,3,4,5,6
3

board=...X......X......O......X......X..O.O.XO.O|valid=0,1,2,4,5,6
4

board=...X......X......O......X......XX.O.O.XOOO|valid=0,1,2,4,5,6
4

board=...X......X......O......XX.....XX.O.OOXOOO|valid=0,1,2,4,5,6
4

board=...X......X......OX.....XX.....XX.OOOOXOOO|valid=0,1,2,4,5,6
4

board=..........................................|valid=0,1,2,3,4,5,6
3

board=...................................O..X...|valid=0,1,2,3,4,5,6
3

board=...............................X...O.OX...|valid=0,1,2,3,4,5,6
3

board=........................X.....OX...O.OX...|valid=0,1,2,3,4,5,6
3

board=..........................................|valid=0,1,2,3,4,5,6
3

board=...............................O......X...|valid=0,1,2,3,4,5,6
3

board=........................X......O......XO..|valid=0,1,2,3,4,5,6
3

board=.................X......X......O......XOO.|valid=0,1,2,3,4,5,6
3

board=..........X......X......X......OO.....XOO.|valid=0,1,2,3,4,5,6
3

board=..........................................|valid=0,1,2,3,4,5,6
3

board=....................................O.X...|valid=0,1,2,3,4,5,6
3

board=...............................X....O.XO..|valid=0,1,2,3,4,5,6
3

board=........................X......XO...O.XO..|valid=0,1,2,3,4,5,6
3

board=..........................................|valid=0,1,2,3,4,5,6
3

board=......................................X..O|valid=0,1,2,3,4,5,6
3

board=...............................X..O...X..O|valid=0,1,2,3,4,5,6
3

board=........................X..O...X..O...X..O|valid=0,1,2,3,4,5,6
3

board=..........................................|valid=0,1,2,3,4,5,6
3

board=...............................O......X...|valid=0,1,2,3,4,5,6
3

board=.................O......X......O......X...|valid=0,1,2,3,4,5,6
3

board=..........X......O......X......O......X..O|valid=0,1,2,3,4,5,6
3

board=...X......X......O......X......O...O..X..O|valid=0,1,2,4,5,6
4

board=...X......X......O......X......O...O.OXX.O|valid=0,1,2,4,5,6
4

board=...X......X......O......XO.....OX..O.OXX.O|valid=0,1,2,4,5,6
4

board=...X......X......OX.....XO.....OX.OO.OXX.O|valid=0,1,2,4,5,6
4

board=...X......XX.....OX.....XO.....OX.OOOOXX.O|valid=0,1,2,4,5,6
4

board=...XX.....XX.....OX.....XO.....OX.OOOOXXOO|valid=0,1,2,5,6
2

board=...XX.....XX.....OX.....XO...OXOX.OOOOXXOO|valid=0,1,2,5,6
2

board=...XX.....XX....OOX....XXO...OXOX.OOOOXXOO|valid=0,1,2,5,6
5

board=...XX.....XX....OOX...OXXO...OXOXXOOOOXXOO|valid=0,1,2,5,6
2

board=...XX....XXX....OOX...OXXOO..OXOXXOOOOXXOO|valid=0,1,2,5,6
5

board=...XX....XXX....OOXX..OXXOO.OOXOXXOOOOXXOO|valid=0,1,2,5,6
2

board=..XXX....XXX....OOXX..OXXOOOOOXOXXOOOOXXOO|valid=0,1,5,6
5

board=..........................................|valid=0,1,2,3,4,5,6
3

board=.....................................OX...|valid=0,1,2,3,4,5,6
3

board=..............................OX.....OX...|valid=0,1,2,3,4,5,6
3

board=........................X.....OX...O.OX...|valid=0,1,2,3,4,5,6
3

board=..........................................|valid=0,1,2,3,4,5,6
3

board=...................................O..X...|valid=0,1,2,3,4,5,6
3

board=...............................X...O..X..O|valid=0,1,2,3,4,5,6
3

board=........................X......X...OO.X..O|valid=0,1,2,3,4,5,6
3

board=..........................................|valid=0,1,2,3,4,5,6
3

board=....................................O.X...|valid=0,1,2,3,4,5,6
3

board=...............................X....OOX...|valid=0,1,2,3,4,5,6
5

board=...............................X.O..OOX.X.|valid=0,1,2,3,4,5,6
4

board=..........................O....X.O..OOXXX.|valid=0,1,2,3,4,5,6
3

board=...................O....X.O....X.O..OOXXX.|valid=0,1,2,3,4,5,6
3

board=..........................................|valid=0,1,2,3,4,5,6
3

board=....................................O.X...|valid=0,1,2,3,4,5,6
3

board=.............................O.X....O.X...|valid=0,1,2,3,4,5,6
3

board=........................X....O.X....O.X..O|valid=0,1,2,3,4,5,6
3

board=..........................................|valid=0,1,2,3,4,5,6
3

board=...............................O......X...|valid=0,1,2,3,4,5,6
3

board=........................X......O....O.X...|valid=0,1,2,3,4,5,6
3

board=.................X......X......O...OO.X...|valid=0,1,2,3,4,5,6
3

board=..........X......X......X...O..O...OO.X...|valid=0,1,2,3,4,5,6
3

board=..........................................|valid=0,1,2,3,4,5,6
3

board=......................................X..O|valid=0,1,2,3,4,5,6
3

board=...............................X...O..X..O|valid=0,1,2,3,4,5,6
3

board=........................X...O..X...O..X..O|valid=0,1,2,3,4,5,6
3

board=..........................................|valid=0,1,2,3,4,5,6
3

board=......................................X..O|valid=0,1,2,3,4,5,6
3

board=...............................X....O.X..O|valid=0,1,2,3,4,5,6
3

board=........................X......X....OOX..O|valid=0,1,2,3,4,5,6
4

board=........................X......XO...OOXX.O|valid=0,1,2,3,4,5,6
5

board=........................X......XOO..OOXXXO|valid=0,1,2,3,4,5,6
4

board=........................XX.....XOOO.OOXXXO|valid=0,1,2,3,4,5,6
5

board=........................XXX....XOOOOOOXXXO|valid=0,1,2,3,4,5,6
5

board=...................X....XXX...OXOOOOOOXXXO|valid=0,1,2,3,4,5,6
5

board=.....O......X......X....XXX...OXOOOOOOXXXO|valid=0,1,2,3,4,6
3

board=..........................................|valid=0,1,2,3,4,5,6
3

board=......................................X.O.|valid=0,1,2,3,4,5,6
3

board=...............................X...O..X.O.|valid=0,1,2,3,4,5,6
3

board=........................X......X...O.OX.O.|valid=0,1,2,3,4,5,6
3

board=..........................................|valid=0,1,2,3,4,5,6
3

board=......................................X.O.|valid=0,1,2,3,4,5,6
3

board=...............................X....O.X.O.|valid=0,1,2,3,4,5,6
3

board=........................X......X....O.X.OO|valid=0,1,2,3,4,5,6
4

board=........................X......X..O.O.XXOO|valid=0,1,2,3,4,5,6
4

board=........................XO.....XX.O.O.XXOO|valid=0,1,2,3,4,5,6
5

board=........................XO.....XXXOOO.XXOO|valid=0,1,2,3,4,5,6
5

board=........................XOX....XXXOOOOXXOO|valid=0,1,2,3,4,5,6
5

board=...................X....XOX.O..XXXOOOOXXOO|valid=0,1,2,3,4,5,6
5

board=..........................................|valid=0,1,2,3,4,5,6
3

board=......................................X.O.|valid=0,1,2,3,4,5,6
3

board=...............................X......X.OO|valid=0,1,2,3,4,5,6
3

board=........................X......X.O....X.OO|valid=0,1,2,3,4,5,6
3

board=..........................................|valid=0,1,2,3,4,5,6
3

board=......................................X..O|valid=0,1,2,3,4,5,6
3

board=...............................X......XO.O|valid=0,1,2,3,4,5,6
4

board=...............................XX..O..XO.O|valid=0,1,2,3,4,5,6
5

board=.........................O.....XX..O..XOXO|valid=0,1,2,3,4,5,6
5

board=.........................OO....XXX.O..XOXO|valid=0,1,2,3,4,5,6
3

board=...................O....XOO....XXX.O..XOXO|valid=0,1,2,3,4,5,6
5

board=............X....O.O....XOO....XXX.O..XOXO|valid=0,1,2,3,4,5,6
5

board=.....X......X....O.O....XOO....XXX.OO.XOXO|valid=0,1,2,3,4,6
4

board=.....X......X....OXO....XOO....XXXOOO.XOXO|valid=0,1,2,3,4,6
4

board=.....X.....XX....OXO....XOOO...XXXOOO.XOXO|valid=0,1,2,3,4,6
4

board=....XX.....XX....OXO....XOOO.O.XXXOOO.XOXO|valid=0,1,2,3,6
2

board=....XX....OXX....OXO....XOOO.O.XXXOOOXXOXO|valid=0,1,2,3,6
3

board=...XXX....OXX....OXO....XOOOOO.XXXOOOXXOXO|valid=0,1,2,6
2

board=..........................................|valid=0,1,2,3,4,5,6
3

board=......................................X.O.|valid=0,1,2,3,4,5,6
3

board=...............................X...O..X.O.|valid=0,1,2,3,4,5,6
3

board=........................X......X...OO.X.O.|valid=0,1,2,3,4,5,6
3

board=..........................................|valid=0,1,2,3,4,5,6
3

board=......................................X.O.|valid=0,1,2,3,4,5,6
3

board=...............................X....O.X.O.|valid=0,1,2,3,4,5,6
3

board=........................X......X....O.XOO.|valid=0,1,2,3,4,5,6
4

board=........................XO.....XX...O.XOO.|valid=0,1,2,3,4,5,6
5

board=........................XO.....XXX..O.XOOO|valid=0,1,2,3,4,5,6
4

board=..................X.....XO.....XXX..OOXOOO|valid=0,1,2,3,4,5,6
5

board=..................X.....XOX....XXXO.OOXOOO|valid=0,1,2,3,4,5,6
4

board=...........X......X.....XOXO...XXXO.OOXOOO|valid=0,1,2,3,4,5,6
3

board=..........................................|valid=0,1,2,3,4,5,6
3

board=...................................O..X...|valid=0,1,2,3,4,5,6
3

board=...............................X...O..X.O.|valid=0,1,2,3,4,5,6
3

board=........................X......X...O..X.OO|valid=0,1,2,3,4,5,6
3

board=..........................................|valid=0,1,2,3,4,5,6
3

board=....................................O.X...|valid=0,1,2,3,4,5,6
3

board=.............................O.X....O.X...|valid=0,1,2,3,4,5,6
3

board=.................O......X....O.X....O.X...|valid=0,1,2,3,4,5,6
3

board=...O......X......O......X....O.X....O.X...|valid=0,1,2,4,5,6
0

board=...O......X......O......X...OO.X...XO.X...|valid=0,1,2,4,5,6
0

board=...O......X......O...X..X...OO.X...XO.X.O.|valid=0,1,2,4,5,6
4

board=...O......X......O...X..X...OO.X...XO.XXOO|valid=0,1,2,4,5,6
4

board=...O......X...O..O...X..X...OO.XX..XO.XXOO|valid=0,1,2,4,5,6
4

board=...O......X...O..OO..X..XX..OO.XX..XO.XXOO|valid=0,1,2,4,5,6
4

board=...OO.....XX..O..OO..X..XX..OO.XX..XO.XXOO|valid=0,1,2,5,6
2

board=...OO.....XX..O..OO..X..XX..OOOXX..XOXXXOO|valid=0,1,2,5,6
5

board=...OO.....XX..O..OO..X..XX..OOOXXXOXOXXXOO|valid=0,1,2,5,6
5

board=...OO.....XX..O..OOO.X..XXX.OOOXXXOXOXXXOO|valid=0,1,2,5,6
5

board=...OOO....XXX.O..OOO.X..XXX.OOOXXXOXOXXXOO|valid=0,1,2,6
6

board=..........................................|valid=0,1,2,3,4,5,6
3

board=......................................X..O|valid=0,1,2,3,4,5,6
3

board=...............................X......XO.O|valid=0,1,2,3,4,5,6
4

board=...............................XX..O..XO.O|valid=0,1,2,3,4,5,6
5

board=...............................XX..OO.XOXO|valid=0,1,2,3,4,5,6
4

board=........................OX.....XX..OO.XOXO|valid=0,1,2,3,4,5,6
5

board=........................OX...O.XXX.OO.XOXO|valid=0,1,2,3,4,5,6
5

board=......................O.OXX..O.XXX.OO.XOXO|valid=0,1,2,3,4,5,6
5

board=..........................................|valid=0,1,2,3,4,5,6
3

board=...................................O..X...|valid=0,1,2,3,4,5,6
3

board=...............................X...O..X..O|valid=0,1,2,3,4,5,6
3

board=........................X......X...O..XO.O|valid=0,1,2,3,4,5,6
3

board=..........................................|valid=0,1,2,3,4,5,6
3

board=....................................O.X...|valid=0,1,2,3,4,5,6
3

board=.............................O.X....O.X...|valid=0,1,2,3,4,5,6
3

board=.................O......X....O.X....O.X...|valid=0,1,2,3,4,5,6
3

board=..........X......O......X....O.X....O.X..O|valid=0,1,2,3,4,5,6
3

board=...X......X......O......X....O.X....O.X.OO|valid=0,1,2,4,5,6
4

board=...X......X......O......X....O.XO...O.XXOO|valid=0,1,2,4,5,6
4

board=...X......X......O....O.XX...O.XO...O.XXOO|valid=0,1,2,4,5,6
4

board=...X......X......OX...O.XX...O.XO.O.O.XXOO|valid=0,1,2,4,5,6
4

board=...X......XX.....OX...O.XX...O.XO.OOO.XXOO|valid=0,1,2,4,5,6
4

board=..........................................|valid=0,1,2,3,4,5,6
3

board=....................................O.X...|valid=0,1,2,3,4,5,6
3

board=...............................X....OOX...|valid=0,1,2,3,4,5,6
5

board=........................O......X....OOX.X.|valid=0,1,2,3,4,5,6
4

board=........................O......X.O..OOXXX.|valid=0,1,2,3,4,5,6
3

board=.................X......O.....OX.O..OOXXX.|valid=0,1,2,3,4,5,6
5

board=.................X......O.X...OXOO..OOXXX.|valid=0,1,2,3,4,5,6
5

board=.................X.X....O.X..OOXOO..OOXXX.|valid=0,1,2,3,4,5,6
5

board=............X....X.X....O.X..OOXOO..OOXXXO|valid=0,1,2,3,4,5,6
5

board=..........................................|valid=0,1,2,3,4,5,6
3

board=......................................X..O|valid=0,1,2,3,4,5,6
3

board=...............................X......X.OO|valid=0,1,2,3,4,5,6
3

board=.................O......X......X......X.OO|valid=0,1,2,3,4,5,6
3

board=..........X......O......X......X...O..X.OO|valid=0,1,2,3,4,5,6
3

board=...X......X......O......X......X..OO..X.OO|valid=0,1,2,4,5,6
4

board=...X......X......O......X......XO.OO..XXOO|valid=0,1,2,4,5,6
4

board=...X......X......O......XX.O...XO.OO..XXOO|valid=0,1,2,4,5,6
4

board=...X......X......OX.....XX.OO..XO.OO..XXOO|valid=0,1,2,4,5,6
4

board=...X......XX.....OX.....XX.OO..XOOOO..XXOO|valid=0,1,2,4,5,6
4

board=..........................................|valid=0,1,2,3,4,5,6
3

board=...............................O......X...|valid=0,1,2,3,4,5,6
3

board=........................X......O......XO..|valid=0,1,2,3,4,5,6
3

board=.................X......X......O......XOO.|valid=0,1,2,3,4,5,6
3

board=..........X......X......X......O.....OXOO.|valid=0,1,2,3,4,5,6
3

board=..........................................|valid=0,1,2,3,4,5,6
3

board=...................................O..X...|valid=0,1,2,3,4,5,6
3

board=...............................X...OO.X...|valid=0,1,2,3,4,5,6
3

board=........................X......X...OO.XO..|valid=0,1,2,3,4,5,6
3

board=..........................................|valid=0,1,2,3,4,5,6
3

board=......................................XO..|valid=0,1,2,3,4,5,6
3

board=...............................XO.....XO..|valid=0,1,2,3,4,5,6
3

board=........................X......XO..O..XO..|valid=0,1,2,3,4,5,6
3

board=..........................................|valid=0,1,2,3,4,5,6
3

board=......................................X..O|valid=0,1,2,3,4,5,6
3

board=...............................X....O.X..O|valid=0,1,2,3,4,5,6
3

board=.................O......X......X....O.X..O|valid=0,1,2,3,4,5,6
3

board=..........X......O......X......X....O.X.OO|valid=0,1,2,3,4,5,6
3

board=...X......X......O......X......X...OO.X.OO|valid=0,1,2,4,5,6
4

board=...X......X......O......X....O.X...OO.XXOO|valid=0,1,2,4,5,6
4

board=...X......X......O......X....O.XX..OOOXXOO|valid=0,1,2,4,5,6
4

board=...X......X......O......XX...OOXX..OOOXXOO|valid=0,1,2,4,5,6
4

board=..........................................|valid=0,1,2,3,4,5,6
3

board=...................................O..X...|valid=0,1,2,3,4,5,6
3

board=........................O......X...O..X...|valid=0,1,2,3,4,5,6
3

board=.................X......O......X...O..X.O.|valid=0,1,2,3,4,5,6
3

board=..........X......X......O......X.O.O..X.O.|valid=0,1,2,3,4,5,6
3

board=...X......X......X......O......X.O.O.OX.O.|valid=0,1,2,4,5,6
4

board=...X......X......X......O.....OX.O.O.OXXO.|valid=0,1,2,4,5,6
4

board=...X......X......X......O.O...OXXO.O.OXXO.|valid=0,1,2,4,5,6
4

board=...X......X......X......OXO.O.OXXO.O.OXXO.|valid=0,1,2,4,5,6
4

board=..........................................|valid=0,1,2,3,4,5,6
3

board=......................................X.O.|valid=0,1,2,3,4,5,6
3

board=...............................X.O....X.O.|valid=0,1,2,3,4,5,6
3

board=........................X......X.O.O..X.O.|valid=0,1,2,3,4,5,6
3

board=..........................................|valid=0,1,2,3,4,5,6
3

board=......................................XO..|valid=0,1,2,3,4,5,6
3

board=...............................XO.....XO..|valid=0,1,2,3,4,5,6
3

board=........................X......XO....OXO..|valid=0,1,2,3,4,5,6
3

board=..........................................|valid=0,1,2,3,4,5,6
3

board=......................................XO..|valid=0,1,2,3,4,5,6
3

board=...............................X...O..XO..|valid=0,1,2,3,4,5,6
3

board=........................X......XO..O..XO..|valid=0,1,2,3,4,5,6
3

board=..........................................|valid=0,1,2,3,4,5,6
3

board=...................................O..X...|valid=0,1,2,3,4,5,6
3

board=...............................X...O.OX...|valid=0,1,2,3,4,5,6
3

board=........................X......X...OOOX...|valid=0,1,2,3,4,5,6
3

board=..........................................|valid=0,1,2,3,4,5,6
3

board=...................................O..X...|valid=0,1,2,3,4,5,6
3

board=............................O..X...O..X...|valid=0,1,2,3,4,5,6
3

board=........................X...O..X...O..XO..|valid=0,1,2,3,4,5,6
3

board=..........................................|valid=0,1,2,3,4,5,6
3

board=......................................X..O|valid=0,1,2,3,4,5,6
3

board=...............................X....O.X..O|valid=0,1,2,3,4,5,6
3

board=........................X......X...OO.X..O|valid=0,1,2,3,4,5,6
3

board=..........................................|valid=0,1,2,3,4,5,6
3

board=......................................X..O|valid=0,1,2,3,4,5,6
3

board=...............................X...O..X..O|valid=0,1,2,3,4,5,6
3

board=........................X......X...O.OX..O|valid=0,1,2,3,4,5,6
4

board=........................X......X...OOOXX.O|valid=0,1,2,3,4,5,6
5

board=........................X...O..X...OOOXXXO|valid=0,1,2,3,4,5,6
5

board=.................O......X...O..X.X.OOOXXXO|valid=0,1,2,3,4,5,6
5

board=.................O......X.X.O.OX.X.OOOXXXO|valid=0,1,2,3,4,5,6
4

board=..........O......O......X.X.O.OXXX.OOOXXXO|valid=0,1,2,3,4,5,6
5

board=..........................................|valid=0,1,2,3,4,5,6
3

board=......................................XO..|valid=0,1,2,3,4,5,6
3

board=...............................X...O..XO..|valid=0,1,2,3,4,5,6
3

board=........................X......X...O..XOO.|valid=0,1,2,3,4,5,6
3

board=..........................................|valid=0,1,2,3,4,5,6
3

board=......................................X.O.|valid=0,1,2,3,4,5,6
3

board=...............................X......X.OO|valid=0,1,2,3,4,5,6
3

board=........................X......X......XOOO|valid=0,1,2,3,4,5,6
3

board=..........................................|valid=0,1,2,3,4,5,6
3

board=.....................................OX...|valid=0,1,2,3,4,5,6
3

board=...............................X.....OXO..|valid=0,1,2,3,4,5,6
3

board=........................X......X...O.OXO..|valid=0,1,2,3,4,5,6
5

board=........................X......X...O.OXOXO|valid=0,1,2,3,4,5,6
5

board=........................X...O..X.X.O.OXOXO|valid=0,1,2,3,4,5,6
4

board=.................O......X...O..XXX.O.OXOXO|valid=0,1,2,3,4,5,6
5

board=.................O...O..X.X.O..XXX.O.OXOXO|valid=0,1,2,3,4,5,6
5

board=..........................................|valid=0,1,2,3,4,5,6
3

board=....................................O.X...|valid=0,1,2,3,4,5,6
3

board=...............................X...OO.X...|valid=0,1,2,3,4,5,6
3

board=........................X......X...OOOX...|valid=0,1,2,3,4,5,6
3

board=..........................................|valid=0,1,2,3,4,5,6
3

board=.....................................OX...|valid=0,1,2,3,4,5,6
3

board=...............................X....OOX...|valid=0,1,2,3,4,5,6
5

board=...............................X...OOOX.X.|valid=0,1,2,3,4,5,6
3

board=........................X......X.O.OOOX.X.|valid=0,1,2,3,4,5,6
4

board=.................O......X......X.O.OOOXXX.|valid=0,1,2,3,4,5,6
5

board=.................O......X.X.O..X.O.OOOXXX.|valid=0,1,2,3,4,5,6
3

board=..........X......O.O....X.X.O..X.O.OOOXXX.|valid=0,1,2,3,4,5,6
3

board=...X......X......O.O....X.X.OO.X.O.OOOXXX.|valid=0,1,2,4,5,6
4

board=...X......X......O.O....X.X.OO.XXO.OOOXXXO|valid=0,1,2,4,5,6
4

board=...X......X......O.O..O.XXX.OO.XXO.OOOXXXO|valid=0,1,2,4,5,6
4

board=..........................................|valid=0,1,2,3,4,5,6
3

board=......................................XO..|valid=0,1,2,3,4,5,6
3

board=...............................XO.....XO..|valid=0,1,2,3,4,5,6
3

board=........................X......XO...O.XO..|valid=0,1,2,3,4,5,6
3

board=..........................................|valid=0,1,2,3,4,5,6
3

board=......................................X.O.|valid=0,1,2,3,4,5,6
3

board=...............................X......X.OO|valid=0,1,2,3,4,5,6
3

board=........................X......X...O..X.OO|valid=0,1,2,3,4,5,6
3

board=..........................................|valid=0,1,2,3,4,5,6
3

board=....................................O.X...|valid=0,1,2,3,4,5,6
3

board=...............................X....O.XO..|valid=0,1,2,3,4,5,6
3

board=.................O......X......X....O.XO..|valid=0,1,2,3,4,5,6
3

board=..........X......O......X......X....O.XO.O|valid=0,1,2,3,4,5,6
3

board=...X......X......O......X......X....OOXO.O|valid=0,1,2,4,5,6
4

board=...X......X......O......XO.....XX...OOXO.O|valid=0,1,2,4,5,6
4

board=...X......XO.....OX.....XO.....XX...OOXO.O|valid=0,1,2,4,5,6
4

board=...XX.....XO.....OX.....XO.....XX..OOOXO.O|valid=0,1,2,5,6
5

board=...XX.....XO.....OX.....XO.....XX.OOOOXOXO|valid=0,1,2,5,6
5

board=...XX.....XO.....OX.....XO....OXXXOOOOXOXO|valid=0,1,2,5,6
5

board=...XX.....XO.....OX....OXOX...OXXXOOOOXOXO|valid=0,1,2,5,6
5

board=..........................................|valid=0,1,2,3,4,5,6
3

board=......................................XO..|valid=0,1,2,3,4,5,6
3

board=...............................X...O..XO..|valid=0,1,2,3,4,5,6
3

board=........................X......X...OO.XO..|valid=0,1,2,3,4,5,6
3

board=..........................................|valid=0,1,2,3,4,5,6
3

board=....................................O.X...|valid=0,1,2,3,4,5,6
3

board=.............................O.X....O.X...|valid=0,1,2,3,4,5,6
3

board=........................X....O.X....O.XO..|valid=0,1,2,3,4,5,6
3

board=..........................................|valid=0,1,2,3,4,5,6
3

board=....................................O.X...|valid=0,1,2,3,4,5,6
3

board=...............................X....OOX...|valid=0,1,2,3,4,5,6
5

board=...............................X....OOXOX.|valid=0,1,2,3,4,5,6
3

board=........................X......X.O..OOXOX.|valid=0,1,2,3,4,5,6
4

board=........................X......XXO..OOXOXO|valid=0,1,2,3,4,5,6
4

board=........................XX...O.XXO..OOXOXO|valid=0,1,2,3,4,5,6
4

board=..................X.....XX...OOXXO..OOXOXO|valid=0,1,2,3,4,5,6
5

board=...........O......X.....XXX..OOXXO..OOXOXO|valid=0,1,2,3,4,5,6
3

board=..........................................|valid=0,1,2,3,4,5,6
3

board=....................................O.X...|valid=0,1,2,3,4,5,6
3

board=.............................O.X....O.X...|valid=0,1,2,3,4,5,6
3

board=........................X....O.X....OOX...|valid=0,1,2,3,4,5,6
3

board=..........................................|valid=0,1,2,3,4,5,6
3

board=......................................XO..|valid=0,1,2,3,4,5,6
3

board=...............................XO.....XO..|valid=0,1,2,3,4,5,6
3

board=.................O......X......XO.....XO..|valid=0,1,2,3,4,5,6
4

board=.................O......XX.....XO..O..XO..|valid=0,1,2,3,4,5,6
5

board=.................O......XX..O..XO..O..XOX.|valid=0,1,2,3,4,5,6
5

board=.................OO.....XX..O..XOX.O..XOX.|valid=0,1,2,3,4,5,6
5

board=...........O.....OO.....XXX.O..XOX.O..XOX.|valid=0,1,2,3,4,5,6
3

board=....O.....XO.....OO.....XXX.O..XOX.O..XOX.|valid=0,1,2,3,5,6
3

board=...XO.....XO.....OO.....XXX.O..XOX.OO.XOX.|valid=0,1,2,5,6
6

board=...XO.....XO.....OO..O..XXX.O..XOX.OO.XOXX|valid=0,1,2,5,6
5

board=..........................................|valid=0,1,2,3,4,5,6
3

board=.....................................OX...|valid=0,1,2,3,4,5,6
3

board=...............................X....OOX...|valid=0,1,2,3,4,5,6
5

board=........................O......X....OOX.X.|valid=0,1,2,3,4,5,6
4

board=.................O......O......X....OOXXX.|valid=0,1,2,3,4,5,6
5

board=.................O......O.O....X.X..OOXXX.|valid=0,1,2,3,4,5,6
5

board=.................O.X....O.O....X.X..OOXXXO|valid=0,1,2,3,4,5,6
4

board=.................O.X....O.O....XXX.OOOXXXO|valid=0,1,2,3,4,5,6
5

board=............X....O.X....O.O....XXXOOOOXXXO|valid=0,1,2,3,4,5,6
4

board=............X....O.X....OXO.O..XXXOOOOXXXO|valid=0,1,2,3,4,5,6
5

board=.....X......X....O.X.O..OXO.O..XXXOOOOXXXO|valid=0,1,2,3,4,6
4

board=..........................................|valid=0,1,2,3,4,5,6
3

board=......................................X.O.|valid=0,1,2,3,4,5,6
3

board=...............................X......XOO.|valid=0,1,2,3,4,5,6
4

board=.........................O.....XX.....XOO.|valid=0,1,2,3,4,5,6
5

board=.........................O.....XXX...OXOO.|valid=0,1,2,3,4,5,6
3

board=........................XO....OXXX...OXOO.|valid=0,1,2,3,4,5,6
5

board=........................XOX...OXXX.O.OXOO.|valid=0,1,2,3,4,5,6
3

board=..........................................|valid=0,1,2,3,4,5,6
3

board=......................................XO..|valid=0,1,2,3,4,5,6
3

board=...............................XO.....XO..|valid=0,1,2,3,4,5,6
3

board=.................O......X......XO.....XO..|valid=0,1,2,3,4,5,6
4

board=.................O......XX.....XO.....XOO.|valid=0,1,2,3,4,5,6
3

board=..........X......O......XX.....XO...O.XOO.|valid=0,1,2,3,4,5,6
3

board=...X......X......O......XX.....XO...O.XOOO|valid=0,1,2,4,5,6
4

board=...X......X......OX.....XX.....XO...OOXOOO|valid=0,1,2,4,5,6
4

board=...X......XX.....OX.....XX.....XOO..OOXOOO|valid=0,1,2,4,5,6
4

board=..........................................|valid=0,1,2,3,4,5,6
3

board=.....................................OX...|valid=0,1,2,3,4,5,6
3

board=...............................X.....OX.O.|valid=0,1,2,3,4,5,6
3

board=........................X.....OX.....OX.O.|valid=0,1,2,3,4,5,6
3

board=..........................................|valid=0,1,2,3,4,5,6
3

board=......................................X..O|valid=0,1,2,3,4,5,6
3

board=...............................X...O..X..O|valid=0,1,2,3,4,5,6
3

board=........................X...O..X...O..X..O|valid=0,1,2,3,4,5,6
3

board=..........................................|valid=0,1,2,3,4,5,6
3

board=....................................O.X...|valid=0,1,2,3,4,5,6
3

board=.............................O.X....O.X...|valid=0,1,2,3,4,5,6
3

board=......................O.X....O.X....O.X...|valid=0,1,2,3,4,5,6
3

board=..........................................|valid=0,1,2,3,4,5,6
3

board=...................................O..X...|valid=0,1,2,3,4,5,6
3

board=...............................X...O..XO..|valid=0,1,2,3,4,5,6
3

board=........................X...O..X...O..XO..|valid=0,1,2,3,4,5,6
3

board=..........................................|valid=0,1,2,3,4,5,6
3

board=......................................X..O|valid=0,1,2,3,4,5,6
3

board=...............................X...O..X..O|valid=0,1,2,3,4,5,6
3

board=........................X...O..X...O..X..O|valid=0,1,2,3,4,5,6
3

board=..........................................|valid=0,1,2,3,4,5,6
3

board=....................................O.X...|valid=0,1,2,3,4,5,6
3

board=...............................X....OOX...|valid=0,1,2,3,4,5,6
5

board=...............................X....OOX.XO|valid=0,1,2,3,4,5,6
4

board=...............................XO...OOXXXO|valid=0,1,2,3,4,5,6
5

board=.........................O.....XOX..OOXXXO|valid=0,1,2,3,4,5,6
5

board=.........................OX....XOX.OOOXXXO|valid=0,1,2,3,4,5,6
5

board=..........................................|valid=0,1,2,3,4,5,6
3

board=.....................................OX...|valid=0,1,2,3,4,5,6
3

board=..............................OX.....OX...|valid=0,1,2,3,4,5,6
3

board=........................X.....OX....OOX...|valid=0,1,2,3,4,5,6
3

board=..........................................|valid=0,1,2,3,4,5,6
3

board=...............................O......X...|valid=0,1,2,3,4,5,6
3

board=........................X......O......XO..|valid=0,1,2,3,4,5,6
3

board=.................X......X......OO.....XO..|valid=0,1,2,3,4,5,6
3

board=...O......X......X......X......OO.....XO..|valid=0,1,2,4,5,6
0

board=...O......X......X......X......OO..XO.XO..|valid=0,1,2,4,5,6
0

board=...O......X......X......X...X..OO..XO.XOO.|valid=0,1,2,4,5,6
4

board=...O......X......XO.....XX..X..OO..XO.XOO.|valid=0,1,2,4,5,6
4

board=...O......XX.....XO..O..XX..X..OO..XO.XOO.|valid=0,1,2,4,5,6
4

board=...OX.....XX.....XO..O..XX..X..OOO.XO.XOO.|valid=0,1,2,5,6
5

board=...OX.....XX.....XO..O..XXX.X..OOO.XO.XOOO|valid=0,1,2,5,6
5

board=...OX.....XXO....XOX.O..XXX.X..OOO.XO.XOOO|valid=0,1,2,5,6
6

board=...OX.....XXO.O..XOX.O..XXX.X..OOOXXO.XOOO|valid=0,1,2,5,6
6

board=..........................................|valid=0,1,2,3,4,5,6
3

board=....................................O.X...|valid=0,1,2,3,4,5,6
3

board=...............................X...OO.X...|valid=0,1,2,3,4,5,6
3

board=.................O......X......X...OO.X...|valid=0,1,2,3,4,5,6
3

board=..........X......O......X......X...OO.XO..|valid=0,1,2,3,4,5,6
3

board=...X......X......O......X......X...OOOXO..|valid=0,1,2,4,5,6
4

board=...X......X......O......X.....OXX..OOOXO..|valid=0,1,2,4,5,6
4

board=...X......X......O......XX....OXX..OOOXOO.|valid=0,1,2,4,5,6
4

board=...X......X......OX....OXX....OXX..OOOXOO.|valid=0,1,2,4,5,6
4

board=..........................................|valid=0,1,2,3,4,5,6
3

board=......................................XO..|valid=0,1,2,3,4,5,6
3

board=........................O......X......XO..|valid=0,1,2,3,4,5,6
3

board=.................X......O......X....O.XO..|valid=0,1,2,3,4,5,6
3

board=..........X......X......O......X....O.XOO.|valid=0,1,2,3,4,5,6
3

board=...X......X......X......O......X....O.XOOO|valid=0,1,2,4,5,6
4

board=...X......X......X......O......XXO..O.XOOO|valid=0,1,2,4,5,6
4

board=...X......X......X......OX.....XXOO.O.XOOO|valid=0,1,2,4,5,6
4

board=...X......X......XX.....OX.....XXOOOO.XOOO|valid=0,1,2,4,5,6
4

board=..........................................|valid=0,1,2,3,4,5,6
3

board=......................................X..O|valid=0,1,2,3,4,5,6
3

board=...............................X..O...X..O|valid=0,1,2,3,4,5,6
3

board=.................O......X......X..O...X..O|valid=0,1,2,3,4,5,6
3

board=...O......X......O......X......X..O...X..O|valid=0,1,2,4,5,6
0

board=...O......X......O......X......X..OX..X.OO|valid=0,1,2,4,5,6
4

board=...O......X......O......X......X.OOX..XXOO|valid=0,1,2,4,5,6
4

board=...O......X......O......X......XXOOXO.XXOO|valid=0,1,2,4,5,6
4

board=...O......X......O......XXO....XXOOXO.XXOO|valid=0,1,2,4,5,6
4

board=..........................................|valid=0,1,2,3,4,5,6
3

board=....................................O.X...|valid=0,1,2,3,4,5,6
3

board=.............................O.X....O.X...|valid=0,1,2,3,4,5,6
3

board=........................X....O.X....O.XO..|valid=0,1,2,3,4,5,6
3

board=..........................................|valid=0,1,2,3,4,5,6
3

board=......................................XO..|valid=0,1,2,3,4,5,6
3

board=...............................X...O..XO..|valid=0,1,2,3,4,5,6
3

board=........................X......X...O..XO.O|valid=0,1,2,3,4,5,6
3

board=..........................................|valid=0,1,2,3,4,5,6
3

board=.....................................OX...|valid=0,1,2,3,4,5,6
3

board=...............................X.....OX.O.|valid=0,1,2,3,4,5,6
3

board=........................X.....OX.....OX.O.|valid=0,1,2,3,4,5,6
3

board=..........................................|valid=0,1,2,3,4,5,6
3

board=....................................O.X...|valid=0,1,2,3,4,5,6
3

board=........................O......X....O.X...|valid=0,1,2,3,4,5,6
3

board=.................X......O......X....OOX...|valid=0,1,2,3,4,5,6
3

board=..........X......X......O......X....OOX.O.|valid=0,1,2,3,4,5,6
3

board=...X......X......X......O......X.O..OOX.O.|valid=0,1,2,4,5,6
4

board=...X......X......X......O.O....X.O..OOXXO.|valid=0,1,2,4,5,6
4

board=...X......X......X......O.O..O.XXO..OOXXO.|valid=0,1,2,4,5,6
4

board=...X......X......X......OXO..O.XXO.OOOXXO.|valid=0,1,2,4,5,6
4

board=..........................................|valid=0,1,2,3,4,5,6
3

board=.....................................OX...|valid=0,1,2,3,4,5,6
3

board=..............................OX.....OX...|valid=0,1,2,3,4,5,6
3

board=........................X.....OX.....OX..O|valid=0,1,2,3,4,5,6
3

board=..........................................|valid=0,1,2,3,4,5,6
3

board=...................................O..X...|valid=0,1,2,3,4,5,6
3

board=...............................X...O..X..O|valid=0,1,2,3,4,5,6
3

board=........................X...O..X...O..X..O|valid=0,1,2,3,4,5,6
3

board=..........................................|valid=0,1,2,3,4,5,6
3

board=...............................O......X...|valid=0,1,2,3,4,5,6
3

board=........................X......O.....OX...|valid=0,1,2,3,4,5,6
3

board=.................X......X.....OO.....OX...|valid=0,1,2,3,4,5,6
4

board=..........O......X......X.....OO.....OXX..|valid=0,1,2,3,4,5,6
5

board=..........O......X......X.....OO.....OXXXO|valid=0,1,2,3,4,5,6
5

board=..........O......X......X.....OOOX...OXXXO|valid=0,1,2,3,4,5,6
5

board=..........O......X......XOX...OOOX...OXXXO|valid=0,1,2,3,4,5,6
5

board=..........................................|valid=0,1,2,3,4,5,6
3

board=....................................O.X...|valid=0,1,2,3,4,5,6
3

board=.............................O.X....O.X...|valid=0,1,2,3,4,5,6
3

board=......................O.X....O.X....O.X...|valid=0,1,2,3,4,5,6
3

board=..........................................|valid=0,1,2,3,4,5,6
3

board=......................................XO..|valid=0,1,2,3,4,5,6
3

board=...............................XO.....XO..|valid=0,1,2,3,4,5,6
3

board=........................X......XO.....XOO.|valid=0,1,2,3,4,5,6
3

board=..........................................|valid=0,1,2,3,4,5,6
3

board=....................................O.X...|valid=0,1,2,3,4,5,6
3

board=........................O......X....O.X...|valid=0,1,2,3,4,5,6
3

board=.................X......O......X....O.X.O.|valid=0,1,2,3,4,5,6
3

board=...O......X......X......O......X....O.X.O.|valid=0,1,2,4,5,6
0

board=...O......X......X......O......X.O.XO.X.O.|valid=0,1,2,4,5,6
4

board=...O......X......X......O......X.O.XO.XXOO|valid=0,1,2,4,5,6
4

board=...O......X......X......O.O....XXO.XO.XXOO|valid=0,1,2,4,5,6
4

board=...O......X......X......OXO.O..XXO.XO.XXOO|valid=0,1,2,4,5,6
4

board=..........................................|valid=0,1,2,3,4,5,6
3

board=......................................XO..|valid=0,1,2,3,4,5,6
3

board=...............................X...O..XO..|valid=0,1,2,3,4,5,6
3

board=.................O......X......X...O..XO..|valid=0,1,2,3,4,5,6
3

board=..........X......O......X......X...O..XO.O|valid=0,1,2,3,4,5,6
3

board=...X......X......O......X......X..OO..XO.O|valid=0,1,2,4,5,6
4

board=...X......X......O......X......XX.OOO.XO.O|valid=0,1,2,4,5,6
4

board=...X......X......O......XX..O..XX.OOO.XO.O|valid=0,1,2,4,5,6
4

board=...X......X......OX.....XX..O..XX.OOO.XOOO|valid=0,1,2,4,5,6
4

board=..........................................|valid=0,1,2,3,4,5,6
3

board=.....................................OX...|valid=0,1,2,3,4,5,6
3

board=...............................X....OOX...|valid=0,1,2,3,4,5,6
5

board=...............................X....OOXOX.|valid=0,1,2,3,4,5,6
3

board=........................X....O.X....OOXOX.|valid=0,1,2,3,4,5,6
4

board=........................X....O.XX..OOOXOX.|valid=0,1,2,3,4,5,6
4

board=........................XX...O.XX..OOOXOXO|valid=0,1,2,3,4,5,6
4

board=...........O......X.....XX...O.XX..OOOXOXO|valid=0,1,2,3,4,5,6
3

board=..........................................|valid=0,1,2,3,4,5,6
3

board=......................................X..O|valid=0,1,2,3,4,5,6
3

board=...............................X...O..X..O|valid=0,1,2,3,4,5,6
3

board=........................X......X..OO..X..O|valid=0,1,2,3,4,5,6
3

board=..........................................|valid=0,1,2,3,4,5,6
3

board=......................................X.O.|valid=0,1,2,3,4,5,6
3

board=........................O......X......X.O.|valid=0,1,2,3,4,5,6
3

board=.................X......O......X......X.OO|valid=0,1,2,3,4,5,6
3

board=..........X......X......O......X.O....X.OO|valid=0,1,2,3,4,5,6
3

board=...X......X......X......O......X.O...OX.OO|valid=0,1,2,4,5,6
4

board=...X......X......X......O......XOO...OXXOO|valid=0,1,2,4,5,6
4

board=...X......X......X......OX.....XOO..OOXXOO|valid=0,1,2,4,5,6
4

board=...X......X......XX.....OX....OXOO..OOXXOO|valid=0,1,2,4,5,6
4

board=...X......XX.....XX....OOX....OXOO..OOXXOO|valid=0,1,2,4,5,6
4

board=..........................................|valid=0,1,2,3,4,5,6
3

board=......................................X.O.|valid=0,1,2,3,4,5,6
3

board=...............................X.O....X.O.|valid=0,1,2,3,4,5,6
3

board=........................X......X.O.O..X.O.|valid=0,1,2,3,4,5,6
3

board=..........................................|valid=0,1,2,3,4,5,6
3

board=......................................X.O.|valid=0,1,2,3,4,5,6
3

board=........................O......X......X.O.|valid=0,1,2,3,4,5,6
3

board=.................X......O......X....O.X.O.|valid=0,1,2,3,4,5,6
3

board=..........X......X......O......X....O.X.OO|valid=0,1,2,3,4,5,6
3

board=...X......X......X......O......X.O..O.X.OO|valid=0,1,2,4,5,6
4

board=...X......X......X......O......XOO..O.XXOO|valid=0,1,2,4,5,6
4

board=...X......X......X......OX.....XOO.OO.XXOO|valid=0,1,2,4,5,6
4

board=...X......X......XX.....OX..O..XOO.OO.XXOO|valid=0,1,2,4,5,6
4

board=...XO.....XX.....XX.....OX..O..XOO.OO.XXOO|valid=0,1,2,5,6
5

board=...XO.....XX.....XXO....OXX.O..XOO.OO.XXOO|valid=0,1,2,5,6
2

board=...XO.....XX.....XXO....OXX.OO.XOO.OOXXXOO|valid=0,1,2,5,6
2

board=...XO.....XX.....XXO.O..OXX.OOXXOO.OOXXXOO|valid=0,1,2,5,6
5

board=...XO.....XXX....XXO.O..OXX.OOXXOOOOOXXXOO|valid=0,1,2,5,6
6

board=...XOO....XXX....XXO.O..OXXXOOXXOOOOOXXXOO|valid=0,1,2,6
6

board=...XOO....XXX....XXOXOO.OXXXOOXXOOOOOXXXOO|valid=0,1,2,6
6

board=..........................................|valid=0,1,2,3,4,5,6
3

board=....................................O.X...|valid=0,1,2,3,4,5,6
3

board=...............................X....O.XO..|valid=0,1,2,3,4,5,6
3

board=........................X......XO...O.XO..|valid=0,1,2,3,4,5,6
3

board=..........................................|valid=0,1,2,3,4,5,6
3

board=......................................X..O|valid=0,1,2,3,4,5,6
3

board=...............................X..O...X..O|valid=0,1,2,3,4,5,6
3

board=........................X......X..O.O.X..O|valid=0,1,2,3,4,5,6
3

board=..........................................|valid=0,1,2,3,4,5,6
3

board=.....................................OX...|valid=0,1,2,3,4,5,6
3

board=...............................X.....OXO..|valid=0,1,2,3,4,5,6
3

board=.................O......X......X.....OXO..|valid=0,1,2,3,4,5,6
3

board=...O......X......O......X......X.....OXO..|valid=0,1,2,4,5,6
0

board=...O......X......O......X......X...X.OXOO.|valid=0,1,2,4,5,6
4

board=...O......X......O......X......XX..X.OXOOO|valid=0,1,2,4,5,6
4

board=...O......X......OO.....XX.....XX..X.OXOOO|valid=0,1,2,4,5,6
4

board=...OO.....XX.....OO.....XX.....XX..X.OXOOO|valid=0,1,2,5,6
6

board=...OO.....XX.....OO.....XX....OXX.XX.OXOOO|valid=0,1,2,5,6
5

board=..........................................|valid=0,1,2,3,4,5,6
3

board=...............................O......X...|valid=0,1,2,3,4,5,6
3

board=........................X......O......X.O.|valid=0,1,2,3,4,5,6
3

board=.................X......X......O.....OX.O.|valid=0,1,2,3,4,5,6
3

board=..........X......X......X......O.O...OX.O.|valid=0,1,2,3,4,5,6
3

board=..........................................|valid=0,1,2,3,4,5,6
3

board=......................................X.O.|valid=0,1,2,3,4,5,6
3

board=...............................X...O..X.O.|valid=0,1,2,3,4,5,6
3

board=........................X......X...O..XOO.|valid=0,1,2,3,4,5,6
3

board=..........................................|valid=0,1,2,3,4,5,6
3

board=......................................X.O.|valid=0,1,2,3,4,5,6
3

board=...............................X.O....X.O.|valid=0,1,2,3,4,5,6
3

board=........................X......X.O..O.X.O.|valid=0,1,2,3,4,5,6
3

board=..........................................|valid=0,1,2,3,4,5,6
3

board=.....................................OX...|valid=0,1,2,3,4,5,6
3

board=...............................X.....OXO..|valid=0,1,2,3,4,5,6
3

board=........................X......XO....OXO..|valid=0,1,2,3,4,5,6
3

board=..........................................|valid=0,1,2,3,4,5,6
3

board=......................................XO..|valid=0,1,2,3,4,5,6
3

board=...............................X.....OXO..|valid=0,1,2,3,4,5,6
3

board=........................X.....OX.....OXO..|valid=0,1,2,3,4,5,6
3

board=..........................................|valid=0,1,2,3,4,5,6
3

board=...................................O..X...|valid=0,1,2,3,4,5,6
3

board=...............................X...O..XO..|valid=0,1,2,3,4,5,6
3

board=........................X......X...O..XOO.|valid=0,1,2,3,4,5,6
3

board=..........................................|valid=0,1,2,3,4,5,6
3

board=......................................X.O.|valid=0,1,2,3,4,5,6
3

board=...............................X....O.X.O.|valid=0,1,2,3,4,5,6
3

board=........................X......X...OO.X.O.|valid=0,1,2,3,4,5,6
3

board=..........................................|valid=0,1,2,3,4,5,6
3

board=...............................O......X...|valid=0,1,2,3,4,5,6
3

board=........................X......O......X..O|valid=0,1,2,3,4,5,6
3

board=.................X......X......O...O..X..O|valid=0,1,2,3,4,5,6
3

board=..........X......X......X......O...O..XO.O|valid=0,1,2,3,4,5,6
3

board=..........................................|valid=0,1,2,3,4,5,6
3

board=......................................XO..|valid=0,1,2,3,4,5,6
3

board=...............................X......XO.O|valid=0,1,2,3,4,5,6
4

board=........................O......XX.....XO.O|valid=0,1,2,3,4,5,6
3

board=.................X......O......XX.....XOOO|valid=0,1,2,3,4,5,6
4

board=.................X......OX.....XX..O..XOOO|valid=0,1,2,3,4,5,6
4

board=.................XX.....OX.....XXO.O..XOOO|valid=0,1,2,3,4,5,6
4

board=..........................................|valid=0,1,2,3,4,5,6
3

board=....................................O.X...|valid=0,1,2,3,4,5,6
3

board=...............................X...OO.X...|valid=0,1,2,3,4,5,6
3

board=........................X....O.X...OO.X...|valid=0,1,2,3,4,5,6
3

board=..........................................|valid=0,1,2,3,4,5,6
3

board=......................................X.O.|valid=0,1,2,3,4,5,6
3

board=........................O......X......X.O.|valid=0,1,2,3,4,5,6
3

board=.................X......O......X.....OX.O.|valid=0,1,2,3,4,5,6
3

board=...O......X......X......O......X.....OX.O.|valid=0,1,2,4,5,6
0

board=...O......X......X......O......X.O.X.OX.O.|valid=0,1,2,4,5,6
4

board=...O......X......X......O...O..X.O.X.OXXO.|valid=0,1,2,4,5,6
4

board=...O......X......X......O...O..XXO.XOOXXO.|valid=0,1,2,4,5,6
4

board=...O......X......X......OXO.O..XXO.XOOXXO.|valid=0,1,2,4,5,6
4

board=..........................................|valid=0,1,2,3,4,5,6
3

board=....................................O.X...|valid=0,1,2,3,4,5,6
3

board=...............................X....O.XO..|valid=0,1,2,3,4,5,6
3

board=........................X......X....O.XO.O|valid=0,1,2,3,4,5,6
3

board=..........................................|valid=0,1,2,3,4,5,6
3

board=...............................O......X...|valid=0,1,2,3,4,5,6
3

board=........................X......O......X.O.|valid=0,1,2,3,4,5,6
3

board=.................X......X......O......XOO.|valid=0,1,2,3,4,5,6
3

board=...O......X......X......X......O......XOO.|valid=0,1,2,4,5,6
0

board=...O......X......X......X......O...XO.XOO.|valid=0,1,2,4,5,6
4

board=...O......X......X......X......OX..XOOXOO.|valid=0,1,2,4,5,6
4

board=...O......X......X......XX..O..OX..XOOXOO.|valid=0,1,2,4,5,6
4

board=...O......X......XX.....XX..O.OOX..XOOXOO.|valid=0,1,2,4,5,6
4

board=..........................................|valid=0,1,2,3,4,5,6
3

board=......................................X..O|valid=0,1,2,3,4,5,6
3

board=...............................X...O..X..O|valid=0,1,2,3,4,5,6
3

board=.................O......X......X...O..X..O|valid=0,1,2,3,4,5,6
3

board=..........X......O......X......X...OO.X..O|valid=0,1,2,3,4,5,6
3

board=...X......X......O......X...O..X...OO.X..O|valid=0,1,2,4,5,6
4

board=...X......X......O......X...O..XO..OO.XX.O|valid=0,1,2,4,5,6
4

board=...X......X......O......XX..O..XO..OOOXX.O|valid=0,1,2,4,5,6
5

board=...X......X......O...O..XX..O..XO..OOOXXXO|valid=0,1,2,4,5,6
4

board=...X......X......OX..O..XX..OO.XO..OOOXXXO|valid=0,1,2,4,5,6
4

board=...X......XX.....OX..O..XX..OO.XO.OOOOXXXO|valid=0,1,2,4,5,6
4

board=..........................................|valid=0,1,2,3,4,5,6
3

board=.....................................OX...|valid=0,1,2,3,4,5,6
3

board=...............................X.....OX..O|valid=0,1,2,3,4,5,6
3

board=........................X......X.....OXO.O|valid=0,1,2,3,4,5,6
3

board=..........................................|valid=0,1,2,3,4,5,6
3

board=....................................O.X...|valid=0,1,2,3,4,5,6
3

board=.............................O.X....O.X...|valid=0,1,2,3,4,5,6
3

board=........................X....O.X....OOX...|valid=0,1,2,3,4,5,6
3

board=..........................................|valid=0,1,2,3,4,5,6
3

board=...................................O..X...|valid=0,1,2,3,4,5,6
3

board=...............................X...O..X..O|valid=0,1,2,3,4,5,6
3

board=........................X......X...O.OX..O|valid=0,1,2,3,4,5,6
4

board=........................X.....OX...O.OXX.O|valid=0,1,2,3,4,5,6
5

board=........................X.....OX..OO.OXXXO|valid=0,1,2,3,4,5,6
3

board=..........................................|valid=0,1,2,3,4,5,6
3

board=...............................O......X...|valid=0,1,2,3,4,5,6
3

board=........................X......O....O.X...|valid=0,1,2,3,4,5,6
3

board=.................X......X......O...OO.X...|valid=0,1,2,3,4,5,6
3

board=..........X......X......X......O...OO.X..O|valid=0,1,2,3,4,5,6
3

board=..........................................|valid=0,1,2,3,4,5,6
3

board=....................................O.X...|valid=0,1,2,3,4,5,6
3

board=...............................X....O.X.O.|valid=0,1,2,3,4,5,6
3

board=........................X......X....O.X.OO|valid=0,1,2,3,4,5,6
4

board=........................X......X...OO.XXOO|valid=0,1,2,3,4,5,6
4

board=.................O......X......XX..OO.XXOO|valid=0,1,2,3,4,5,6
4

board=.................OO.....XX.....XX..OO.XXOO|valid=0,1,2,3,4,5,6
3

board=..........X......OO.....XX..O..XX..OO.XXOO|valid=0,1,2,3,4,5,6
5

board=..........X......OO.....XXO.O..XXX.OO.XXOO|valid=0,1,2,3,4,5,6
4

board=..........XX.....OOO....XXO.O..XXX.OO.XXOO|valid=0,1,2,3,4,5,6
4

board=....X.....XXO....OOO....XXO.O..XXX.OO.XXOO|valid=0,1,2,3,5,6
3

board=...XX.....XXO....OOO.O..XXO.O..XXX.OO.XXOO|valid=0,1,2,5,6
2

board=...XX.....XXO....OOO.O..XXO.O..XXXOOOXXXOO|valid=0,1,2,5,6
2

board=..........................................|valid=0,1,2,3,4,5,6
3

board=.....................................OX...|valid=0,1,2,3,4,5,6
3

board=...............................X...O.OX...|valid=0,1,2,3,4,5,6
3

board=........................X......X...OOOX...|valid=0,1,2,3,4,5,6
3

board=..........................................|valid=0,1,2,3,4,5,6
3

board=.....................................OX...|valid=0,1,2,3,4,5,6
3

board=...............................X.....OX.O.|valid=0,1,2,3,4,5,6
3

board=........................X......X.O...OX.O.|valid=0,1,2,3,4,5,6
3

board=..........................................|valid=0,1,2,3,4,5,6
3

board=.....................................OX...|valid=0,1,2,3,4,5,6
3

board=...............................X.....OX..O|valid=0,1,2,3,4,5,6
3

board=........................X......X.....OXO.O|valid=0,1,2,3,4,5,6
3

board=..........................................|valid=0,1,2,3,4,5,6
3

board=.....................................OX...|valid=0,1,2,3,4,5,6
3

board=...............................X.....OXO..|valid=0,1,2,3,4,5,6
3

board=........................X......XO....OXO..|valid=0,1,2,3,4,5,6
3

board=..........................................|valid=0,1,2,3,4,5,6
3

board=....................................O.X...|valid=0,1,2,3,4,5,6
3

board=...............................X....O.X..O|valid=0,1,2,3,4,5,6
3

board=........................X....O.X....O.X..O|valid=0,1,2,3,4,5,6
3

board=..........................................|valid=0,1,2,3,4,5,6
3

board=......................................XO..|valid=0,1,2,3,4,5,6
3

board=...............................X....O.XO..|valid=0,1,2,3,4,5,6
3

board=........................X......X....OOXO..|valid=0,1,2,3,4,5,6
5

board=........................X......X.O..OOXOX.|valid=0,1,2,3,4,5,6
4

board=........................X.....OXXO..OOXOX.|valid=0,1,2,3,4,5,6
4

board=........................XX...OOXXO..OOXOX.|valid=0,1,2,3,4,5,6
3

board=..........................................|valid=0,1,2,3,4,5,6
3

board=......................................X.O.|valid=0,1,2,3,4,5,6
3

board=...............................X......XOO.|valid=0,1,2,3,4,5,6
4

board=...............................XX...O.XOO.|valid=0,1,2,3,4,5,6
3

board=.................O......X......XX...O.XOO.|valid=0,1,2,3,4,5,6
4

board=.................O......XX.....XXO..O.XOO.|valid=0,1,2,3,4,5,6
3

board=..........X......O......XX.....XXO.OO.XOO.|valid=0,1,2,3,4,5,6
4

board=...O......X......OX.....XX.....XXO.OO.XOO.|valid=0,1,2,4,5,6
4

board=..........................................|valid=0,1,2,3,4,5,6
3

board=.....................................OX...|valid=0,1,2,3,4,5,6
3

board=...............................X.....OX.O.|valid=0,1,2,3,4,5,6
3

board=........................X......X.O...OX.O.|valid=0,1,2,3,4,5,6
3

board=..........................................|valid=0,1,2,3,4,5,6
3

board=...................................O..X...|valid=0,1,2,3,4,5,6
3

board=...............................X...O..X..O|valid=0,1,2,3,4,5,6
3

board=.................O......X......X...O..X..O|valid=0,1,2,3,4,5,6
3

board=..........X......O......X......X...O.OX..O|valid=0,1,2,3,4,5,6
3

board=...X......X......O......X...O..X...O.OX..O|valid=0,1,2,4,5,6
4

board=...X......X......O......X...O..X...O.OXXOO|valid=0,1,2,4,5,6
4

board=...X......X......O...O..X...O..XX..O.OXXOO|valid=0,1,2,4,5,6
4

board=...X......X......O...O..XX..O..XX..OOOXXOO|valid=0,1,2,4,5,6
4

board=..........................................|valid=0,1,2,3,4,5,6
3

board=......................................XO..|valid=0,1,2,3,4,5,6
3

board=........................O......X......XO..|valid=0,1,2,3,4,5,6
3

board=.................X......O......X......XOO.|valid=0,1,2,3,4,5,6
3

board=..........X......X......O......XO.....XOO.|valid=0,1,2,3,4,5,6
3

board=...X......X......X......O......XO....OXOO.|valid=0,1,2,4,5,6
4

board=...X......X......X......OX.....XO..O.OXOO.|valid=0,1,2,4,5,6
4

board=...X......X......XX.....OX.....XOO.O.OXOO.|valid=0,1,2,4,5,6
4

board=...XO.....XX.....XX.....OX.....XOO.O.OXOO.|valid=0,1,2,5,6
5

board=...XO.....XX.....XX.....OXX....XOO.O.OXOOO|valid=0,1,2,5,6
6

board=..........................................|valid=0,1,2,3,4,5,6
3

board=....................................O.X...|valid=0,1,2,3,4,5,6
3

board=........................O......X....O.X...|valid=0,1,2,3,4,5,6
3

board=.................X......O......X....OOX...|valid=0,1,2,3,4,5,6
3

board=..........X......X......O......X...OOOX...|valid=0,1,2,3,4,5,6
3

board=...X......X......X......O......X...OOOX..O|valid=0,1,2,4,5,6
0

board=...X......X......X......O...X.OX...OOOX..O|valid=0,1,2,4,5,6
4

board=...X......X......X......O...XOOX...OOOXX.O|valid=0,1,2,4,5,6
4

board=...X......X......X.....OO...XOOXX..OOOXX.O|valid=0,1,2,4,5,6
4

board=...X......X......X.....OOX..XOOXX..OOOXXOO|valid=0,1,2,4,5,6
4

board=..........................................|valid=0,1,2,3,4,5,6
3

board=......................................X.O.|valid=0,1,2,3,4,5,6
3

board=...............................X...O..X.O.|valid=0,1,2,3,4,5,6
3

board=........................X......X...O.OX.O.|valid=0,1,2,3,4,5,6
3

board=..........................................|valid=0,1,2,3,4,5,6
3

board=......................................X.O.|valid=0,1,2,3,4,5,6
3

board=...............................X......X.OO|valid=0,1,2,3,4,5,6
3

board=........................X......X.....OX.OO|valid=0,1,2,3,4,5,6
4

board=........................X......X....OOXXOO|valid=0,1,2,3,4,5,6
4

board=........................X.....OXX...OOXXOO|valid=0,1,2,3,4,5,6
4

board=........................XX...OOXX...OOXXOO|valid=0,1,2,3,4,5,6
5

board=..................O.....XX...OOXXX..OOXXOO|valid=0,1,2,3,4,5,6
5

board=..................OO....XXX..OOXXX..OOXXOO|valid=0,1,2,3,4,5,6
3

board=..........................................|valid=0,1,2,3,4,5,6
3

board=......................................X..O|valid=0,1,2,3,4,5,6
3

board=...............................X..O...X..O|valid=0,1,2,3,4,5,6
3

board=........................X......X..O.O.X..O|valid=0,1,2,3,4,5,6
3

board=..........................................|valid=0,1,2,3,4,5,6
3

board=...............................O......X...|valid=0,1,2,3,4,5,6
3

board=........................X......O......X.O.|valid=0,1,2,3,4,5,6
3

board=.................X......X......O....O.X.O.|valid=0,1,2,3,4,5,6
3

board=...O......X......X......X......O....O.X.O.|valid=0,1,2,4,5,6
0

board=...O......X......X......X......O...XO.XOO.|valid=0,1,2,4,5,6
4

board=...O......X......X......X......OXO.XO.XOO.|valid=0,1,2,4,5,6
4

board=...O......X......X......XX..O..OXO.XO.XOO.|valid=0,1,2,4,5,6
4

board=...O......X......XX.....XX..O..OXO.XO.XOOO|valid=0,1,2,4,5,6
4

board=..........................................|valid=0,1,2,3,4,5,6
3

board=......................................XO..|valid=0,1,2,3,4,5,6
3

board=...............................X.....OXO..|valid=0,1,2,3,4,5,6
3

board=.................O......X......X.....OXO..|valid=0,1,2,3,4,5,6
3

board=..........X......O......X......X....OOXO..|valid=0,1,2,3,4,5,6
3

board=...X......X......O......X......X....OOXOO.|valid=0,1,2,4,5,6
4

board=...X......X......O......X......XXO..OOXOO.|valid=0,1,2,4,5,6
4

board=...X......X......O......XX....OXXO..OOXOO.|valid=0,1,2,4,5,6
4

board=...X......X......OX.....XXO...OXXO..OOXOO.|valid=0,1,2,4,5,6
4

board=..........................................|valid=0,1,2,3,4,5,6
3

board=......................................X..O|valid=0,1,2,3,4,5,6
3

board=...............................X...O..X..O|valid=0,1,2,3,4,5,6
3

board=.................O......X......X...O..X..O|valid=0,1,2,3,4,5,6
3

board=..........X......O......X......X...O.OX..O|valid=0,1,2,3,4,5,6
3

board=...X......X......O......X......X...O.OX.OO|valid=0,1,2,4,5,6
4

board=...X......X......O......X......X.O.O.OXXOO|valid=0,1,2,4,5,6
4

board=...X......X......O......X.....OXXO.O.OXXOO|valid=0,1,2,4,5,6
4

board=...X......X......O......XX....OXXO.OOOXXOO|valid=0,1,2,4,5,6
4

board=..........................................|valid=0,1,2,3,4,5,6
3

board=....................................O.X...|valid=0,1,2,3,4,5,6
3

board=.............................O.X....O.X...|valid=0,1,2,3,4,5,6
3

board=......................O.X....O.X....O.X...|valid=0,1,2,3,4,5,6
3

board=..........................................|valid=0,1,2,3,4,5,6
3

board=....................................O.X...|valid=0,1,2,3,4,5,6
3

board=...............................X....O.X.O.|valid=0,1,2,3,4,5,6
3

board=........................X......X....OOX.O.|valid=0,1,2,3,4,5,6
4

board=........................X......X...OOOXXO.|valid=0,1,2,3,4,5,6
4

board=.................O......X......XX..OOOXXO.|valid=0,1,2,3,4,5,6
4

board=.................O......XX....OXX..OOOXXO.|valid=0,1,2,3,4,5,6
5

board=..........O......O......XX....OXXX.OOOXXO.|valid=0,1,2,3,4,5,6
5

board=..........O......O.....OXXX...OXXX.OOOXXO.|valid=0,1,2,3,4,5,6
3

board=...X......O......O.....OXXX.O.OXXX.OOOXXO.|valid=0,1,2,4,5,6
4

board=..........................................|valid=0,1,2,3,4,5,6
3

board=......................................X..O|valid=0,1,2,3,4,5,6
3

board=...............................X......XO.O|valid=0,1,2,3,4,5,6
4

board=.........................O.....XX.....XO.O|valid=0,1,2,3,4,5,6
3

board=........................XO.....XX.....XOOO|valid=0,1,2,3,4,5,6
5

board=........................XO.....XXXO...XOOO|valid=0,1,2,3,4,5,6
3

board=..........................................|valid=0,1,2,3,4,5,6
3

board=....................................O.X...|valid=0,1,2,3,4,5,6
3

board=...............................X...OO.X...|valid=0,1,2,3,4,5,6
3

board=........................X....O.X...OO.X...|valid=0,1,2,3,4,5,6
3

board=..........................................|valid=0,1,2,3,4,5,6
3

board=...................................O..X...|valid=0,1,2,3,4,5,6
3

board=...............................X...O..X.O.|valid=0,1,2,3,4,5,6
3

board=........................X...O..X...O..X.O.|valid=0,1,2,3,4,5,6
3

board=..........................................|valid=0,1,2,3,4,5,6
3

board=......................................XO..|valid=0,1,2,3,4,5,6
3

board=........................O......X......XO..|valid=0,1,2,3,4,5,6
3

board=..........O......X......O......X......XO..|valid=0,1,2,3,4,5,6
3

board=...X......O......X......O......X.....OXO..|valid=0,1,2,4,5,6
0

board=...X......O......X......O......X...X.OXO.O|valid=0,1,2,4,5,6
4

board=...X......O......X......O......XX.OX.OXO.O|valid=0,1,2,4,5,6
4

board=...X......O......X......OX.O...XX.OX.OXO.O|valid=0,1,2,4,5,6
4

board=...X......O......XX.....OX.O...XX.OX.OXOOO|valid=0,1,2,4,5,6
4

board=..........................................|valid=0,1,2,3,4,5,6
3

board=......................................XO..|valid=0,1,2,3,4,5,6
3

board=...............................X.....OXO..|valid=0,1,2,3,4,5,6
3

board=........................X......X...O.OXO..|valid=0,1,2,3,4,5,6
5

board=........................X......X...OOOXOX.|valid=0,1,2,3,4,5,6
3

board=..........................................|valid=0,1,2,3,4,5,6
3

board=......................................X..O|valid=0,1,2,3,4,5,6
3

board=...............................X...O..X..O|valid=0,1,2,3,4,5,6
3

board=........................X...O..X...O..X..O|valid=0,1,2,3,4,5,6
3

board=..........................................|valid=0,1,2,3,4,5,6
3

board=......................................XO..|valid=0,1,2,3,4,5,6
3

board=........................O......X......XO..|valid=0,1,2,3,4,5,6
3

board=.................X......O......X.....OXO..|valid=0,1,2,3,4,5,6
3

board=..........X......X......O......X.....OXOO.|valid=0,1,2,3,4,5,6
3

board=...X......X......X......O......XO....OXOO.|valid=0,1,2,4,5,6
4

board=...X......X......X......OX.....XO....OXOOO|valid=0,1,2,4,5,6
4

board=...X......X......XX.....OX.....XOO...OXOOO|valid=0,1,2,4,5,6
4

board=...X......XX.....XX.....OX....OXOO...OXOOO|valid=0,1,2,4,5,6
4

board=..........................................|valid=0,1,2,3,4,5,6
3

board=...............................O......X...|valid=0,1,2,3,4,5,6
3

board=........................X......O......X.O.|valid=0,1,2,3,4,5,6
3

board=.................X......X......O.O....X.O.|valid=0,1,2,3,4,5,6
3

board=..........X......X......X......O.O..O.X.O.|valid=0,1,2,3,4,5,6
3

board=..........................................|valid=0,1,2,3,4,5,6
3

board=...................................O..X...|valid=0,1,2,3,4,5,6
3

board=...............................X...O..X.O.|valid=0,1,2,3,4,5,6
3

board=........................X......X...O..XOO.|valid=0,1,2,3,4,5,6
3

board=..........................................|valid=0,1,2,3,4,5,6
3

board=......................................X.O.|valid=0,1,2,3,4,5,6
3

board=...............................X...O..X.O.|valid=0,1,2,3,4,5,6
3

board=........................X......X...O.OX.O.|valid=0,1,2,3,4,5,6
3

board=..........................................|valid=0,1,2,3,4,5,6
3

board=......................................XO..|valid=0,1,2,3,4,5,6
3

board=...............................XO.....XO..|valid=0,1,2,3,4,5,6
3

board=........................X......XO....OXO..|valid=0,1,2,3,4,5,6
3

board=..........................................|valid=0,1,2,3,4,5,6
3

board=......................................XO..|valid=0,1,2,3,4,5,6
3

board=...............................X......XO.O|valid=0,1,2,3,4,5,6
4

board=...............................XX...O.XO.O|valid=0,1,2,3,4,5,6
5

board=.............................O.XX...O.XOXO|valid=0,1,2,3,4,5,6
5

board=.............................O.XXX.OO.XOXO|valid=0,1,2,3,4,5,6
5

board=..........................X..O.XXX.OOOXOXO|valid=0,1,2,3,4,5,6
5

board=..........................................|valid=0,1,2,3,4,5,6
3

board=....................................O.X...|valid=0,1,2,3,4,5,6
3

board=...............................X....O.X..O|valid=0,1,2,3,4,5,6
3

board=........................X....O.X....O.X..O|valid=0,1,2,3,4,5,6
3

board=..........................................|valid=0,1,2,3,4,5,6
3

board=.....................................OX...|valid=0,1,2,3,4,5,6
3

board=...............................X.....OX..O|valid=0,1,2,3,4,5,6
3

board=........................X......X..O..OX..O|valid=0,1,2,3,4,5,6
3

board=..........................................|valid=0,1,2,3,4,5,6
3

board=......................................X.O.|valid=0,1,2,3,4,5,6
3

board=...............................X....O.X.O.|valid=0,1,2,3,4,5,6
3

board=.................O......X......X....O.X.O.|valid=0,1,2,3,4,5,6
3

board=..........X......O......X......X...OO.X.O.|valid=0,1,2,3,4,5,6
3

board=...X......X......O......X....O.X...OO.X.O.|valid=0,1,2,4,5,6
4

board=...X......X......O......X....O.X.O.OO.XXO.|valid=0,1,2,4,5,6
4

board=...X......X......O......X.O..O.XXO.OO.XXO.|valid=0,1,2,4,5,6
4

board=...X......X......O......XXO..O.XXO.OOOXXO.|valid=0,1,2,4,5,6
4

board=..........................................|valid=0,1,2,3,4,5,6
3

board=.....................................OX...|valid=0,1,2,3,4,5,6
3

board=...............................X.....OX..O|valid=0,1,2,3,4,5,6
3

board=........................X......X..O..OX..O|valid=0,1,2,3,4,5,6
3

board=..........................................|valid=0,1,2,3,4,5,6
3

board=......................................X..O|valid=0,1,2,3,4,5,6
3

board=...............................X......X.OO|valid=0,1,2,3,4,5,6
3

board=........................X......X...O..X.OO|valid=0,1,2,3,4,5,6
3

board=..........................................|valid=0,1,2,3,4,5,6
3

board=.....................................OX...|valid=0,1,2,3,4,5,6
3

board=........................O......X.....OX...|valid=0,1,2,3,4,5,6
3

board=.................X......O......X.....OXO..|valid=0,1,2,3,4,5,6
3

board=...O......X......X......O......X.....OXO..|valid=0,1,2,4,5,6
0

board=...O......X......X......O......XO..X.OXO..|valid=0,1,2,4,5,6
4

board=...O......X......X......OX.....XO..X.OXOO.|valid=0,1,2,4,5,6
4

board=...O......X......XX.....OX....OXO..X.OXOO.|valid=0,1,2,4,5,6
4

board=...O......XX.....XX....OOX....OXO..X.OXOO.|valid=0,1,2,4,5,6
4

board=..........................................|valid=0,1,2,3,4,5,6
3

board=....................................O.X...|valid=0,1,2,3,4,5,6
3

board=........................O......X....O.X...|valid=0,1,2,3,4,5,6
3

board=.................X......O......X....O.X.O.|valid=0,1,2,3,4,5,6
3

board=..........X......X......O......X....O.XOO.|valid=0,1,2,3,4,5,6
3

board=...X......X......X......O......X...OO.XOO.|valid=0,1,2,4,5,6
4

board=...X......X......X......O......XX..OOOXOO.|valid=0,1,2,4,5,6
4

board=...X......X......X......OX.....XX..OOOXOOO|valid=0,1,2,4,5,6
4

board=...X......X......XX.....OX....OXX..OOOXOOO|valid=0,1,2,4,5,6
4

board=..........................................|valid=0,1,2,3,4,5,6
3

board=......................................X..O|valid=0,1,2,3,4,5,6
3

board=...............................X......XO.O|valid=0,1,2,3,4,5,6
4

board=...............................XX....OXO.O|valid=0,1,2,3,4,5,6
5

board=..............................OXX....OXOXO|valid=0,1,2,3,4,5,6
3

board=.......................OX.....OXX....OXOXO|valid=0,1,2,3,4,5,6
4

board=.......................OXX....OXX..O.OXOXO|valid=0,1,2,3,4,5,6
3

board=..........................................|valid=0,1,2,3,4,5,6
3

board=.....................................OX...|valid=0,1,2,3,4,5,6
3

board=...............................X.....OX.O.|valid=0,1,2,3,4,5,6
3

board=........................X.....OX.....OX.O.|valid=0,1,2,3,4,5,6
3

board=..........................................|valid=0,1,2,3,4,5,6
3

board=.....................................OX...|valid=0,1,2,3,4,5,6
3

board=...............................X.....OXO..|valid=0,1,2,3,4,5,6
3

board=........................X......X.....OXO.O|valid=0,1,2,3,4,5,6
3

board=..........................................|valid=0,1,2,3,4,5,6
3

board=...............................O......X...|valid=0,1,2,3,4,5,6
3

board=........................X......O....O.X...|valid=0,1,2,3,4,5,6
3

board=.................X......X......O....OOX...|valid=0,1,2,3,4,5,6
3

board=..........X......X......X......O....OOX..O|valid=0,1,2,3,4,5,6
3

board=..........................................|valid=0,1,2,3,4,5,6
3

board=....................................O.X...|valid=0,1,2,3,4,5,6
3

board=...............................X....OOX...|valid=0,1,2,3,4,5,6
5

board=...............................X....OOXOX.|valid=0,1,2,3,4,5,6
3

board=........................X.....OX....OOXOX.|valid=0,1,2,3,4,5,6
4

board=........................X.....OXXO..OOXOX.|valid=0,1,2,3,4,5,6
4

board=..................O.....XX....OXXO..OOXOX.|valid=0,1,2,3,4,5,6
5

board=..................O.....XXX...OXXO.OOOXOX.|valid=0,1,2,3,4,5,6
3

board=..........................................|valid=0,1,2,3,4,5,6
3

board=......................................X.O.|valid=0,1,2,3,4,5,6
3

board=........................O......X......X.O.|valid=0,1,2,3,4,5,6
3

board=..........O......X......O......X......X.O.|valid=0,1,2,3,4,5,6
3

board=...X......O......X......O......X......XOO.|valid=0,1,2,4,5,6
4

board=...X......O......X......O......XX..O..XOO.|valid=0,1,2,4,5,6
4

board=...X......O......X......OX.....XXO.O..XOO.|valid=0,1,2,4,5,6
4

board=...X......O......XX.....OXO....XXO.O..XOO.|valid=0,1,2,4,5,6
4

board=..........................................|valid=0,1,2,3,4,5,6
3

board=...................................O..X...|valid=0,1,2,3,4,5,6
3

board=...............................X...O..X..O|valid=0,1,2,3,4,5,6
3

board=........................X......X..OO..X..O|valid=0,1,2,3,4,5,6
3

board=..........................................|valid=0,1,2,3,4,5,6
3

board=.....................................OX...|valid=0,1,2,3,4,5,6
3

board=...............................X....OOX...|valid=0,1,2,3,4,5,6
5

board=..............................OX....OOX.X.|valid=0,1,2,3,4,5,6
3

board=........................X.....OX....OOXOX.|valid=0,1,2,3,4,5,6
4

board=.......................OX.....OXX...OOXOX.|valid=0,1,2,3,4,5,6
4

board=.......................OXX....OXX...OOXOXO|valid=0,1,2,3,4,5,6
3

board=..........................................|valid=0,1,2,3,4,5,6
3

board=......................................X.O.|valid=0,1,2,3,4,5,6
3

board=...............................X.....OX.O.|valid=0,1,2,3,4,5,6
3

board=........................X......X...O.OX.O.|valid=0,1,2,3,4,5,6
3

board=..........................................|valid=0,1,2,3,4,5,6
3

board=......................................XO..|valid=0,1,2,3,4,5,6
3

board=...............................X....O.XO..|valid=0,1,2,3,4,5,6
3

board=........................X......X....O.XOO.|valid=0,1,2,3,4,5,6
4

board=........................X......XX...OOXOO.|valid=0,1,2,3,4,5,6
4

board=.................O......XX.....XX...OOXOO.|valid=0,1,2,3,4,5,6
3

board=..........X......O......XX...O.XX...OOXOO.|valid=0,1,2,3,4,5,6
3

board=...X......X......O......XX...OOXX...OOXOO.|valid=0,1,2,4,5,6
4

board=...X......XO.....OX.....XX...OOXX...OOXOO.|valid=0,1,2,4,5,6
4

board=...XX.....XO.....OX.....XX...OOXX...OOXOOO|valid=0,1,2,5,6
5

board=...XX.....XO.....OX.....XXO..OOXXX..OOXOOO|valid=0,1,2,5,6
6

board=..........................................|valid=0,1,2,3,4,5,6
3

board=......................................XO..|valid=0,1,2,3,4,5,6
3

board=...............................XO.....XO..|valid=0,1,2,3,4,5,6
3

board=........................X......XO.....XO.O|valid=0,1,2,3,4,5,6
3

board=..........................................|valid=0,1,2,3,4,5,6
3

board=......................................X.O.|valid=0,1,2,3,4,5,6
3

board=...............................X......XOO.|valid=0,1,2,3,4,5,6
4

board=........................O......XX.....XOO.|valid=0,1,2,3,4,5,6
3

board=.................X......O......XX..O..XOO.|valid=0,1,2,3,4,5,6
4

board=.................X......OX.....XX..OO.XOO.|valid=0,1,2,3,4,5,6
4

board=.................XX.....OX.....XX..OO.XOOO|valid=0,1,2,3,4,5,6
5

board=..........O......XX.....OX.....XXX.OO.XOOO|valid=0,1,2,3,4,5,6
4

board=..........................................|valid=0,1,2,3,4,5,6
3

board=....................................O.X...|valid=0,1,2,3,4,5,6
3

board=...............................X....O.X.O.|valid=0,1,2,3,4,5,6
3

board=.................O......X......X....O.X.O.|valid=0,1,2,3,4,5,6
3

board=..........X......O......X......X....O.X.OO|valid=0,1,2,3,4,5,6
3

board=...X......X......O......X......X...OO.X.OO|valid=0,1,2,4,5,6
4

board=...X......X......O......X......X.O.OO.XXOO|valid=0,1,2,4,5,6
4

board=...X......X......O......X.O....XXO.OO.XXOO|valid=0,1,2,4,5,6
4

board=...X......X......O......XXO.O..XXO.OO.XXOO|valid=0,1,2,4,5,6
4

board=..........................................|valid=0,1,2,3,4,5,6
3

board=.....................................OX...|valid=0,1,2,3,4,5,6
3

board=..............................OX.....OX...|valid=0,1,2,3,4,5,6
3

board=........................X.....OX.....OX.O.|valid=0,1,2,3,4,5,6
3

board=..........................................|valid=0,1,2,3,4,5,6
3

board=......................................X..O|valid=0,1,2,3,4,5,6
3

board=...............................X..O...X..O|valid=0,1,2,3,4,5,6
3

board=........................X..O...X..O...X..O|valid=0,1,2,3,4,5,6
3

board=..........................................|valid=0,1,2,3,4,5,6
3

board=.....................................OX...|valid=0,1,2,3,4,5,6
3

board=...............................X.....OX..O|valid=0,1,2,3,4,5,6
3

board=........................X......X.....OX.OO|valid=0,1,2,3,4,5,6
4

board=.................O......X......X.....OXXOO|valid=0,1,2,3,4,5,6
3

board=..........X......O......X.....OX.....OXXOO|valid=0,1,2,3,4,5,6
4

board=..........X......O......X.....OXX...OOXXOO|valid=0,1,2,3,4,5,6
4

board=..........X......O......XX....OXX.O.OOXXOO|valid=0,1,2,3,4,5,6
4

board=..........................................|valid=0,1,2,3,4,5,6
3

board=......................................X.O.|valid=0,1,2,3,4,5,6
3

board=...............................X.....OX.O.|valid=0,1,2,3,4,5,6
3

board=.................O......X......X.....OX.O.|valid=0,1,2,3,4,5,6
3

board=..........X......O......X......X...O.OX.O.|valid=0,1,2,3,4,5,6
3

board=...X......X......O......X......X...O.OXOO.|valid=0,1,2,4,5,6
4

board=...X......X......O......X......XX..O.OXOOO|valid=0,1,2,4,5,6
4

board=...X......X......O......XX.....XXO.O.OXOOO|valid=0,1,2,4,5,6
4

board=...X......X......OX.....XX.....XXOOO.OXOOO|valid=0,1,2,4,5,6
4

board=..........................................|valid=0,1,2,3,4,5,6
3

board=......................................X..O|valid=0,1,2,3,4,5,6
3

board=...............................X......XO.O|valid=0,1,2,3,4,5,6
4

board=...............................XX.O...XO.O|valid=0,1,2,3,4,5,6
5

board=...............................XX.OO..XOXO|valid=0,1,2,3,4,5,6
3

board=........................X..O...XX.OO..XOXO|valid=0,1,2,3,4,5,6
4

board=........................XX.O...XX.OOO.XOXO|valid=0,1,2,3,4,5,6
5

board=.................O......XX.O...XXXOOO.XOXO|valid=0,1,2,3,4,5,6
4

board=..........O......OX.....XX.O...XXXOOO.XOXO|valid=0,1,2,3,4,5,6
4

board=..........................................|valid=0,1,2,3,4,5,6
3

board=......................................XO..|valid=0,1,2,3,4,5,6
3

board=...............................XO.....XO..|valid=0,1,2,3,4,5,6
3

board=.................O......X......XO.....XO..|valid=0,1,2,3,4,5,6
4

board=..........O......O......XX.....XO.....XO..|valid=0,1,2,3,4,5,6
4

board=..........O......OX.....XX.....XO...O.XO..|valid=0,1,2,3,4,5,6
5

board=..........O......OX.....XX.....XO..OO.XOX.|valid=0,1,2,3,4,5,6
5

board=..........O......OX.....XX..O..XOX.OO.XOX.|valid=0,1,2,3,4,5,6
5

board=..........O......OX.....XXX.O..XOX.OO.XOXO|valid=0,1,2,3,4,5,6
3

board=...X......O......OX.....XXX.O..XOX.OOOXOXO|valid=0,1,2,4,5,6
4

board=...XO.....OX.....OX.....XXX.O..XOX.OOOXOXO|valid=0,1,2,5,6
6

board=...XO.....OX.....OX.....XXXOO..XOXXOOOXOXO|valid=0,1,2,5,6
6

board=...XO.....OX.....OX.X...XXXOO.OXOXXOOOXOXO|valid=0,1,2,5,6
5

board=..........................................|valid=0,1,2,3,4,5,6
3

board=......................................XO..|valid=0,1,2,3,4,5,6
3

board=...............................X......XO.O|valid=0,1,2,3,4,5,6
4

board=...............................XX.....XOOO|valid=0,1,2,3,4,5,6
4

board=.........................X.....XX..O..XOOO|valid=0,1,2,3,4,5,6
6

board=........................OX.....XX.XO..XOOO|valid=0,1,2,3,4,5,6
4

board=.................OX.....OX.....XX.XO..XOOO|valid=0,1,2,3,4,5,6
5

board=..........................................|valid=0,1,2,3,4,5,6
3

board=......................................X..O|valid=0,1,2,3,4,5,6
3

board=...............................X...O..X..O|valid=0,1,2,3,4,5,6
3

board=........................X......X...OO.X..O|valid=0,1,2,3,4,5,6
3

board=..........................................|valid=0,1,2,3,4,5,6
3

board=....................................O.X...|valid=0,1,2,3,4,5,6
3

board=.............................O.X....O.X...|valid=0,1,2,3,4,5,6
3

board=......................O.X....O.X....O.X...|valid=0,1,2,3,4,5,6
3

board=..........................................|valid=0,1,2,3,4,5,6
3

board=......................................XO..|valid=0,1,2,3,4,5,6
3

board=...............................X......XO.O|valid=0,1,2,3,4,5,6
4

board=........................O......XX.....XO.O|valid=0,1,2,3,4,5,6
3

board=.................X......O......XX.....XOOO|valid=0,1,2,3,4,5,6
4

board=.................X......OX.....XXO....XOOO|valid=0,1,2,3,4,5,6
4

board=.................XX.....OX.....XXO.O..XOOO|valid=0,1,2,3,4,5,6
4

board=..........................................|valid=0,1,2,3,4,5,6
3

board=...................................O..X...|valid=0,1,2,3,4,5,6
3

board=...............................X...O..X.O.|valid=0,1,2,3,4,5,6
3

board=........................X......X...O..XOO.|valid=0,1,2,3,4,5,6
3

board=..........................................|valid=0,1,2,3,4,5,6
3

board=......................................XO..|valid=0,1,2,3,4,5,6
3

board=...............................XO.....XO..|valid=0,1,2,3,4,5,6
3

board=........................X......XO.....XOO.|valid=0,1,2,3,4,5,6
3

board=..........................................|valid=0,1,2,3,4,5,6
3

board=......................................XO..|valid=0,1,2,3,4,5,6
3

board=...............................XO.....XO..|valid=0,1,2,3,4,5,6
3

board=........................X......XO.....XO.O|valid=0,1,2,3,4,5,6
3

board=..........................................|valid=0,1,2,3,4,5,6
3

board=...............................O......X...|valid=0,1,2,3,4,5,6
3

board=........................X......O.....OX...|valid=0,1,2,3,4,5,6
3

board=.................X......X......O.....OXO..|valid=0,1,2,3,4,5,6
3

board=..........X......X......X......O...O.OXO..|valid=0,1,2,3,4,5,6
3

board=..........................................|valid=0,1,2,3,4,5,6
3

board=....................................O.X...|valid=0,1,2,3,4,5,6
3

board=........................O......X....O.X...|valid=0,1,2,3,4,5,6
3

board=..........O......X......O......X....O.X...|valid=0,1,2,3,4,5,6
4

board=..........O......X......O....O.X....O.XX..|valid=0,1,2,3,4,5,6
4

board=..........O......X......O....O.XX..OO.XX..|valid=0,1,2,3,4,5,6
5

board=..........O......X......O....O.XX..OOOXXX.|valid=0,1,2,3,4,5,6
5

board=..........O......X......O....O.XXX.OOOXXXO|valid=0,1,2,3,4,5,6
4

board=..........O......X......OX..OO.XXX.OOOXXXO|valid=0,1,2,3,4,5,6
5

board=..........O......X.O....OXX.OO.XXX.OOOXXXO|valid=0,1,2,3,4,5,6
4

board=..........................................|valid=0,1,2,3,4,5,6
3

board=....................................O.X...|valid=0,1,2,3,4,5,6
3

board=...............................X....O.X..O|valid=0,1,2,3,4,5,6
3

board=........................X......X..O.O.X..O|valid=0,1,2,3,4,5,6
3

board=..........................................|valid=0,1,2,3,4,5,6
3

board=....................................O.X...|valid=0,1,2,3,4,5,6
3

board=...............................X....O.XO..|valid=0,1,2,3,4,5,6
3

board=........................X......X....OOXO..|valid=0,1,2,3,4,5,6
5

board=........................X.....OX....OOXOX.|valid=0,1,2,3,4,5,6
4

board=........................X.....OXX...OOXOXO|valid=0,1,2,3,4,5,6
5

board=........................XO....OXXX..OOXOXO|valid=0,1,2,3,4,5,6
5

board=........................XOX...OXXX.OOOXOXO|valid=0,1,2,3,4,5,6
5

board=..........................................|valid=0,1,2,3,4,5,6
3

board=...................................O..X...|valid=0,1,2,3,4,5,6
3

board=...............................X...OO.X...|valid=0,1,2,3,4,5,6
3

board=.................O......X......X...OO.X...|valid=0,1,2,3,4,5,6
3

board=...O......X......O......X......X...OO.X...|valid=0,1,2,4,5,6
0

board=...O......X......O...O..X...X..X...OO.X...|valid=0,1,2,4,5,6
4

board=...O......X......O...O..X...XO.X...OO.XX..|valid=0,1,2,4,5,6
4

board=...O......X......O...O..X...XO.XX..OO.XXO.|valid=0,1,2,4,5,6
4

board=...O......X......O...O..XX..XO.XXO.OO.XXO.|valid=0,1,2,4,5,6
4

board=..........................................|valid=0,1,2,3,4,5,6
3

board=...................................O..X...|valid=0,1,2,3,4,5,6
3

board=...............................X...O..X..O|valid=0,1,2,3,4,5,6
3

board=........................X......X...O..XO.O|valid=0,1,2,3,4,5,6
3

board=..........................................|valid=0,1,2,3,4,5,6
3

board=...................................O..X...|valid=0,1,2,3,4,5,6
3

board=...............................X...O..X.O.|valid=0,1,2,3,4,5,6
3

board=........................X......X...O..X.OO|valid=0,1,2,3,4,5,6
3

board=..........................................|valid=0,1,2,3,4,5,6
3

board=...............................O......X...|valid=0,1,2,3,4,5,6
3

board=........................X......O.....OX...|valid=0,1,2,3,4,5,6
3

board=.................X......X......O....OOX...|valid=0,1,2,3,4,5,6
3

board=..........X......X......X.....OO....OOX...|valid=0,1,2,3,4,5,6
3

board=..........................................|valid=0,1,2,3,4,5,6
3

board=....................................O.X...|valid=0,1,2,3,4,5,6
3

board=...............................X....O.XO..|valid=0,1,2,3,4,5,6
3

board=........................X......X....O.XO.O|valid=0,1,2,3,4,5,6
3

board=..........................................|valid=0,1,2,3,4,5,6
3

board=...............................O......X...|valid=0,1,2,3,4,5,6
3

board=........................X......O......X.O.|valid=0,1,2,3,4,5,6
3

board=.................X......X......O.....OX.O.|valid=0,1,2,3,4,5,6
3

board=..........X......X......X......O.....OX.OO|valid=0,1,2,3,4,5,6
3

board=..........................................|valid=0,1,2,3,4,5,6
3

board=......................................X..O|valid=0,1,2,3,4,5,6
3

board=........................O......X......X..O|valid=0,1,2,3,4,5,6
3

board=.................X......O......X.....OX..O|valid=0,1,2,3,4,5,6
3

board=..........X......X......O......X...O.OX..O|valid=0,1,2,3,4,5,6
3

board=...X......X......X......O......X..OO.OX..O|valid=0,1,2,4,5,6
4

board=...X......X......X......O......X..OOOOXX.O|valid=0,1,2,4,5,6
4

board=...X......X......X......O...O..XX.OOOOXX.O|valid=0,1,2,4,5,6
4

board=...X......X......X...O..OX..O..XX.OOOOXX.O|valid=0,1,2,4,5,6
4

board=..........................................|valid=0,1,2,3,4,5,6
3

board=......................................XO..|valid=0,1,2,3,4,5,6
3

board=...............................XO.....XO..|valid=0,1,2,3,4,5,6
3

board=........................X......XO...O.XO..|valid=0,1,2,3,4,5,6
3

board=..........................................|valid=0,1,2,3,4,5,6
3

board=.....................................OX...|valid=0,1,2,3,4,5,6
3

board=...............................X....OOX...|valid=0,1,2,3,4,5,6
5

board=...............................X.O..OOX.X.|valid=0,1,2,3,4,5,6
4

board=........................O......X.O..OOXXX.|valid=0,1,2,3,4,5,6
3

board=.................X......O......X.O.OOOXXX.|valid=0,1,2,3,4,5,6
3

board=..........X......X......O.O....X.O.OOOXXX.|valid=0,1,2,3,4,5,6
3

board=...X......X......X......O.O.O..X.O.OOOXXX.|valid=0,1,2,4,5,6
4

board=...X......X......X......O.O.O.OXXO.OOOXXX.|valid=0,1,2,4,5,6
4

board=...X......X......X.O....OXO.O.OXXO.OOOXXX.|valid=0,1,2,4,5,6
4

board=..........................................|valid=0,1,2,3,4,5,6
3

board=...............................O......X...|valid=0,1,2,3,4,5,6
3

board=........................X......O.....OX...|valid=0,1,2,3,4,5,6
3

board=.................X......X......O.....OX..O|valid=0,1,2,3,4,5,6
3

board=..........X......X......X.....OO.....OX..O|valid=0,1,2,3,4,5,6
3

board=..........................................|valid=0,1,2,3,4,5,6
3

board=......................................X.O.|valid=0,1,2,3,4,5,6
3

board=...............................X......X.OO|valid=0,1,2,3,4,5,6
3

board=........................X......X.O....X.OO|valid=0,1,2,3,4,5,6
3

board=..........................................|valid=0,1,2,3,4,5,6
3

board=.....................................OX...|valid=0,1,2,3,4,5,6
3

board=..............................OX.....OX...|valid=0,1,2,3,4,5,6
3

board=........................X.....OX.....OX.O.|valid=0,1,2,3,4,5,6
3

board=..........................................|valid=0,1,2,3,4,5,6
3

board=.....................................OX...|valid=0,1,2,3,4,5,6
3

board=........................O......X.....OX...|valid=0,1,2,3,4,5,6
3

board=.................X......O......X...O.OX...|valid=0,1,2,3,4,5,6
3

board=..........X......X......O......X...OOOX...|valid=0,1,2,3,4,5,6
3

board=...X......X......X......O......X...OOOXO..|valid=0,1,2,4,5,6
0

board=...X......X......X......O...X..X...OOOXO.O|valid=0,1,2,4,5,6
4

board=...X......X......X...O..O...X..XX..OOOXO.O|valid=0,1,2,4,5,6
4

board=...X......X......XO..O..OX..X..XX..OOOXO.O|valid=0,1,2,4,5,6
4

board=...X......XX..O..XO..O..OX..X..XX..OOOXO.O|valid=0,1,2,4,5,6
5

board=...X......XX..O..XO..O..OX..XO.XX..OOOXOXO|valid=0,1,2,4,5,6
4

board=...XX.....XX..O..XO..O..OX..XO.XX.OOOOXOXO|valid=0,1,2,5,6
5

board=...XX.....XX..O..XO..OO.OX..XO.XXXOOOOXOXO|valid=0,1,2,5,6
5

board=...XX.....XX..O..XOO.OO.OXX.XO.XXXOOOOXOXO|valid=0,1,2,5,6
2

board=..........................................|valid=0,1,2,3,4,5,6
3

board=......................................X..O|valid=0,1,2,3,4,5,6
3

board=........................O......X......X..O|valid=0,1,2,3,4,5,6
3

board=.................X......O......X.....OX..O|valid=0,1,2,3,4,5,6
3

board=..........X......X......O......X....OOX..O|valid=0,1,2,3,4,5,6
3

board=...X......X......X......O......X..O.OOX..O|valid=0,1,2,4,5,6
4

board=...X......X......X......O....O.X..O.OOXX.O|valid=0,1,2,4,5,6
4

board=...X......X......X......O....O.XX.O.OOXXOO|valid=0,1,2,4,5,6
4

board=...X......X......X......OX...O.XXOO.OOXXOO|valid=0,1,2,4,5,6
4

board=..........................................|valid=0,1,2,3,4,5,6
3

board=....................................O.X...|valid=0,1,2,3,4,5,6
3

board=...............................X....O.XO..|valid=0,1,2,3,4,5,6
3

board=........................X....O.X....O.XO..|valid=0,1,2,3,4,5,6
3

board=..........................................|valid=0,1,2,3,4,5,6
3

board=.....................................OX...|valid=0,1,2,3,4,5,6
3

board=...............................X.....OX..O|valid=0,1,2,3,4,5,6
3

board=........................X.....OX.....OX..O|valid=0,1,2,3,4,5,6
3

board=..........................................|valid=0,1,2,3,4,5,6
3

board=......................................X.O.|valid=0,1,2,3,4,5,6
3

board=...............................X...O..X.O.|valid=0,1,2,3,4,5,6
3

board=........................X......X...OO.X.O.|valid=0,1,2,3,4,5,6
3

board=..........................................|valid=0,1,2,3,4,5,6
3

board=...............................O......X...|valid=0,1,2,3,4,5,6
3

board=........................X......O......XO..|valid=0,1,2,3,4,5,6
3

board=.................X......X......OO.....XO..|valid=0,1,2,3,4,5,6
3

board=..........X......X......X......OO.....XOO.|valid=0,1,2,3,4,5,6
3

board=..........................................|valid=0,1,2,3,4,5,6
3

board=.....................................OX...|valid=0,1,2,3,4,5,6
3

board=...............................X....OOX...|valid=0,1,2,3,4,5,6
5

board=.............................O.X....OOX.X.|valid=0,1,2,3,4,5,6
4

board=........................O....O.X....OOXXX.|valid=0,1,2,3,4,5,6
5

board=........................O....O.X.X..OOXXXO|valid=0,1,2,3,4,5,6
3

board=.................X....O.O....O.X.X..OOXXXO|valid=0,1,2,3,4,5,6
5

board=..........O......X....O.O.X..O.X.X..OOXXXO|valid=0,1,2,3,4,5,6
4

board=..........O......X....O.OOX..O.XXX..OOXXXO|valid=0,1,2,3,4,5,6
4

board=..........O......XX...O.OOX..O.XXX.OOOXXXO|valid=0,1,2,3,4,5,6
4

board=..........OX.....XX...O.OOX.OO.XXX.OOOXXXO|valid=0,1,2,3,4,5,6
4

board=....X.....OX.....XXO..O.OOX.OO.XXX.OOOXXXO|valid=0,1,2,3,5,6
3

board=...XX.....OX.....XXO..O.OOX.OOOXXX.OOOXXXO|valid=0,1,2,5,6
5

board=...XX.....OXX....XXO.OO.OOX.OOOXXX.OOOXXXO|valid=0,1,2,5,6
6

board=..........................................|valid=0,1,2,3,4,5,6
3

board=......................................X..O|valid=0,1,2,3,4,5,6
3

board=...............................X....O.X..O|valid=0,1,2,3,4,5,6
3

board=........................X....O.X....O.X..O|valid=0,1,2,3,4,5,6
3

board=..........................................|valid=0,1,2,3,4,5,6
3

board=....................................O.X...|valid=0,1,2,3,4,5,6
3

board=...............................X...OO.X...|valid=0,1,2,3,4,5,6
3

board=........................X......X...OO.X..O|valid=0,1,2,3,4,5,6
3

board=..........................................|valid=0,1,2,3,4,5,6
3

board=...............................O......X...|valid=0,1,2,3,4,5,6
3

board=.................O......X......O......X...|valid=0,1,2,3,4,5,6
3

board=..........X......O......X......O....O.X...|valid=0,1,2,3,4,5,6
3

board=...X......X......O......X......O....O.XO..|valid=0,1,2,4,5,6
4

board=...X......X......O......X....O.OX...O.XO..|valid=0,1,2,4,5,6
4

board=...X......X......O....O.XX...O.OX...O.XO..|valid=0,1,2,4,5,6
4

board=...X......X......OX...O.XX...O.OX...O.XO.O|valid=0,1,2,4,5,6
4

board=..........................................|valid=0,1,2,3,4,5,6
3

board=...................................O..X...|valid=0,1,2,3,4,5,6
3

board=...............................X...O..X..O|valid=0,1,2,3,4,5,6
3

board=........................X......X...O.OX..O|valid=0,1,2,3,4,5,6
4

board=.................O......X......X...O.OXX.O|valid=0,1,2,3,4,5,6
3

board=...O......X......O......X......X...O.OXX.O|valid=0,1,2,4,5,6
0

board=...O......X......O......X...X..XO..O.OXX.O|valid=0,1,2,4,5,6
4

board=...O......X......O......XX..X.OXO..O.OXX.O|valid=0,1,2,4,5,6
4

board=...O......X......OX.....XX..X.OXO.OO.OXX.O|valid=0,1,2,4,5,6
4

board=...OO.....XX.....OX.....XX..X.OXO.OO.OXX.O|valid=0,1,2,5,6
5

board=...OO.....XX.....OX.....XX..X.OXOOOO.OXXXO|valid=0,1,2,5,6
5

board=...OO.....XX.....OX.....XXX.X.OXOOOOOOXXXO|valid=0,1,2,5,6
5

board=...OO.....XX.....OXX...OXXX.X.OXOOOOOOXXXO|valid=0,1,2,5,6
6

board=..........................................|valid=0,1,2,3,4,5,6
3

board=...................................O..X...|valid=0,1,2,3,4,5,6
3

board=...............................X...O..X.O.|valid=0,1,2,3,4,5,6
3

board=........................X...O..X...O..X.O.|valid=0,1,2,3,4,5,6
3

board=..........................................|valid=0,1,2,3,4,5,6
3

board=......................................X.O.|valid=0,1,2,3,4,5,6
3

board=...............................X....O.X.O.|valid=0,1,2,3,4,5,6
3

board=........................X......X...OO.X.O.|valid=0,1,2,3,4,5,6
3

board=..........................................|valid=0,1,2,3,4,5,6
3

board=.....................................OX...|valid=0,1,2,3,4,5,6
3

board=..............................OX.....OX...|valid=0,1,2,3,4,5,6
3

board=........................X.....OX.....OX.O.|valid=0,1,2,3,4,5,6
3

board=..........................................|valid=0,1,2,3,4,5,6
3

board=...................................O..X...|valid=0,1,2,3,4,5,6
3

board=...............................X...O..X.O.|valid=0,1,2,3,4,5,6
3

board=........................X......X...O..XOO.|valid=0,1,2,3,4,5,6
3

board=..........................................|valid=0,1,2,3,4,5,6
3

board=...............................O......X...|valid=0,1,2,3,4,5,6
3

board=........................X......O......XO..|valid=0,1,2,3,4,5,6
3

board=.................X......X......O...O..XO..|valid=0,1,2,3,4,5,6
3

board=..........X......X......X......O...O..XO.O|valid=0,1,2,3,4,5,6
3

board=..........................................|valid=0,1,2,3,4,5,6
3

board=......................................X.O.|valid=0,1,2,3,4,5,6
3

board=...............................X......XOO.|valid=0,1,2,3,4,5,6
4

board=...............................XXO....XOO.|valid=0,1,2,3,4,5,6
3

board=........................X......XXO.O..XOO.|valid=0,1,2,3,4,5,6
4

board=.................O......XX.....XXO.O..XOO.|valid=0,1,2,3,4,5,6
3

board=...O......X......O......XX.....XXO.O..XOO.|valid=0,1,2,4,5,6
4

board=...O......XO.....OX.....XX.....XXO.O..XOO.|valid=0,1,2,4,5,6
4

board=...OX.....XO.....OX.....XX.....XXO.O.OXOO.|valid=0,1,2,5,6
5

board=...OX.....XO.....OX.....XXX....XXO.O.OXOOO|valid=0,1,2,5,6
5

board=...OX.....XO.....OXX....XXX...OXXO.O.OXOOO|valid=0,1,2,5,6
6

board=..........................................|valid=0,1,2,3,4,5,6
3

board=......................................X..O|valid=0,1,2,3,4,5,6
3

board=...............................X......XO.O|valid=0,1,2,3,4,5,6
4

board=...............................XX...O.XO.O|valid=0,1,2,3,4,5,6
5

board=........................O......XX...O.XOXO|valid=0,1,2,3,4,5,6
4

board=.................O......OX.....XX...O.XOXO|valid=0,1,2,3,4,5,6
4

board=..........O......OX.....OX.....XX...O.XOXO|valid=0,1,2,3,4,5,6
4

board=..........................................|valid=0,1,2,3,4,5,6
3

board=...................................O..X...|valid=0,1,2,3,4,5,6
3

board=...............................X...O..X.O.|valid=0,1,2,3,4,5,6
3

board=........................X......X...O.OX.O.|valid=0,1,2,3,4,5,6
3

board=..........................................|valid=0,1,2,3,4,5,6
3

board=......................................X..O|valid=0,1,2,3,4,5,6
3

board=...............................X..O...X..O|valid=0,1,2,3,4,5,6
3

board=........................X......X..O...X.OO|valid=0,1,2,3,4,5,6
3

board=..........................................|valid=0,1,2,3,4,5,6
3

board=...................................O..X...|valid=0,1,2,3,4,5,6
3

board=...............................X...O..X.O.|valid=0,1,2,3,4,5,6
3

board=........................X......X.O.O..X.O.|valid=0,1,2,3,4,5,6
3

board=..........................................|valid=0,1,2,3,4,5,6
3

board=...................................O..X...|valid=0,1,2,3,4,5,6
3

board=............................O..X...O..X...|valid=0,1,2,3,4,5,6
3

board=.....................O..X...O..X...O..X...|valid=0,1,2,3,4,5,6
3

board=..........................................|valid=0,1,2,3,4,5,6
3

board=...................................O..X...|valid=0,1,2,3,4,5,6
3

board=........................O......X...O..X...|valid=0,1,2,3,4,5,6
3

board=.................X......O......X...O.OX...|valid=0,1,2,3,4,5,6
3

board=..........X......X......O...O..X...O.OX...|valid=0,1,2,3,4,5,6
3

board=...X......X......X......O...O..X...O.OXO..|valid=0,1,2,4,5,6
0

board=...X......X......X...X..O...O.OX...O.OXO..|valid=0,1,2,4,5,6
4

board=...X......X...O..X...X..O...O.OXX..O.OXO..|valid=0,1,2,4,5,6
4

board=...X......X...O..X...X..OX..O.OXX..O.OXO.O|valid=0,1,2,4,5,6
4

board=...X......X...O..XX..X..OX..O.OXX.OO.OXO.O|valid=0,1,2,4,5,6
4

board=..........................................|valid=0,1,2,3,4,5,6
3

board=.....................................OX...|valid=0,1,2,3,4,5,6
3

board=..............................OX.....OX...|valid=0,1,2,3,4,5,6
3

board=........................X.....OX....OOX...|valid=0,1,2,3,4,5,6
3

board=..........................................|valid=0,1,2,3,4,5,6
3

board=......................................X..O|valid=0,1,2,3,4,5,6
3

board=...............................X.....OX..O|valid=0,1,2,3,4,5,6
3

board=........................X......X.....OXO.O|valid=0,1,2,3,4,5,6
3

board=..........................................|valid=0,1,2,3,4,5,6
3

board=......................................X..O|valid=0,1,2,3,4,5,6
3

board=...............................X......XO.O|valid=0,1,2,3,4,5,6
4

board=........................O......XX.....XO.O|valid=0,1,2,3,4,5,6
3

board=.................X......O......XX.O...XO.O|valid=0,1,2,3,4,5,6
4

board=.................X......OX.....XX.O...XOOO|valid=0,1,2,3,4,5,6
5

board=.................X......OX.....XXXOO..XOOO|valid=0,1,2,3,4,5,6
4

board=..........O......XX.....OX.....XXXOO..XOOO|valid=0,1,2,3,4,5,6
4

board=..........................................|valid=0,1,2,3,4,5,6
3

board=....................................O.X...|valid=0,1,2,3,4,5,6
3

board=...............................X....O.X.O.|valid=0,1,2,3,4,5,6
3

board=........................X......X.O..O.X.O.|valid=0,1,2,3,4,5,6
3

board=..........................................|valid=0,1,2,3,4,5,6
3

board=...................................O..X...|valid=0,1,2,3,4,5,6
3

board=...............................X...O..X..O|valid=0,1,2,3,4,5,6
3

board=........................X......X...OO.X..O|valid=0,1,2,3,4,5,6
3

board=..........................................|valid=0,1,2,3,4,5,6
3

board=...................................O..X...|valid=0,1,2,3,4,5,6
3

board=............................O..X...O..X...|valid=0,1,2,3,4,5,6
3

board=........................X...O..X...OO.X...|valid=0,1,2,3,4,5,6
3

board=..........................................|valid=0,1,2,3,4,5,6
3

board=......................................XO..|valid=0,1,2,3,4,5,6
3

board=...............................X...O..XO..|valid=0,1,2,3,4,5,6
3

board=........................X......XO..O..XO..|valid=0,1,2,3,4,5,6
3

board=..........................................|valid=0,1,2,3,4,5,6
3

board=......................................X..O|valid=0,1,2,3,4,5,6
3

board=...............................X......X.OO|valid=0,1,2,3,4,5,6
3

board=........................X......X.O....X.OO|valid=0,1,2,3,4,5,6
3

board=..........................................|valid=0,1,2,3,4,5,6
3

board=......................................X.O.|valid=0,1,2,3,4,5,6
3

board=...............................X.O....X.O.|valid=0,1,2,3,4,5,6
3

board=........................X......X.O.O..X.O.|valid=0,1,2,3,4,5,6
3

board=..........................................|valid=0,1,2,3,4,5,6
3

board=......................................X..O|valid=0,1,2,3,4,5,6
3

board=........................O......X......X..O|valid=0,1,2,3,4,5,6
3

board=..........O......X......O......X......X..O|valid=0,1,2,3,4,5,6
3

board=...X......O......X......O......X.....OX..O|valid=0,1,2,4,5,6
0

board=...X......O......X......O......X...X.OXO.O|valid=0,1,2,4,5,6
4

board=...X......O......X......O......XX..X.OXOOO|valid=0,1,2,4,5,6
4

board=...X......O......X......OX.....XXO.X.OXOOO|valid=0,1,2,4,5,6
4

board=...X......O......XX.....OX.....XXO.XOOXOOO|valid=0,1,2,4,5,6
4

board=..........................................|valid=0,1,2,3,4,5,6
3

board=......................................X.O.|valid=0,1,2,3,4,5,6
3

board=...............................X......XOO.|valid=0,1,2,3,4,5,6
4

board=...............................XXO....XOO.|valid=0,1,2,3,4,5,6
3

board=........................X......XXO....XOOO|valid=0,1,2,3,4,5,6
4

board=........................XX.....XXO...OXOOO|valid=0,1,2,3,4,5,6
3

board=..........................................|valid=0,1,2,3,4,5,6
3

board=.....................................OX...|valid=0,1,2,3,4,5,6
3

board=...............................X.....OX..O|valid=0,1,2,3,4,5,6
3

board=.................O......X......X.....OX..O|valid=0,1,2,3,4,5,6
3

board=..........X......O......X.....OX.....OX..O|valid=0,1,2,3,4,5,6
3

board=...X......X......O......X.....OX..O..OX..O|valid=0,1,2,4,5,6
4

board=...X......X......O......X..O..OX..O..OXX.O|valid=0,1,2,4,5,6
4

board=...X......X......O......X..O..OXX.O.OOXX.O|valid=0,1,2,4,5,6
4

board=...X......X......O.....OXX.O..OXX.O.OOXX.O|valid=0,1,2,4,5,6
4

board=..........................................|valid=0,1,2,3,4,5,6
3

board=....................................O.X...|valid=0,1,2,3,4,5,6
3

board=...............................X....OOX...|valid=0,1,2,3,4,5,6
5

board=........................O......X....OOX.X.|valid=0,1,2,3,4,5,6
4

board=........................O......X.O..OOXXX.|valid=0,1,2,3,4,5,6
3

board=.................X......O.O....X.O..OOXXX.|valid=0,1,2,3,4,5,6
5

board=.................X.X....O.O..O.X.O..OOXXX.|valid=0,1,2,3,4,5,6
3

board=..........X.O....X.X....O.O..O.X.O..OOXXX.|valid=0,1,2,3,4,5,6
3

board=...X......X.O....X.X....O.O..OOX.O..OOXXX.|valid=0,1,2,4,5,6
4

board=...X......X.O....X.X..O.O.O..OOXXO..OOXXX.|valid=0,1,2,4,5,6
4

board=...X.O....X.O....X.X..O.OXO..OOXXO..OOXXX.|valid=0,1,2,4,6
4

board=..........................................|valid=0,1,2,3,4,5,6
3

board=......................................X..O|valid=0,1,2,3,4,5,6
3

board=...............................X...O..X..O|valid=0,1,2,3,4,5,6
3

board=........................X......X...O..XO.O|valid=0,1,2,3,4,5,6
3

board=..........................................|valid=0,1,2,3,4,5,6
3

board=...............................O......X...|valid=0,1,2,3,4,5,6
3

board=.................O......X......O......X...|valid=0,1,2,3,4,5,6
3

board=..........X......O......X......O......X..O|valid=0,1,2,3,4,5,6
3

board=...X......X......O......X......O..O...X..O|valid=0,1,2,4,5,6
4

board=...X......X......O......X......O..OO..XX.O|valid=0,1,2,4,5,6
4

board=...X......X......O......X..O...OX.OO..XX.O|valid=0,1,2,4,5,6
4

board=...X......X......O......XX.O...OX.OO..XXOO|valid=0,1,2,4,5,6
4

board=..........................................|valid=0,1,2,3,4,5,6
3

board=...................................O..X...|valid=0,1,2,3,4,5,6
3

board=...............................X...O..X..O|valid=0,1,2,3,4,5,6
3

board=........................X......X...OO.X..O|valid=0,1,2,3,4,5,6
3

board=..........................................|valid=0,1,2,3,4,5,6
3

board=....................................O.X...|valid=0,1,2,3,4,5,6
3

board=...............................X....O.X.O.|valid=0,1,2,3,4,5,6
3

board=........................X......X....O.X.OO|valid=0,1,2,3,4,5,6
4

board=........................X......X....OOXXOO|valid=0,1,2,3,4,5,6
4

board=........................X.....OXX...OOXXOO|valid=0,1,2,3,4,5,6
4

board=.................O......XX....OXX...OOXXOO|valid=0,1,2,3,4,5,6
5

board=.................O.....OXX....OXXX..OOXXOO|valid=0,1,2,3,4,5,6
5

board=.................O.O...OXXX...OXXX..OOXXOO|valid=0,1,2,3,4,5,6
3

board=..........X.O....O.O...OXXX...OXXX..OOXXOO|valid=0,1,2,3,4,5,6
3

board=...X......X.O....O.O...OXXX...OXXXO.OOXXOO|valid=0,1,2,4,5,6
4

board=..........................................|valid=0,1,2,3,4,5,6
3

board=.....................................OX...|valid=0,1,2,3,4,5,6
3

board=...............................X....OOX...|valid=0,1,2,3,4,5,6
5

board=...............................X.O..OOX.X.|valid=0,1,2,3,4,5,6
4

board=.............................O.X.O..OOXXX.|valid=0,1,2,3,4,5,6
3

board=.................O......X....O.X.O..OOXXX.|valid=0,1,2,3,4,5,6
3

board=..........X......O......X....O.X.O.OOOXXX.|valid=0,1,2,3,4,5,6
3

board=...X......X......O......X.O..O.X.O.OOOXXX.|valid=0,1,2,4,5,6
4

board=...X......X......O.O....X.O..O.XXO.OOOXXX.|valid=0,1,2,4,5,6
4

board=...X......X......O.O....XXO..OOXXO.OOOXXX.|valid=0,1,2,4,5,6
4

board=..........................................|valid=0,1,2,3,4,5,6
3

board=...............................O......X...|valid=0,1,2,3,4,5,6
3

board=........................X......O.....OX...|valid=0,1,2,3,4,5,6
3

board=.................X......X......O.....OX.O.|valid=0,1,2,3,4,5,6
3

board=..........X......X......X......O.....OXOO.|valid=0,1,2,3,4,5,6
3

board=..........................................|valid=0,1,2,3,4,5,6
3

board=.....................................OX...|valid=0,1,2,3,4,5,6
3

board=...............................X...O.OX...|valid=0,1,2,3,4,5,6
3

board=........................X.....OX...O.OX...|valid=0,1,2,3,4,5,6
3

board=..........................................|valid=0,1,2,3,4,5,6
3

board=...................................O..X...|valid=0,1,2,3,4,5,6
3

board=...............................X...O..X..O|valid=0,1,2,3,4,5,6
3

board=........................X...O..X...O..X..O|valid=0,1,2,3,4,5,6
3

board=..........................................|valid=0,1,2,3,4,5,6
3

board=...............................O......X...|valid=0,1,2,3,4,5,6
3

board=........................X......O.....OX...|valid=0,1,2,3,4,5,6
3

board=.................X......X......O.....OX..O|valid=0,1,2,3,4,5,6
3

board=..........X......X......X......O..O..OX..O|valid=0,1,2,3,4,5,6
3

board=..........................................|valid=0,1,2,3,4,5,6
3

board=......................................XO..|valid=0,1,2,3,4,5,6
3

board=...............................X......XOO.|valid=0,1,2,3,4,5,6
4

board=...............................XX...O.XOO.|valid=0,1,2,3,4,5,6
3

board=........................X......XX...OOXOO.|valid=0,1,2,3,4,5,6
4

board=........................XX...O.XX...OOXOO.|valid=0,1,2,3,4,5,6
5

board=........................XXO..O.XXX..OOXOO.|valid=0,1,2,3,4,5,6
3

board=..........................................|valid=0,1,2,3,4,5,6
3

board=......................................X.O.|valid=0,1,2,3,4,5,6
3

board=........................O......X......X.O.|valid=0,1,2,3,4,5,6
3

board=..........O......X......O......X......X.O.|valid=0,1,2,3,4,5,6
3

board=...X......O......X......O......X......XOO.|valid=0,1,2,4,5,6
4

board=...X......O......X......O......XXO....XOO.|valid=0,1,2,4,5,6
4

board=...X......O......X......OX.....XXO.O..XOO.|valid=0,1,2,4,5,6
4

board=...X......O......XX.....OXO....XXO.O..XOO.|valid=0,1,2,4,5,6
4

board=..........................................|valid=0,1,2,3,4,5,6
3

board=......................................X.O.|valid=0,1,2,3,4,5,6
3

board=...............................X......X.OO|valid=0,1,2,3,4,5,6
3

board=........................X......X..O...X.OO|valid=0,1,2,3,4,5,6
3

board=..........................................|valid=0,1,2,3,4,5,6
3

board=...................................O..X...|valid=0,1,2,3,4,5,6
3

board=...............................X...O..XO..|valid=0,1,2,3,4,5,6
3

board=........................X...O..X...O..XO..|valid=0,1,2,3,4,5,6
3

board=..........................................|valid=0,1,2,3,4,5,6
3

board=......................................X..O|valid=0,1,2,3,4,5,6
3

board=...............................X......X.OO|valid=0,1,2,3,4,5,6
3

board=........................X......X....O.X.OO|valid=0,1,2,3,4,5,6
4

board=........................X......X..O.O.XXOO|valid=0,1,2,3,4,5,6
4

board=........................X..O...XX.O.O.XXOO|valid=0,1,2,3,4,5,6
4

board=..................O.....XX.O...XX.O.O.XXOO|valid=0,1,2,3,4,5,6
3

board=..........................................|valid=0,1,2,3,4,5,6
3

board=......................................X..O|valid=0,1,2,3,4,5,6
3

board=...............................X.....OX..O|valid=0,1,2,3,4,5,6
3

board=........................X......X..O..OX..O|valid=0,1,2,3,4,5,6
3

board=..........................................|valid=0,1,2,3,4,5,6
3

board=......................................XO..|valid=0,1,2,3,4,5,6
3

board=........................O......X......XO..|valid=0,1,2,3,4,5,6
3

board=.................X......O......X...O..XO..|valid=0,1,2,3,4,5,6
3

board=..........X......X......O......X...OO.XO..|valid=0,1,2,3,4,5,6
3

board=...X......X......X......O......X...OO.XOO.|valid=0,1,2,4,5,6
4

board=...X......X......X......OO.....XX..OO.XOO.|valid=0,1,2,4,5,6
4

board=...X......X......XX.....OO..O..XX..OO.XOO.|valid=0,1,2,4,5,6
4

board=...X......XX.....XX.....OO..OO.XX..OO.XOO.|valid=0,1,2,4,5,6
4

board=...XX.....XX.....XX..O..OO..OO.XX..OO.XOO.|valid=0,1,2,5,6
2

board=...XX.....XX.....XX..O..OO..OO.XXO.OOXXOO.|valid=0,1,2,5,6
2

board=...XX.....XX.....XX..O..OO..OOXXXO.OOXXOOO|valid=0,1,2,5,6
2

board=...XX.....XX.....XX..O.XOOO.OOXXXO.OOXXOOO|valid=0,1,2,5,6
2

board=..........................................|valid=0,1,2,3,4,5,6
3

board=.....................................OX...|valid=0,1,2,3,4,5,6
3

board=..............................OX.....OX...|valid=0,1,2,3,4,5,6
3

board=........................X.....OX....OOX...|valid=0,1,2,3,4,5,6
3

board=..........................................|valid=0,1,2,3,4,5,6
3

board=...................................O..X...|valid=0,1,2,3,4,5,6
3

board=...............................X...O..XO..|valid=0,1,2,3,4,5,6
3

board=........................X...O..X...O..XO..|valid=0,1,2,3,4,5,6
3

board=..........................................|valid=0,1,2,3,4,5,6
3

board=...................................O..X...|valid=0,1,2,3,4,5,6
3

board=...............................X...O..X.O.|valid=0,1,2,3,4,5,6
3

board=........................X......X.O.O..X.O.|valid=0,1,2,3,4,5,6
3

board=..........................................|valid=0,1,2,3,4,5,6
3

board=....................................O.X...|valid=0,1,2,3,4,5,6
3

board=...............................X....OOX...|valid=0,1,2,3,4,5,6
5

board=..............................OX....OOX.X.|valid=0,1,2,3,4,5,6
3

board=........................X.....OX.O..OOX.X.|valid=0,1,2,3,4,5,6
4

board=........................X.....OX.O..OOXXXO|valid=0,1,2,3,4,5,6
4

board=........................X.....OXXOO.OOXXXO|valid=0,1,2,3,4,5,6
3

board=..........................................|valid=0,1,2,3,4,5,6
3

board=...............................O......X...|valid=0,1,2,3,4,5,6
3

board=.................O......X......O......X...|valid=0,1,2,3,4,5,6
3

board=..........X......O......X......O....O.X...|valid=0,1,2,3,4,5,6
3

board=...X......X......O......X....O.O....O.X...|valid=0,1,2,4,5,6
4

board=...X......X......O......X....O.O....O.XXO.|valid=0,1,2,4,5,6
4

board=...X......X......O......X....O.OX...O.XXOO|valid=0,1,2,4,5,6
4

board=...X......X......O......XX...O.OX..OO.XXOO|valid=0,1,2,4,5,6
4

board=..........................................|valid=0,1,2,3,4,5,6
3

board=......................................X.O.|valid=0,1,2,3,4,5,6
3

board=...............................X......XOO.|valid=0,1,2,3,4,5,6
4

board=.........................O.....XX.....XOO.|valid=0,1,2,3,4,5,6
5

board=.........................O.....XXX...OXOO.|valid=0,1,2,3,4,5,6
3

board=........................XO.....XXX...OXOOO|valid=0,1,2,3,4,5,6
4

board=.................OX.....XO.....XXX...OXOOO|valid=0,1,2,3,4,5,6
5

board=.................OX.....XOX...OXXX...OXOOO|valid=0,1,2,3,4,5,6
3

board=..........X......OX.....XOX...OXXX.O.OXOOO|valid=0,1,2,3,4,5,6
3

board=...X......X......OXO....XOX...OXXX.O.OXOOO|valid=0,1,2,4,5,6
4

board=...X......XX.....OXO....XOX...OXXXOO.OXOOO|valid=0,1,2,4,5,6
4

board=...XX.....XX.....OXO....XOX.O.OXXXOO.OXOOO|valid=0,1,2,5,6
5

board=...XX.....XXX....OXO....XOX.O.OXXXOOOOXOOO|valid=0,1,2,5,6
6

board=...XX.....XXX....OXO....XOXXOOOXXXOOOOXOOO|valid=0,1,2,5,6
6

board=..........................................|valid=0,1,2,3,4,5,6
3

board=......................................X..O|valid=0,1,2,3,4,5,6
3

board=...............................X......X.OO|valid=0,1,2,3,4,5,6
3

board=........................X......X....O.X.OO|valid=0,1,2,3,4,5,6
4

board=........................X....O.X....O.XXOO|valid=0,1,2,3,4,5,6
4

board=........................XO...O.XX...O.XXOO|valid=0,1,2,3,4,5,6
5

board=........................XO...O.XXX.OO.XXOO|valid=0,1,2,3,4,5,6
5

board=...................O....XOX..O.XXX.OO.XXOO|valid=0,1,2,3,4,5,6
4

board=..................XO....XOX..O.XXX.OOOXXOO|valid=0,1,2,3,4,5,6
4

board=...........X......XO....XOX..OOXXX.OOOXXOO|valid=0,1,2,3,4,5,6
3

board=..........................................|valid=0,1,2,3,4,5,6
3

board=...................................O..X...|valid=0,1,2,3,4,5,6
3

board=........................O......X...O..X...|valid=0,1,2,3,4,5,6
3

board=.................X......O......X...O..XO..|valid=0,1,2,3,4,5,6
3

board=...O......X......X......O......X...O..XO..|valid=0,1,2,4,5,6
0

board=...O......X......X......O...X..X...O.OXO..|valid=0,1,2,4,5,6
0

board=...O......X......X...X..O...X..X...O.OXO.O|valid=0,1,2,4,5,6
4

board=...O......X......X...X..O...X..XX..O.OXOOO|valid=0,1,2,4,5,6
4

board=...O......X......X...X..OX..X.OXX..O.OXOOO|valid=0,1,2,4,5,6
4

board=...O......X......XX..X..OX..X.OXXO.O.OXOOO|valid=0,1,2,4,5,6
4

board=..........................................|valid=0,1,2,3,4,5,6
3

board=......................................XO..|valid=0,1,2,3,4,5,6
3

board=...............................X......XOO.|valid=0,1,2,3,4,5,6
4

board=.........................O.....XX.....XOO.|valid=0,1,2,3,4,5,6
5

board=..................O......O.....XXX....XOO.|valid=0,1,2,3,4,5,6
3

board=..................O.....XO.....XXX...OXOO.|valid=0,1,2,3,4,5,6
3

board=..........................................|valid=0,1,2,3,4,5,6
3

board=...................................O..X...|valid=0,1,2,3,4,5,6
3

board=...............................X...OO.X...|valid=0,1,2,3,4,5,6
3

board=........................X......X...OOOX...|valid=0,1,2,3,4,5,6
3

board=..........................................|valid=0,1,2,3,4,5,6
3

board=......................................X..O|valid=0,1,2,3,4,5,6
3

board=...............................X......X.OO|valid=0,1,2,3,4,5,6
3

board=........................X......X..O...X.OO|valid=0,1,2,3,4,5,6
3

board=..........................................|valid=0,1,2,3,4,5,6
3

board=...............................O......X...|valid=0,1,2,3,4,5,6
3

board=........................X......O...O..X...|valid=0,1,2,3,4,5,6
3

board=.................X......X......O...O..XO..|valid=0,1,2,3,4,5,6
3

board=..........X......X......X......O...O..XO.O|valid=0,1,2,3,4,5,6
3

board=..........................................|valid=0,1,2,3,4,5,6
3

board=......................................X.O.|valid=0,1,2,3,4,5,6
3

board=...............................X.....OX.O.|valid=0,1,2,3,4,5,6
3

board=.................O......X......X.....OX.O.|valid=0,1,2,3,4,5,6
3

board=..........X......O......X......X...O.OX.O.|valid=0,1,2,3,4,5,6
3

board=...X......X......O......X......X...O.OXOO.|valid=0,1,2,4,5,6
4

board=...X......X......O......X...O..XX..O.OXOO.|valid=0,1,2,4,5,6
4

board=...X......X......O...O..XX..O..XX..O.OXOO.|valid=0,1,2,4,5,6
4

board=...X......X......OX..O..XX..O..XX..O.OXOOO|valid=0,1,2,4,5,6
4

board=..........................................|valid=0,1,2,3,4,5,6
3

board=...................................O..X...|valid=0,1,2,3,4,5,6
3

board=...............................X...O..XO..|valid=0,1,2,3,4,5,6
3

board=........................X......XO..O..XO..|valid=0,1,2,3,4,5,6
3

board=..........................................|valid=0,1,2,3,4,5,6
3

board=....................................O.X...|valid=0,1,2,3,4,5,6
3

board=...............................X....O.X.O.|valid=0,1,2,3,4,5,6
3

board=........................X......X.O..O.X.O.|valid=0,1,2,3,4,5,6
3

board=..........................................|valid=0,1,2,3,4,5,6
3

board=......................................X..O|valid=0,1,2,3,4,5,6
3

board=...............................X...O..X..O|valid=0,1,2,3,4,5,6
3

board=........................X......X...OO.X..O|valid=0,1,2,3,4,5,6
3

board=..........................................|valid=0,1,2,3,4,5,6
3

board=......................................X..O|valid=0,1,2,3,4,5,6
3

board=...............................X......X.OO|valid=0,1,2,3,4,5,6
3

board=........................X......X......XOOO|valid=0,1,2,3,4,5,6
3

board=..........................................|valid=0,1,2,3,4,5,6
3

board=......................................X.O.|valid=0,1,2,3,4,5,6
3

board=...............................X......XOO.|valid=0,1,2,3,4,5,6
4

board=........................O......XX.....XOO.|valid=0,1,2,3,4,5,6
3

board=.................X......O......XX.....XOOO|valid=0,1,2,3,4,5,6
4

board=.................X......OX.....XX...O.XOOO|valid=0,1,2,3,4,5,6
4

board=..........O......XX.....OX.....XX...O.XOOO|valid=0,1,2,3,4,5,6
4

board=..........................................|valid=0,1,2,3,4,5,6
3

board=...............................O......X...|valid=0,1,2,3,4,5,6
3

board=........................X......O......X.O.|valid=0,1,2,3,4,5,6
3

board=.................X......X......O.....OX.O.|valid=0,1,2,3,4,5,6
3

board=...O......X......X......X......O.....OX.O.|valid=0,1,2,4,5,6
0

board=...O......X......X......X......O...X.OX.OO|valid=0,1,2,4,5,6
4

board=...O......X......X......X.....OO...X.OXXOO|valid=0,1,2,4,5,6
4

board=...O......X......X......X.....OOX..XOOXXOO|valid=0,1,2,4,5,6
4

board=...O......X......X......XX....OOX.OXOOXXOO|valid=0,1,2,4,5,6
4

board=..........................................|valid=0,1,2,3,4,5,6
3

board=.....................................OX...|valid=0,1,2,3,4,5,6
3

board=..............................OX.....OX...|valid=0,1,2,3,4,5,6
3

board=........................X.....OX.....OX..O|valid=0,1,2,3,4,5,6
3

board=..........................................|valid=0,1,2,3,4,5,6
3

board=...............................O......X...|valid=0,1,2,3,4,5,6
3

board=........................X......O...O..X...|valid=0,1,2,3,4,5,6
3

board=.................X......X......O...O..X..O|valid=0,1,2,3,4,5,6
3

board=..........X......X......X......O...O.OX..O|valid=0,1,2,3,4,5,6
3

board=..........................................|valid=0,1,2,3,4,5,6
3

board=.....................................OX...|valid=0,1,2,3,4,5,6
3

board=...............................X.....OXO..|valid=0,1,2,3,4,5,6
3

board=........................X.....OX.....OXO..|valid=0,1,2,3,4,5,6
3

board=..........................................|valid=0,1,2,3,4,5,6
3

board=...............................O......X...|valid=0,1,2,3,4,5,6
3

board=........................X......O......X.O.|valid=0,1,2,3,4,5,6
3

board=.................X......X......O...O..X.O.|valid=0,1,2,3,4,5,6
3

board=..........X......X......X......O...O.OX.O.|valid=0,1,2,3,4,5,6
3

board=..........................................|valid=0,1,2,3,4,5,6
3

board=....................................O.X...|valid=0,1,2,3,4,5,6
3

board=...............................X...OO.X...|valid=0,1,2,3,4,5,6
3

board=........................X....O.X...OO.X...|valid=0,1,2,3,4,5,6
3

board=..........................................|valid=0,1,2,3,4,5,6
3

board=.....................................OX...|valid=0,1,2,3,4,5,6
3

board=...............................X.....OXO..|valid=0,1,2,3,4,5,6
3

board=........................X......X.....OXO.O|valid=0,1,2,3,4,5,6
3

board=..........................................|valid=0,1,2,3,4,5,6
3

board=......................................XO..|valid=0,1,2,3,4,5,6
3

board=...............................XO.....XO..|valid=0,1,2,3,4,5,6
3

board=........................XO.....XO.....XO..|valid=0,1,2,3,4,5,6
5

board=........................XO.....XO...O.XOX.|valid=0,1,2,3,4,5,6
5

board=........................XOO....XOX..O.XOX.|valid=0,1,2,3,4,5,6
3

board=..........................................|valid=0,1,2,3,4,5,6
3

board=......................................X.O.|valid=0,1,2,3,4,5,6
3

board=...............................X......X.OO|valid=0,1,2,3,4,5,6
3

board=.................O......X......X......X.OO|valid=0,1,2,3,4,5,6
3

board=..........X......O......X......X....O.X.OO|valid=0,1,2,3,4,5,6
3

board=...X......X......O......X......X..O.O.X.OO|valid=0,1,2,4,5,6
4

board=...X......X......O......X......X..O.OOXXOO|valid=0,1,2,4,5,6
4

board=...X......X......O......X......XXOO.OOXXOO|valid=0,1,2,4,5,6
4

board=...X......X......O......XX.O...XXOO.OOXXOO|valid=0,1,2,4,5,6
4

board=..........................................|valid=0,1,2,3,4,5,6
3

board=......................................X.O.|valid=0,1,2,3,4,5,6
3

board=........................O......X......X.O.|valid=0,1,2,3,4,5,6
3

board=.................X......O......X.....OX.O.|valid=0,1,2,3,4,5,6
3

board=..........X......X......O......X.....OX.OO|valid=0,1,2,3,4,5,6
3

board=...X......X......X......O......X...O.OX.OO|valid=0,1,2,4,5,6
0

board=...X......X......X......O...X..X...O.OXOOO|valid=0,1,2,4,5,6
4

board=...X......X......X......O...X..XX.OO.OXOOO|valid=0,1,2,4,5,6
4

board=...X......X......X......OX..X..XXOOO.OXOOO|valid=0,1,2,4,5,6
4

board=...X......X......XX.....OX..X.OXXOOO.OXOOO|valid=0,1,2,4,5,6
4

board=..........................................|valid=0,1,2,3,4,5,6
3

board=...............................O......X...|valid=0,1,2,3,4,5,6
3

board=.................O......X......O......X...|valid=0,1,2,3,4,5,6
3

board=..........X......O......X......O......XO..|valid=0,1,2,3,4,5,6
3

board=...X......X......O......X......O...O..XO..|valid=0,1,2,4,5,6
4

board=...X......X......O......X...O..OX..O..XO..|valid=0,1,2,4,5,6
4

board=...X......X......O......XX..O..OX..O.OXO..|valid=0,1,2,4,5,6
4

board=...X......X......OX.....XX..O..OX..O.OXOO.|valid=0,1,2,4,5,6
4

board=..........................................|valid=0,1,2,3,4,5,6
3

board=...............................O......X...|valid=0,1,2,3,4,5,6
3

board=........................X......O...O..X...|valid=0,1,2,3,4,5,6
3

board=.................X......X...O..O...O..X...|valid=0,1,2,3,4,5,6
3

board=...O......X......X......X...O..O...O..X...|valid=0,1,2,4,5,6
0

board=...O......X......X...X..X...O..O...O..X.O.|valid=0,1,2,4,5,6
4

board=...O......X......X...X..X...O..O.O.O..XXO.|valid=0,1,2,4,5,6
4

board=...O......X......X...X..XO..O..OXO.O..XXO.|valid=0,1,2,4,5,6
4

board=...O......X......XX..X..XO..O..OXO.O.OXXO.|valid=0,1,2,4,5,6
4

board=...O......XX.....XX..X..XO..O..OXO.OOOXXO.|valid=0,1,2,4,5,6
4

board=...OX.....XX..O..XX..X..XO..O..OXO.OOOXXO.|valid=0,1,2,5,6
5

board=...OX..O..XX..O..XX..X..XOX.O..OXO.OOOXXO.|valid=0,1,2,5,6
6

board=...OX..O..XX..O..XX..X..XOX.O.OOXO.OOOXXOX|valid=0,1,2,5,6
5

board=...OX..O..XX..O..XXX.X..XOX.O.OOXOOOOOXXOX|valid=0,1,2,5,6
5

board=O..OX..O..XXX.O..XXX.X..XOX.O.OOXOOOOOXXOX|valid=1,2,5,6
1

board=O..OX..O..XXX.O..XXX.X..XOXOOXOOXOOOOOXXOX|valid=1,2,5,6
1

board=O..OX..O..XXX.O..XXX.XXOXOXOOXOOXOOOOOXXOX|valid=1,2,5,6
1

board=O..OXO.O..XXX.OX.XXX.XXOXOXOOXOOXOOOOOXXOX|valid=1,2,6
1

board=..........................................|valid=0,1,2,3,4,5,6
3

board=...................................O..X...|valid=0,1,2,3,4,5,6
3

board=...............................X...O..XO..|valid=0,1,2,3,4,5,6
3

board=........................X...O..X...O..XO..|valid=0,1,2,3,4,5,6
3

board=..........................................|valid=0,1,2,3,4,5,6
3

board=....................................O.X...|valid=0,1,2,3,4,5,6
3

board=...............................X....O.X..O|valid=0,1,2,3,4,5,6
3

board=.................O......X......X....O.X..O|valid=0,1,2,3,4,5,6
3

board=..........X......O......X......X....OOX..O|valid=0,1,2,3,4,5,6
3

board=...X......X......O......X....O.X....OOX..O|valid=0,1,2,4,5,6
4

board=...X......X......O......X....O.X....OOXXOO|valid=0,1,2,4,5,6
4

board=...X......X......O......X....O.XX..OOOXXOO|valid=0,1,2,4,5,6
4

board=...X......X......O......XX...O.XX.OOOOXXOO|valid=0,1,2,4,5,6
4

board=..........................................|valid=0,1,2,3,4,5,6
3

board=...................................O..X...|valid=0,1,2,3,4,5,6
3

board=............................O..X...O..X...|valid=0,1,2,3,4,5,6
3

board=........................X...O..X...O..XO..|valid=0,1,2,3,4,5,6
3

board=..........................................|valid=0,1,2,3,4,5,6
3

board=....................................O.X...|valid=0,1,2,3,4,5,6
3

board=...............................X....O.X.O.|valid=0,1,2,3,4,5,6
3

board=........................X......X....O.XOO.|valid=0,1,2,3,4,5,6
4

board=........................X......XX..OO.XOO.|valid=0,1,2,3,4,5,6
4

board=........................XX.....XXO.OO.XOO.|valid=0,1,2,3,4,5,6
2

board=........................XX....OXXO.OOXXOO.|valid=0,1,2,3,4,5,6
3

board=..........................................|valid=0,1,2,3,4,5,6
3

board=......................................X..O|valid=0,1,2,3,4,5,6
3

board=...............................X......X.OO|valid=0,1,2,3,4,5,6
3

board=........................X......X......XOOO|valid=0,1,2,3,4,5,6
3

board=..........................................|valid=0,1,2,3,4,5,6
3

board=...............................O......X...|valid=0,1,2,3,4,5,6
3

board=........................X......O......XO..|valid=0,1,2,3,4,5,6
3

board=..........O......X......X......O......XO..|valid=0,1,2,3,4,5,6
3

board=...X......O......X......X......O......XO.O|valid=0,1,2,4,5,6
0

board=...X......O......X......X......O...XO.XO.O|valid=0,1,2,4,5,6
4

board=...X......O......X......X......OX.OXO.XO.O|valid=0,1,2,4,5,6
4

board=...X......O......X......XX.....OX.OXOOXO.O|valid=0,1,2,4,5,6
4

board=...X......OO.....XX.....XX.....OX.OXOOXO.O|valid=0,1,2,4,5,6
4

board=...XX.....OO.....XX.....XX..O..OX.OXOOXO.O|valid=0,1,2,5,6
5

board=...XX.....OO.....XX.....XX.OO..OX.OXOOXOXO|valid=0,1,2,5,6
5

board=...XX.....OO.....XX.....XX.OO.OOXXOXOOXOXO|valid=0,1,2,5,6
5

board=...XX.....OO.....XXO....XXXOO.OOXXOXOOXOXO|valid=0,1,2,5,6
5

board=...XX.....OOX....XXO.O..XXXOO.OOXXOXOOXOXO|valid=0,1,2,5,6
5

board=...XXX....OOX....XXO.O.OXXXOO.OOXXOXOOXOXO|valid=0,1,2,6
6

board=..........................................|valid=0,1,2,3,4,5,6
3

board=....................................O.X...|valid=0,1,2,3,4,5,6
3

board=...............................X....O.X..O|valid=0,1,2,3,4,5,6
3

board=.................O......X......X....O.X..O|valid=0,1,2,3,4,5,6
3

board=..........X......O......X......X....O.X.OO|valid=0,1,2,3,4,5,6
3

board=...X......X......O......X......X...OO.X.OO|valid=0,1,2,4,5,6
4

board=...X......X......O......X......X.O.OO.XXOO|valid=0,1,2,4,5,6
4

board=...X......X......O......X......XXO.OOOXXOO|valid=0,1,2,4,5,6
4

board=...X......X......O......XX.....XXOOOOOXXOO|valid=0,1,2,4,5,6
4

board=..........................................|valid=0,1,2,3,4,5,6
3

board=......................................X..O|valid=0,1,2,3,4,5,6
3

board=...............................X..O...X..O|valid=0,1,2,3,4,5,6
3

board=........................X......X..O...XO.O|valid=0,1,2,3,4,5,6
3

board=..........................................|valid=0,1,2,3,4,5,6
3

board=......................................X.O.|valid=0,1,2,3,4,5,6
3

board=...............................X.....OX.O.|valid=0,1,2,3,4,5,6
3

board=........................X.....OX.....OX.O.|valid=0,1,2,3,4,5,6
3

board=..........................................|valid=0,1,2,3,4,5,6
3

board=......................................X.O.|valid=0,1,2,3,4,5,6
3

board=...............................X.....OX.O.|valid=0,1,2,3,4,5,6
3

board=........................X......X.O...OX.O.|valid=0,1,2,3,4,5,6
3

board=..........................................|valid=0,1,2,3,4,5,6
3

board=......................................X.O.|valid=0,1,2,3,4,5,6
3

board=........................O......X......X.O.|valid=0,1,2,3,4,5,6
3

board=.................X......O......X......X.OO|valid=0,1,2,3,4,5,6
3

board=..........X......X......O......X....O.X.OO|valid=0,1,2,3,4,5,6
3

board=...X......X......X......O....O.X....O.X.OO|valid=0,1,2,4,5,6
4

board=...X......X......X......O....O.X.O..O.XXOO|valid=0,1,2,4,5,6
4

board=...X......X......X......O....O.XXOO.O.XXOO|valid=0,1,2,4,5,6
4

board=...X......X......X......OX.O.O.XXOO.O.XXOO|valid=0,1,2,4,5,6
4

board=..........................................|valid=0,1,2,3,4,5,6
3

board=...............................O......X...|valid=0,1,2,3,4,5,6
3

board=........................X......O......XO..|valid=0,1,2,3,4,5,6
3

board=.................X......X......O......XO.O|valid=0,1,2,3,4,5,6
3

board=..........X......X......X......O..O...XO.O|valid=0,1,2,3,4,5,6
3

board=..........................................|valid=0,1,2,3,4,5,6
3

board=......................................X.O.|valid=0,1,2,3,4,5,6
3

board=...............................X......X.OO|valid=0,1,2,3,4,5,6
3

board=........................X......X......XOOO|valid=0,1,2,3,4,5,6
3

board=..........................................|valid=0,1,2,3,4,5,6
3

board=...............................O......X...|valid=0,1,2,3,4,5,6
3

board=........................X......O....O.X...|valid=0,1,2,3,4,5,6
3

board=.................X......X......O....OOX...|valid=0,1,2,3,4,5,6
3

board=..........X......X......X.....OO....OOX...|valid=0,1,2,3,4,5,6
3

board=..........................................|valid=0,1,2,3,4,5,6
3

board=......................................X.O.|valid=0,1,2,3,4,5,6
3

board=...............................X......XOO.|valid=0,1,2,3,4,5,6
4

board=...............................XX...O.XOO.|valid=0,1,2,3,4,5,6
3

board=........................X......XX...OOXOO.|valid=0,1,2,3,4,5,6
4

board=........................XX...O.XX...OOXOO.|valid=0,1,2,3,4,5,6
5

board=........................XX...OOXXX..OOXOO.|valid=0,1,2,3,4,5,6
5

board=........................XXX..OOXXX..OOXOOO|valid=0,1,2,3,4,5,6
3

board=..........................................|valid=0,1,2,3,4,5,6
3

board=.....................................OX...|valid=0,1,2,3,4,5,6
3

board=...............................X.....OXO..|valid=0,1,2,3,4,5,6
3

board=........................X......X...O.OXO..|valid=0,1,2,3,4,5,6
5

board=........................X......X...O.OXOXO|valid=0,1,2,3,4,5,6
5

board=........................X......X.X.OOOXOXO|valid=0,1,2,3,4,5,6
3

board=..........................................|valid=0,1,2,3,4,5,6
3

board=...................................O..X...|valid=0,1,2,3,4,5,6
3

board=...............................X...O..XO..|valid=0,1,2,3,4,5,6
3

board=........................X......X...OO.XO..|valid=0,1,2,3,4,5,6
3

board=..........................................|valid=0,1,2,3,4,5,6
3

board=....................................O.X...|valid=0,1,2,3,4,5,6
3

board=.............................O.X....O.X...|valid=0,1,2,3,4,5,6
3

board=........................X....O.X....O.X.O.|valid=0,1,2,3,4,5,6
3

board=..........................................|valid=0,1,2,3,4,5,6
3

board=......................................X..O|valid=0,1,2,3,4,5,6
3

board=........................O......X......X..O|valid=0,1,2,3,4,5,6
3

board=.................X......O......X......X.OO|valid=0,1,2,3,4,5,6
3

board=..........X......X......O......X.....OX.OO|valid=0,1,2,3,4,5,6
3

board=...X......X......X......O......X....OOX.OO|valid=0,1,2,4,5,6
4

board=...X......X......X......O......X..O.OOXXOO|valid=0,1,2,4,5,6
4

board=...X......X......X......OO.....XX.O.OOXXOO|valid=0,1,2,4,5,6
4

board=...X......X......XX.....OO.....XXOO.OOXXOO|valid=0,1,2,4,5,6
4

board=...XO.....XX.....XX.....OO.....XXOO.OOXXOO|valid=0,1,2,5,6
5

board=...XO.....XX.....XX.....OOX...OXXOO.OOXXOO|valid=0,1,2,5,6
6

board=...XO.....XX.....XXO....OOXX..OXXOO.OOXXOO|valid=0,1,2,5,6
6

board=..........................................|valid=0,1,2,3,4,5,6
3

board=......................................X.O.|valid=0,1,2,3,4,5,6
3

board=...............................X......X.OO|valid=0,1,2,3,4,5,6
3

board=........................X......X.O....X.OO|valid=0,1,2,3,4,5,6
3

board=..........................................|valid=0,1,2,3,4,5,6
3

board=.....................................OX...|valid=0,1,2,3,4,5,6
3

board=...............................X...O.OX...|valid=0,1,2,3,4,5,6
3

board=........................X...O..X...O.OX...|valid=0,1,2,3,4,5,6
3

board=..........................................|valid=0,1,2,3,4,5,6
3

board=.....................................OX...|valid=0,1,2,3,4,5,6
3

board=...............................X.....OX.O.|valid=0,1,2,3,4,5,6
3

board=........................X......X.....OX.OO|valid=0,1,2,3,4,5,6
4

board=........................X.....OX.....OXXOO|valid=0,1,2,3,4,5,6
4

board=........................X.....OXXO...OXXOO|valid=0,1,2,3,4,5,6
3

board=..........................................|valid=0,1,2,3,4,5,6
3

board=....................................O.X...|valid=0,1,2,3,4,5,6
3

board=...............................X....O.X..O|valid=0,1,2,3,4,5,6
3

board=........................X......X...OO.X..O|valid=0,1,2,3,4,5,6
3

board=..........................................|valid=0,1,2,3,4,5,6
3

board=.....................................OX...|valid=0,1,2,3,4,5,6
3

board=...............................X.....OXO..|valid=0,1,2,3,4,5,6
3

board=.................O......X......X.....OXO..|valid=0,1,2,3,4,5,6
3

board=..........X......O......X......X.....OXO.O|valid=0,1,2,3,4,5,6
3

board=...X......X......O......X......X....OOXO.O|valid=0,1,2,4,5,6
4

board=...X......X......O......X......XX.O.OOXO.O|valid=0,1,2,4,5,6
4

board=...X......X......O......XX.....XX.O.OOXOOO|valid=0,1,2,4,5,6
4

board=...X......X......OX.....XX...O.XX.O.OOXOOO|valid=0,1,2,4,5,6
4

board=..........................................|valid=0,1,2,3,4,5,6
3

board=......................................XO..|valid=0,1,2,3,4,5,6
3

board=...............................X......XO.O|valid=0,1,2,3,4,5,6
4

board=...............................XX.....XOOO|valid=0,1,2,3,4,5,6
4

board=........................OX.....XX.....XOOO|valid=0,1,2,3,4,5,6
4

board=..................X.....OX.....XX...O.XOOO|valid=0,1,2,3,4,5,6
3

board=.................XX.....OX.....XX.O.O.XOOO|valid=0,1,2,3,4,5,6
5

board=.................XX.....OX...O.XXXO.O.XOOO|valid=0,1,2,3,4,5,6
5

board=..........O......XX.....OXX..O.XXXO.O.XOOO|valid=0,1,2,3,4,5,6
4

board=..........................................|valid=0,1,2,3,4,5,6
3

board=......................................X..O|valid=0,1,2,3,4,5,6
3

board=...............................X......XO.O|valid=0,1,2,3,4,5,6
4

board=...............................XX.....XOOO|valid=0,1,2,3,4,5,6
4

board=.........................X.....XX...O.XOOO|valid=0,1,2,3,4,5,6
4

board=..................X......X.....XXO..O.XOOO|valid=0,1,2,3,4,5,6
3

board=.................OX.....XX.....XXO..O.XOOO|valid=0,1,2,3,4,5,6
4

board=..........................................|valid=0,1,2,3,4,5,6
3

board=......................................XO..|valid=0,1,2,3,4,5,6
3

board=...............................X......XO.O|valid=0,1,2,3,4,5,6
4

board=...............................XX...O.XO.O|valid=0,1,2,3,4,5,6
5

board=...............................XX.O.O.XOXO|valid=0,1,2,3,4,5,6
4

board=.........................X.O...XX.O.O.XOXO|valid=0,1,2,3,4,5,6
4

board=..................X......X.O...XXOO.O.XOXO|valid=0,1,2,3,4,5,6
3

board=..................X.....XXOO...XXOO.O.XOXO|valid=0,1,2,3,4,5,6
3

board=..........................................|valid=0,1,2,3,4,5,6
3

board=......................................X.O.|valid=0,1,2,3,4,5,6
3

board=...............................X.O....X.O.|valid=0,1,2,3,4,5,6
3

board=........................X......X.O..O.X.O.|valid=0,1,2,3,4,5,6
3

board=..........................................|valid=0,1,2,3,4,5,6
3

board=......................................X.O.|valid=0,1,2,3,4,5,6
3

board=...............................X...O..X.O.|valid=0,1,2,3,4,5,6
3

board=.................O......X......X...O..X.O.|valid=0,1,2,3,4,5,6
3

board=..........X......O......X......X.O.O..X.O.|valid=0,1,2,3,4,5,6
3

board=...X......X......O......X......X.O.OO.X.O.|valid=0,1,2,4,5,6
4

board=...X......X......O......X......XOO.OO.XXO.|valid=0,1,2,4,5,6
4

board=...X......X......O......XXO....XOO.OO.XXO.|valid=0,1,2,4,5,6
4

board=...X......X......OX.....XXO..O.XOO.OO.XXO.|valid=0,1,2,4,5,6
4

board=...X......XX.....OX...O.XXO..O.XOO.OO.XXO.|valid=0,1,2,4,5,6
4

board=..........................................|valid=0,1,2,3,4,5,6
3

board=......................................XO..|valid=0,1,2,3,4,5,6
3

board=...............................X.....OXO..|valid=0,1,2,3,4,5,6
3

board=........................X......X.....OXO.O|valid=0,1,2,3,4,5,6
3

board=..........................................|valid=0,1,2,3,4,5,6
3

board=...................................O..X...|valid=0,1,2,3,4,5,6
3

board=...............................X...OO.X...|valid=0,1,2,3,4,5,6
3

board=........................X......X...OO.X.O.|valid=0,1,2,3,4,5,6
3

board=..........................................|valid=0,1,2,3,4,5,6
3

board=...................................O..X...|valid=0,1,2,3,4,5,6
3

board=........................O......X...O..X...|valid=0,1,2,3,4,5,6
3

board=..........O......X......O......X...O..X...|valid=0,1,2,3,4,5,6
4

board=...O......O......X......O......X...O..XX..|valid=0,1,2,4,5,6
0

board=...O......O......X...O..O...X..X...O..XX..|valid=0,1,2,4,5,6
4

board=...O......O......X...O..OO..X..XX..O..XX..|valid=0,1,2,4,5,6
4

board=...O......O......XX..O..OO..X..XX..O.OXX..|valid=0,1,2,4,5,6
4

board=...O......OX..O..XX..O..OO..X..XX..O.OXX..|valid=0,1,2,4,5,6
4

board=...OX.....OX..O..XX..O..OO..X..XX..O.OXX.O|valid=0,1,2,5,6
5

board=...OX.....OX..O..XX..O..OO..X..XXO.O.OXXXO|valid=0,1,2,5,6
5

board=...OX.....OX..O..XXO.O..OOX.X..XXO.O.OXXXO|valid=0,1,2,5,6
6

board=...OX.....OX..O..XXO.O..OOX.X.OXXOXO.OXXXO|valid=0,1,2,5,6
6

board=...OX.....OXO.O..XXO.O..OOXXX.OXXOXO.OXXXO|valid=0,1,2,5,6
6

board=..........................................|valid=0,1,2,3,4,5,6
3

board=......................................X.O.|valid=0,1,2,3,4,5,6
3

board=...............................X......XOO.|valid=0,1,2,3,4,5,6
4

board=.........................O.....XX.....XOO.|valid=0,1,2,3,4,5,6
5

board=.........................O.....XXX....XOOO|valid=0,1,2,3,4,5,6
3

board=........................XO.....XXX..O.XOOO|valid=0,1,2,3,4,5,6
4

board=..................X.....XO.....XXX..OOXOOO|valid=0,1,2,3,4,5,6
5

board=..................X.....XOX....XXX.OOOXOOO|valid=0,1,2,3,4,5,6
3

board=..........................................|valid=0,1,2,3,4,5,6
3

board=......................................XO..|valid=0,1,2,3,4,5,6
3

board=...............................X......XO.O|valid=0,1,2,3,4,5,6
4

board=...............................XX...O.XO.O|valid=0,1,2,3,4,5,6
5

board=...............................XX..OO.XOXO|valid=0,1,2,3,4,5,6
4

board=.........................X.....XX.OOO.XOXO|valid=0,1,2,3,4,5,6
4

board=..................X......X.O...XX.OOO.XOXO|valid=0,1,2,3,4,5,6
5

board=..................X......X.OO..XXXOOO.XOXO|valid=0,1,2,3,4,5,6
5

board=..................XO.....XXOO..XXXOOO.XOXO|valid=0,1,2,3,4,5,6
3

board=..................XO.O..XXXOO..XXXOOO.XOXO|valid=0,1,2,3,4,5,6
4

board=..........................................|valid=0,1,2,3,4,5,6
3

board=...................................O..X...|valid=0,1,2,3,4,5,6
3

board=...............................X...O..XO..|valid=0,1,2,3,4,5,6
3

board=........................X......X...OO.XO..|valid=0,1,2,3,4,5,6
3

board=..........................................|valid=0,1,2,3,4,5,6
3

board=....................................O.X...|valid=0,1,2,3,4,5,6
3

board=...............................X....O.X.O.|valid=0,1,2,3,4,5,6
3

board=........................X......X.O..O.X.O.|valid=0,1,2,3,4,5,6
3

board=..........................................|valid=0,1,2,3,4,5,6
3

board=......................................X..O|valid=0,1,2,3,4,5,6
3

board=...............................X......XO.O|valid=0,1,2,3,4,5,6
4

board=...............................XX.O...XO.O|valid=0,1,2,3,4,5,6
5

board=...............................XXOO...XOXO|valid=0,1,2,3,4,5,6
3

board=.................O......X......XXOO...XOXO|valid=0,1,2,3,4,5,6
4

board=.................O......XX.O...XXOO...XOXO|valid=0,1,2,3,4,5,6
3

board=...O......X......O......XX.O...XXOO...XOXO|valid=0,1,2,4,5,6
4

board=...O......X......OX.....XX.O...XXOO..OXOXO|valid=0,1,2,4,5,6
4

board=..........................................|valid=0,1,2,3,4,5,6
3

board=......................................X.O.|valid=0,1,2,3,4,5,6
3

board=...............................X.O....X.O.|valid=0,1,2,3,4,5,6
3

board=........................X......X.O....XOO.|valid=0,1,2,3,4,5,6
3

board=..........................................|valid=0,1,2,3,4,5,6
3

board=......................................X..O|valid=0,1,2,3,4,5,6
3

board=...............................X..O...X..O|valid=0,1,2,3,4,5,6
3

board=........................X......X..O...XO.O|valid=0,1,2,3,4,5,6
3

board=..........................................|valid=0,1,2,3,4,5,6
3

board=...................................O..X...|valid=0,1,2,3,4,5,6
3

board=...............................X...OO.X...|valid=0,1,2,3,4,5,6
3

board=........................X......X...OO.XO..|valid=0,1,2,3,4,5,6
3

board=..........................................|valid=0,1,2,3,4,5,6
3

board=.....................................OX...|valid=0,1,2,3,4,5,6
3

board=...............................X.....OX..O|valid=0,1,2,3,4,5,6
3

board=........................X......X...O.OX..O|valid=0,1,2,3,4,5,6
4

board=........................X.....OX...O.OXX.O|valid=0,1,2,3,4,5,6
5

board=.......................OX.....OX...O.OXXXO|valid=0,1,2,3,4,5,6
3

board=..........................................|valid=0,1,2,3,4,5,6
3

board=....................................O.X...|valid=0,1,2,3,4,5,6
3

board=.............................O.X....O.X...|valid=0,1,2,3,4,5,6
3

board=......................O.X....O.X....O.X...|valid=0,1,2,3,4,5,6
3

board=..........................................|valid=0,1,2,3,4,5,6
3

board=.....................................OX...|valid=0,1,2,3,4,5,6
3

board=...............................X.....OXO..|valid=0,1,2,3,4,5,6
3

board=........................X......X...O.OXO..|valid=0,1,2,3,4,5,6
5

board=........................X......X...OOOXOX.|valid=0,1,2,3,4,5,6
3

board=..........................................|valid=0,1,2,3,4,5,6
3

board=.....................................OX...|valid=0,1,2,3,4,5,6
3

board=...............................X...O.OX...|valid=0,1,2,3,4,5,6
3

board=........................X......X...O.OX..O|valid=0,1,2,3,4,5,6
4

board=........................X...O..X...O.OXX.O|valid=0,1,2,3,4,5,6
5

board=........................X...O..X..OO.OXXXO|valid=0,1,2,3,4,5,6
3

board=..........................................|valid=0,1,2,3,4,5,6
3

board=......................................X.O.|valid=0,1,2,3,4,5,6
3

board=...............................X...O..X.O.|valid=0,1,2,3,4,5,6
3

board=........................X......X...O..X.OO|valid=0,1,2,3,4,5,6
3

board=..........................................|valid=0,1,2,3,4,5,6
3

board=......................................X.O.|valid=0,1,2,3,4,5,6
3

board=...............................X......X.OO|valid=0,1,2,3,4,5,6
3

board=........................X......X...O..X.OO|valid=0,1,2,3,4,5,6
3

board=..........................................|valid=0,1,2,3,4,5,6
3

board=......................................X.O.|valid=0,1,2,3,4,5,6
3

board=...............................X......X.OO|valid=0,1,2,3,4,5,6
3

board=........................X......X.....OX.OO|valid=0,1,2,3,4,5,6
4

board=........................X......X...O.OXXOO|valid=0,1,2,3,4,5,6
4

board=........................X......XX.OO.OXXOO|valid=0,1,2,3,4,5,6
5

board=........................X..O...XXXOO.OXXOO|valid=0,1,2,3,4,5,6
4

board=..................O.....XX.O...XXXOO.OXXOO|valid=0,1,2,3,4,5,6
5

board=..................O.....XXXO...XXXOOOOXXOO|valid=0,1,2,3,4,5,6
3

board=..........................................|valid=0,1,2,3,4,5,6
3

board=....................................O.X...|valid=0,1,2,3,4,5,6
3

board=...............................X....O.X.O.|valid=0,1,2,3,4,5,6
3

board=........................X....O.X....O.X.O.|valid=0,1,2,3,4,5,6
3

board=..........................................|valid=0,1,2,3,4,5,6
3

board=......................................X..O|valid=0,1,2,3,4,5,6
3

board=...............................X......X.OO|valid=0,1,2,3,4,5,6
3

board=........................X......X.O....X.OO|valid=0,1,2,3,4,5,6
3

board=..........................................|valid=0,1,2,3,4,5,6
3

board=......................................X.O.|valid=0,1,2,3,4,5,6
3

board=...............................X.O....X.O.|valid=0,1,2,3,4,5,6
3

board=........................X......X.O....X.OO|valid=0,1,2,3,4,5,6
3

board=..........................................|valid=0,1,2,3,4,5,6
3

board=...................................O..X...|valid=0,1,2,3,4,5,6
3

board=...............................X...O..X.O.|valid=0,1,2,3,4,5,6
3

board=........................X......X...OO.X.O.|valid=0,1,2,3,4,5,6
3

board=..........................................|valid=0,1,2,3,4,5,6
3

board=...................................O..X...|valid=0,1,2,3,4,5,6
3

board=............................O..X...O..X...|valid=0,1,2,3,4,5,6
3

board=........................X...O..X...O..X.O.|valid=0,1,2,3,4,5,6
3

board=..........................................|valid=0,1,2,3,4,5,6
3

board=......................................X..O|valid=0,1,2,3,4,5,6
3

board=...............................X......XO.O|valid=0,1,2,3,4,5,6
4

board=...............................XX..O..XO.O|valid=0,1,2,3,4,5,6
5

board=...............................XXO.O..XOXO|valid=0,1,2,3,4,5,6
3

board=........................X.O....XXO.O..XOXO|valid=0,1,2,3,4,5,6
4

board=........................XXO....XXO.OO.XOXO|valid=0,1,2,3,4,5,6
3

board=..........................................|valid=0,1,2,3,4,5,6
3

board=...................................O..X...|valid=0,1,2,3,4,5,6
3

board=........................O......X...O..X...|valid=0,1,2,3,4,5,6
3

board=.................X......O...O..X...O..X...|valid=0,1,2,3,4,5,6
3

board=..........X......X......O...O..X...OO.X...|valid=0,1,2,3,4,5,6
3

board=...X......X......X......O...O..X...OOOX...|valid=0,1,2,4,5,6
0

board=...X......X......X...X..O...O.OX...OOOX...|valid=0,1,2,4,5,6
4

board=...X......X......X...X..O...OOOX...OOOXX..|valid=0,1,2,4,5,6
4

board=...X......X......X...X..O...OOOXX..OOOXX.O|valid=0,1,2,4,5,6
4

board=...X......X......X...XO.OX..OOOXX..OOOXX.O|valid=0,1,2,4,5,6
4

board=..........................................|valid=0,1,2,3,4,5,6
3

board=....................................O.X...|valid=0,1,2,3,4,5,6
3

board=...............................X....O.X.O.|valid=0,1,2,3,4,5,6
3

board=........................X......X....O.X.OO|valid=0,1,2,3,4,5,6
4

board=........................X....O.X....O.XXOO|valid=0,1,2,3,4,5,6
4

board=........................X....O.XX..OO.XXOO|valid=0,1,2,3,4,5,6
5

board=........................XO...O.XXX.OO.XXOO|valid=0,1,2,3,4,5,6
5

board=.................O......XOX..O.XXX.OO.XXOO|valid=0,1,2,3,4,5,6
4

board=.................OX.....XOX..O.XXX.OOOXXOO|valid=0,1,2,3,4,5,6
4

board=...........X.....OXO....XOX..O.XXX.OOOXXOO|valid=0,1,2,3,4,5,6
4

board=....X......X.....OXO....XOX..OOXXX.OOOXXOO|valid=0,1,2,3,5,6
5

board=....X......XX....OXO..O.XOX..OOXXX.OOOXXOO|valid=0,1,2,3,5,6
6

board=..........................................|valid=0,1,2,3,4,5,6
3

board=......................................XO..|valid=0,1,2,3,4,5,6
3

board=...............................XO.....XO..|valid=0,1,2,3,4,5,6
3

board=........................XO.....XO.....XO..|valid=0,1,2,3,4,5,6
5

board=........................XO.....XO....OXOX.|valid=0,1,2,3,4,5,6
5

board=........................XO.....XOX..OOXOX.|valid=0,1,2,3,4,5,6
3

board=..........................................|valid=0,1,2,3,4,5,6
3

board=......................................X..O|valid=0,1,2,3,4,5,6
3

board=...............................X..O...X..O|valid=0,1,2,3,4,5,6
3

board=........................X......X..O...XO.O|valid=0,1,2,3,4,5,6
3

board=..........................................|valid=0,1,2,3,4,5,6
3

board=......................................X.O.|valid=0,1,2,3,4,5,6
3

board=...............................X......X.OO|valid=0,1,2,3,4,5,6
3

board=........................X......X..O...X.OO|valid=0,1,2,3,4,5,6
3

board=..........................................|valid=0,1,2,3,4,5,6
3

board=......................................XO..|valid=0,1,2,3,4,5,6
3

board=...............................XO.....XO..|valid=0,1,2,3,4,5,6
3

board=........................X......XO....OXO..|valid=0,1,2,3,4,5,6
3

board=..........................................|valid=0,1,2,3,4,5,6
3

board=......................................X.O.|valid=0,1,2,3,4,5,6
3

board=...............................X......XOO.|valid=0,1,2,3,4,5,6
4

board=.........................O.....XX.....XOO.|valid=0,1,2,3,4,5,6
5

board=..................O......O.....XXX....XOO.|valid=0,1,2,3,4,5,6
3

board=..................O.....XO.....XXX.O..XOO.|valid=0,1,2,3,4,5,6
3

board=..........................................|valid=0,1,2,3,4,5,6
3

board=...............................O......X...|valid=0,1,2,3,4,5,6
3

board=........................X......O...O..X...|valid=0,1,2,3,4,5,6
3

board=.................X......X......O...O..X..O|valid=0,1,2,3,4,5,6
3

board=..........X......X......X......O...O.OX..O|valid=0,1,2,3,4,5,6
3

board=..........................................|valid=0,1,2,3,4,5,6
3

board=......................................X.O.|valid=0,1,2,3,4,5,6
3

board=...............................X....O.X.O.|valid=0,1,2,3,4,5,6
3

board=........................X......X...OO.X.O.|valid=0,1,2,3,4,5,6
3

board=..........................................|valid=0,1,2,3,4,5,6
3

board=......................................X..O|valid=0,1,2,3,4,5,6
3

board=...............................X......X.OO|valid=0,1,2,3,4,5,6
3

board=........................X......X..O...X.OO|valid=0,1,2,3,4,5,6
3

board=..........................................|valid=0,1,2,3,4,5,6
3

board=......................................XO..|valid=0,1,2,3,4,5,6
3

board=...............................X...O..XO..|valid=0,1,2,3,4,5,6
3

board=........................X......X...O.OXO..|valid=0,1,2,3,4,5,6
5

board=........................X......XO..O.OXOX.|valid=0,1,2,3,4,5,6
5

board=........................X......XOX.OOOXOX.|valid=0,1,2,3,4,5,6
4

board=........................XX..O..XOX.OOOXOX.|valid=0,1,2,3,4,5,6
3

board=..........................................|valid=0,1,2,3,4,5,6
3

board=......................................X..O|valid=0,1,2,3,4,5,6
3

board=...............................X....O.X..O|valid=0,1,2,3,4,5,6
3

board=........................X......X..O.O.X..O|valid=0,1,2,3,4,5,6
3

board=..........................................|valid=0,1,2,3,4,5,6
3

board=......................................X..O|valid=0,1,2,3,4,5,6
3

board=........................O......X......X..O|valid=0,1,2,3,4,5,6
3

board=.................X......O......X.....OX..O|valid=0,1,2,3,4,5,6
3

board=..........X......X......O......X.....OXO.O|valid=0,1,2,3,4,5,6
3

board=...X......X......X......O......X..O..OXO.O|valid=0,1,2,4,5,6
4

board=...X......X......X......OO.....XX.O..OXO.O|valid=0,1,2,4,5,6
4

board=...X......X......XX.....OO.....XX.O.OOXO.O|valid=0,1,2,4,5,6
4

board=...X......XX.....XX.....OO.....XX.OOOOXO.O|valid=0,1,2,4,5,6
4

board=...XX.....XX.....XX.....OO....OXX.OOOOXO.O|valid=0,1,2,5,6
5

board=...XX.....XX.....XX.....OO....OXXOOOOOXOXO|valid=0,1,2,5,6
2

board=...XX.....XX....OXX....XOO....OXXOOOOOXOXO|valid=0,1,2,5,6
5

board=...XX.....XX....OXXO...XOOX...OXXOOOOOXOXO|valid=0,1,2,5,6
6

board=...XX.....XX....OXXO...XOOXXO.OXXOOOOOXOXO|valid=0,1,2,5,6
6

board=..........................................|valid=0,1,2,3,4,5,6
3

board=.....................................OX...|valid=0,1,2,3,4,5,6
3

board=...............................X.....OX..O|valid=0,1,2,3,4,5,6
3

board=........................X......X.....OX.OO|valid=0,1,2,3,4,5,6
4

board=........................X......X....OOXXOO|valid=0,1,2,3,4,5,6
4

board=........................X.....OXX...OOXXOO|valid=0,1,2,3,4,5,6
4

board=........................XX....OXXO..OOXXOO|valid=0,1,2,3,4,5,6
3

board=..........................................|valid=0,1,2,3,4,5,6
3

board=......................................X.O.|valid=0,1,2,3,4,5,6
3

board=...............................X.O....X.O.|valid=0,1,2,3,4,5,6
3

board=........................X......X.O.O..X.O.|valid=0,1,2,3,4,5,6
3

board=..........................................|valid=0,1,2,3,4,5,6
3

board=.....................................OX...|valid=0,1,2,3,4,5,6
3

board=...............................X...O.OX...|valid=0,1,2,3,4,5,6
3

board=........................X......X...O.OXO..|valid=0,1,2,3,4,5,6
5

board=........................X...O..X...O.OXOX.|valid=0,1,2,3,4,5,6
5

board=.................O......X...O..X.X.O.OXOX.|valid=0,1,2,3,4,5,6
4

board=.................O...O..X...O..XXX.O.OXOX.|valid=0,1,2,3,4,5,6
5

board=.................O...O..XOX.O..XXX.O.OXOX.|valid=0,1,2,3,4,5,6
3

board=..........X......OO..O..XOX.O..XXX.O.OXOX.|valid=0,1,2,3,4,5,6
5

board=..........................................|valid=0,1,2,3,4,5,6
3

board=...............................O......X...|valid=0,1,2,3,4,5,6
3

board=........................X......O......X.O.|valid=0,1,2,3,4,5,6
3

board=.................X......X......O......X.OO|valid=0,1,2,3,4,5,6
3

board=..........X......X......X......O.....OX.OO|valid=0,1,2,3,4,5,6
3

board=..........................................|valid=0,1,2,3,4,5,6
3

board=......................................XO..|valid=0,1,2,3,4,5,6
3

board=...............................XO.....XO..|valid=0,1,2,3,4,5,6
3

board=........................X......XO..O..XO..|valid=0,1,2,3,4,5,6
3

board=..........................................|valid=0,1,2,3,4,5,6
3

board=....................................O.X...|valid=0,1,2,3,4,5,6
3

board=...............................X....O.X..O|valid=0,1,2,3,4,5,6
3

board=........................X......X....O.XO.O|valid=0,1,2,3,4,5,6
3

board=..........................................|valid=0,1,2,3,4,5,6
3

board=......................................X.O.|valid=0,1,2,3,4,5,6
3

board=...............................X......X.OO|valid=0,1,2,3,4,5,6
3

board=........................X......X..O...X.OO|valid=0,1,2,3,4,5,6
3

board=..........................................|valid=0,1,2,3,4,5,6
3

board=......................................X..O|valid=0,1,2,3,4,5,6
3

board=...............................X......X.OO|valid=0,1,2,3,4,5,6
3

board=........................X......X.O....X.OO|valid=0,1,2,3,4,5,6
3

board=..........................................|valid=0,1,2,3,4,5,6
3

board=......................................XO..|valid=0,1,2,3,4,5,6
3

board=...............................X.....OXO..|valid=0,1,2,3,4,5,6
3

board=........................X......X.....OXO.O|valid=0,1,2,3,4,5,6
3

board=..........................................|valid=0,1,2,3,4,5,6
3

board=....................................O.X...|valid=0,1,2,3,4,5,6
3

board=...............................X....OOX...|valid=0,1,2,3,4,5,6
5

board=.............................O.X....OOX.X.|valid=0,1,2,3,4,5,6
4

board=.............................O.X...OOOXXX.|valid=0,1,2,3,4,5,6
3

board=.................O......X....O.X...OOOXXX.|valid=0,1,2,3,4,5,6
5

board=.................O....O.X....O.X.X.OOOXXX.|valid=0,1,2,3,4,5,6
5

board=.................O....O.X.X..O.XOX.OOOXXX.|valid=0,1,2,3,4,5,6
5

board=..........................................|valid=0,1,2,3,4,5,6
3

board=......................................X.O.|valid=0,1,2,3,4,5,6
3

board=........................O......X......X.O.|valid=0,1,2,3,4,5,6
3

board=.................X......O......X...O..X.O.|valid=0,1,2,3,4,5,6
3

board=..........X......X......O......X.O.O..X.O.|valid=0,1,2,3,4,5,6
3

board=...X......X......X......O.O....X.O.O..X.O.|valid=0,1,2,4,5,6
4

board=...X......X......X......O.O....X.O.O..XXOO|valid=0,1,2,4,5,6
4

board=...X......X......X......O.O....XXO.OO.XXOO|valid=0,1,2,4,5,6
4

board=...X......X......X......OXO....XXO.OOOXXOO|valid=0,1,2,4,5,6
4

board=..........................................|valid=0,1,2,3,4,5,6
3

board=......................................XO..|valid=0,1,2,3,4,5,6
3

board=...............................X.....OXO..|valid=0,1,2,3,4,5,6
3

board=........................X.....OX.....OXO..|valid=0,1,2,3,4,5,6
3

board=..........................................|valid=0,1,2,3,4,5,6
3

board=......................................X..O|valid=0,1,2,3,4,5,6
3

board=........................O......X......X..O|valid=0,1,2,3,4,5,6
3

board=.................X......O......X......XO.O|valid=0,1,2,3,4,5,6
3

board=..........X......X......O......X....O.XO.O|valid=0,1,2,3,4,5,6
3

board=...X......X......X......O......XO...O.XO.O|valid=0,1,2,4,5,6
4

board=...X......X......X......OX.....XO..OO.XO.O|valid=0,1,2,4,5,6
4

board=...X......X......XX.....OX.....XO..OOOXO.O|valid=0,1,2,4,5,6
4

board=...X......XX.....XX.....OX....OXO..OOOXO.O|valid=0,1,2,4,5,6
4

board=..........................................|valid=0,1,2,3,4,5,6
3

board=......................................X.O.|valid=0,1,2,3,4,5,6
3

board=...............................X.....OX.O.|valid=0,1,2,3,4,5,6
3

board=.................O......X......X.....OX.O.|valid=0,1,2,3,4,5,6
3

board=..........X......O......X......X.....OX.OO|valid=0,1,2,3,4,5,6
3

board=...X......X......O......X......X....OOX.OO|valid=0,1,2,4,5,6
4

board=...X......X......O......X......X..O.OOXXOO|valid=0,1,2,4,5,6
4

board=...X......X......O......X.....OXX.O.OOXXOO|valid=0,1,2,4,5,6
4

board=...X......X......O......XX....OXXOO.OOXXOO|valid=0,1,2,4,5,6
4

board=..........................................|valid=0,1,2,3,4,5,6
3

board=....................................O.X...|valid=0,1,2,3,4,5,6
3

board=...............................X....O.X.O.|valid=0,1,2,3,4,5,6
3

board=........................X......X....O.X.OO|valid=0,1,2,3,4,5,6
4

board=........................X......X..O.O.XXOO|valid=0,1,2,3,4,5,6
4

board=........................X......XX.O.OOXXOO|valid=0,1,2,3,4,5,6
4

board=........................XX.....XXOO.OOXXOO|valid=0,1,2,3,4,5,6
3

board=..........................................|valid=0,1,2,3,4,5,6
3

board=....................................O.X...|valid=0,1,2,3,4,5,6
3

board=...............................X....O.X.O.|valid=0,1,2,3,4,5,6
3

board=........................X....O.X....O.X.O.|valid=0,1,2,3,4,5,6
3

board=..........................................|valid=0,1,2,3,4,5,6
3

board=......................................X..O|valid=0,1,2,3,4,5,6
3

board=...............................X..O...X..O|valid=0,1,2,3,4,5,6
3

board=........................X......X..OO..X..O|valid=0,1,2,3,4,5,6
3

board=..........................................|valid=0,1,2,3,4,5,6
3

board=.....................................OX...|valid=0,1,2,3,4,5,6
3

board=...............................X.....OX..O|valid=0,1,2,3,4,5,6
3

board=.................O......X......X.....OX..O|valid=0,1,2,3,4,5,6
3

board=..........X......O......X......X.....OX.OO|valid=0,1,2,3,4,5,6
3

board=...X......X......O......X......X....OOX.OO|valid=0,1,2,4,5,6
4

board=...X......X......O......X......X..O.OOXXOO|valid=0,1,2,4,5,6
4

board=...X......X......O......XO.....XX.O.OOXXOO|valid=0,1,2,4,5,6
4

board=...X......X......OX.....XO...O.XX.O.OOXXOO|valid=0,1,2,4,5,6
4

board=...XO.....XX.....OX.....XO...O.XX.O.OOXXOO|valid=0,1,2,5,6
2

board=...XO.....XX.....OX....OXO...OXXX.O.OOXXOO|valid=0,1,2,5,6
5

board=..........................................|valid=0,1,2,3,4,5,6
3

board=......................................X..O|valid=0,1,2,3,4,5,6
3

board=...............................X....O.X..O|valid=0,1,2,3,4,5,6
3

board=.................O......X......X....O.X..O|valid=0,1,2,3,4,5,6
3

board=..........X......O......X......X....OOX..O|valid=0,1,2,3,4,5,6
3

board=...X......X......O......X....O.X....OOX..O|valid=0,1,2,4,5,6
4

board=...X......X......O....O.X....O.X....OOXX.O|valid=0,1,2,4,5,6
4

board=...X......X......O....O.X....O.XX..OOOXX.O|valid=0,1,2,4,5,6
4

board=...X......X......O....O.XX...O.XX..OOOXXOO|valid=0,1,2,4,5,6
4

board=..........................................|valid=0,1,2,3,4,5,6
3

board=...................................O..X...|valid=0,1,2,3,4,5,6
3

board=............................O..X...O..X...|valid=0,1,2,3,4,5,6
3

board=........................X...O..X...OO.X...|valid=0,1,2,3,4,5,6
3

board=..........................................|valid=0,1,2,3,4,5,6
3

board=...............................O......X...|valid=0,1,2,3,4,5,6
3

board=........................X......O......X..O|valid=0,1,2,3,4,5,6
3

board=.................X......X......O...O..X..O|valid=0,1,2,3,4,5,6
3

board=..........X......X......X......O...O.OX..O|valid=0,1,2,3,4,5,6
3

board=..........................................|valid=0,1,2,3,4,5,6
3

board=.....................................OX...|valid=0,1,2,3,4,5,6
3

board=...............................X.....OX..O|valid=0,1,2,3,4,5,6
3

board=........................X......X.....OXO.O|valid=0,1,2,3,4,5,6
3

board=..........................................|valid=0,1,2,3,4,5,6
3

board=......................................X..O|valid=0,1,2,3,4,5,6
3

board=...............................X...O..X..O|valid=0,1,2,3,4,5,6
3

board=........................X...O..X...O..X..O|valid=0,1,2,3,4,5,6
3

board=..........................................|valid=0,1,2,3,4,5,6
3

board=....................................O.X...|valid=0,1,2,3,4,5,6
3

board=...............................X....O.XO..|valid=0,1,2,3,4,5,6
3

board=........................X......X....O.XO.O|valid=0,1,2,3,4,5,6
3

board=..........................................|valid=0,1,2,3,4,5,6
3

board=......................................X.O.|valid=0,1,2,3,4,5,6
3

board=...............................X...O..X.O.|valid=0,1,2,3,4,5,6
3

board=........................X......X...O.OX.O.|valid=0,1,2,3,4,5,6
3

board=..........................................|valid=0,1,2,3,4,5,6
3

board=...............................O......X...|valid=0,1,2,3,4,5,6
3

board=........................X......O......X.O.|valid=0,1,2,3,4,5,6
3

board=..........O......X......X......O......X.O.|valid=0,1,2,3,4,5,6
3

board=...X......O......X......X......O.O....X.O.|valid=0,1,2,4,5,6
0

board=...X......O......X......X......O.O.X..XOO.|valid=0,1,2,4,5,6
0

board=...X......O......X......X...X..O.O.X..XOOO|valid=0,1,2,4,5,6
4

board=...X......O......X......X...X..OXO.XO.XOOO|valid=0,1,2,4,5,6
4

board=...X......O......X......XX..X..OXOOXO.XOOO|valid=0,1,2,4,5,6
4

board=...X......O......XX.....XX..XO.OXOOXO.XOOO|valid=0,1,2,4,5,6
2

board=...X......O......XX...O.XX..XO.OXOOXOXXOOO|valid=0,1,2,4,5,6
4

board=..........................................|valid=0,1,2,3,4,5,6
3

board=...............................O......X...|valid=0,1,2,3,4,5,6
3

board=........................X......O...O..X...|valid=0,1,2,3,4,5,6
3

board=.................X......X......O...O..X.O.|valid=0,1,2,3,4,5,6
3

board=...O......X......X......X......O...O..X.O.|valid=0,1,2,4,5,6
0

board=...O......X......X......X...X..O...O..XOO.|valid=0,1,2,4,5,6
0

board=...O......X......X...X..X...X..O...OO.XOO.|valid=0,1,2,4,5,6
4

board=...O......X......X...X..XO..X..OX..OO.XOO.|valid=0,1,2,4,5,6
4

board=...O......X...O..XX..X..XO..X..OX..OO.XOO.|valid=0,1,2,4,5,6
4

board=...O...O..XX..O..XX..X..XO..X..OX..OO.XOO.|valid=0,1,2,4,5,6
4

board=...OX..O..XX..O..XX..X..XO..XO.OX..OO.XOO.|valid=0,1,2,5,6
2

board=...OX..O..XX..O..XX..X..XO..XO.OXO.OOXXOO.|valid=0,1,2,5,6
2

board=...OX..O..XX..O..XX..X..XO..XOXOXO.OOXXOOO|valid=0,1,2,5,6
6

board=...OX..O..XX..O..XX..XO.XO..XOXOXOXOOXXOOO|valid=0,1,2,5,6
5

board=..........................................|valid=0,1,2,3,4,5,6
3

board=......................................XO..|valid=0,1,2,3,4,5,6
3

board=...............................X....O.XO..|valid=0,1,2,3,4,5,6
3

board=........................X......X....O.XOO.|valid=0,1,2,3,4,5,6
4

board=........................X......XX...OOXOO.|valid=0,1,2,3,4,5,6
4

board=........................XX.....XX...OOXOOO|valid=0,1,2,3,4,5,6
3

board=..........................................|valid=0,1,2,3,4,5,6
3

board=...............................O......X...|valid=0,1,2,3,4,5,6
3

board=........................X......O......X..O|valid=0,1,2,3,4,5,6
3

board=.................X......X......O......X.OO|valid=0,1,2,3,4,5,6
3

board=..........X......X......X......O...O..X.OO|valid=0,1,2,3,4,5,6
3

board=..........................................|valid=0,1,2,3,4,5,6
3

board=......................................X.O.|valid=0,1,2,3,4,5,6
3

board=...............................X....O.X.O.|valid=0,1,2,3,4,5,6
3

board=........................X......X.O..O.X.O.|valid=0,1,2,3,4,5,6
3

board=..........................................|valid=0,1,2,3,4,5,6
3

board=...................................O..X...|valid=0,1,2,3,4,5,6
3

board=........................O......X...O..X...|valid=0,1,2,3,4,5,6
3

board=.................X......O...O..X...O..X...|valid=0,1,2,3,4,5,6
3

board=..........X......X......O...O..X...O..X.O.|valid=0,1,2,3,4,5,6
3

board=...X......X......X......O...O..X...O..XOO.|valid=0,1,2,4,5,6
4

board=...X......X......X......O...O..XX..O..XOOO|valid=0,1,2,4,5,6
4

board=...X......X......XO.....OX..O..XX..O..XOOO|valid=0,1,2,4,5,6
4

board=...X......XX.....XO..O..OX..O..XX..O..XOOO|valid=0,1,2,4,5,6
4

board=...XX.....XX.....XO..O..OX..O..XXO.O..XOOO|valid=0,1,2,5,6
5

board=...XX.....XX.....XO..O..OXX.O..XXOOO..XOOO|valid=0,1,2,5,6
5

board=...XX.....XX.....XOX.O..OXX.O..XXOOO.OXOOO|valid=0,1,2,5,6
6

board=..........................................|valid=0,1,2,3,4,5,6
3

board=......................................X..O|valid=0,1,2,3,4,5,6
3

board=...............................X......X.OO|valid=0,1,2,3,4,5,6
3

board=........................X......X......XOOO|valid=0,1,2,3,4,5,6
3

board=..........................................|valid=0,1,2,3,4,5,6
3

board=......................................X..O|valid=0,1,2,3,4,5,6
3

board=...............................X.....OX..O|valid=0,1,2,3,4,5,6
3

board=........................X......X.....OX.OO|valid=0,1,2,3,4,5,6
4

board=........................X......X..O..OXXOO|valid=0,1,2,3,4,5,6
4

board=........................X......XX.OO.OXXOO|valid=0,1,2,3,4,5,6
5

board=........................X.O....XXXOO.OXXOO|valid=0,1,2,3,4,5,6
4

board=.................O......XXO....XXXOO.OXXOO|valid=0,1,2,3,4,5,6
5

board=.................O.X....XXO...OXXXOO.OXXOO|valid=0,1,2,3,4,5,6
4

board=..........................................|valid=0,1,2,3,4,5,6
3

board=.....................................OX...|valid=0,1,2,3,4,5,6
3

board=...............................X....OOX...|valid=0,1,2,3,4,5,6
5

board=...............................X...OOOX.X.|valid=0,1,2,3,4,5,6
3

board=........................X......X...OOOXOX.|valid=0,1,2,3,4,5,6
3

board=..........................................|valid=0,1,2,3,4,5,6
3

board=...................................O..X...|valid=0,1,2,3,4,5,6
3

board=...............................X...O.OX...|valid=0,1,2,3,4,5,6
3

board=........................X......X...OOOX...|valid=0,1,2,3,4,5,6
3

board=..........................................|valid=0,1,2,3,4,5,6
3

board=...............................O......X...|valid=0,1,2,3,4,5,6
3

board=........................X......O......X.O.|valid=0,1,2,3,4,5,6
3

board=.................X......X......O.O....X.O.|valid=0,1,2,3,4,5,6
3

board=..........X......X......X......O.O....XOO.|valid=0,1,2,3,4,5,6
3

board=..........................................|valid=0,1,2,3,4,5,6
3

board=...............................O......X...|valid=0,1,2,3,4,5,6
3

board=........................X......O...O..X...|valid=0,1,2,3,4,5,6
3

board=.................X......X......O...OO.X...|valid=0,1,2,3,4,5,6
3

board=..........X......X......X......O...OO.XO..|valid=0,1,2,3,4,5,6
3

board=..........................................|valid=0,1,2,3,4,5,6
3

board=......................................X..O|valid=0,1,2,3,4,5,6
3

board=...............................X...O..X..O|valid=0,1,2,3,4,5,6
3

board=........................X......X...O..X.OO|valid=0,1,2,3,4,5,6
3

board=..........................................|valid=0,1,2,3,4,5,6
3

board=.....................................OX...|valid=0,1,2,3,4,5,6
3

board=...............................X....OOX...|valid=0,1,2,3,4,5,6
5

board=........................O......X....OOX.X.|valid=0,1,2,3,4,5,6
4

board=........................O......X.O..OOXXX.|valid=0,1,2,3,4,5,6
3

board=.................X......O......X.O..OOXXXO|valid=0,1,2,3,4,5,6
3

board=..........X......X......O.....OX.O..OOXXXO|valid=0,1,2,3,4,5,6
3

board=...X......X......X......O.....OX.O.OOOXXXO|valid=0,1,2,4,5,6
4

board=...X......X......X......OO....OXXO.OOOXXXO|valid=0,1,2,4,5,6
4

board=...X......X......XX.....OO....OXXOOOOOXXXO|valid=0,1,2,4,5,6
4

board=...X......XX.....XX.....OO...OOXXOOOOOXXXO|valid=0,1,2,4,5,6
4

board=...XX.....XX.....XX.....OO.O.OOXXOOOOOXXXO|valid=0,1,2,5,6
5

board=...XX.....XX.....XXO....OOXO.OOXXOOOOOXXXO|valid=0,1,2,5,6
0

board=...XX.....XXO....XXO....OOXOXOOXXOOOOOXXXO|valid=0,1,2,5,6
0

board=...XX.....XXO....XXO.X.OOOXOXOOXXOOOOOXXXO|valid=0,1,2,5,6
0

board=...XX..O..XXO.X..XXO.X.OOOXOXOOXXOOOOOXXXO|valid=0,1,2,5,6
6

board=..........................................|valid=0,1,2,3,4,5,6
3

board=...................................O..X...|valid=0,1,2,3,4,5,6
3

board=...............................X...O..XO..|valid=0,1,2,3,4,5,6
3

board=........................X......X...O..XOO.|valid=0,1,2,3,4,5,6
3

board=..........................................|valid=0,1,2,3,4,5,6
3

board=......................................X..O|valid=0,1,2,3,4,5,6
3

board=........................O......X......X..O|valid=0,1,2,3,4,5,6
3

board=.................X......O......X......X.OO|valid=0,1,2,3,4,5,6
3

board=..........X......X......O......X......XOOO|valid=0,1,2,3,4,5,6
3

board=...X......X......X......O......XO.....XOOO|valid=0,1,2,4,5,6
4

board=...X......X......X......OX.....XOO....XOOO|valid=0,1,2,4,5,6
4

board=...X......X......XX.....OX.....XOO...OXOOO|valid=0,1,2,4,5,6
4

board=...X......XX.....XX.....OX....OXOO...OXOOO|valid=0,1,2,4,5,6
4

board=..........................................|valid=0,1,2,3,4,5,6
3

board=......................................XO..|valid=0,1,2,3,4,5,6
3

board=...............................X......XO.O|valid=0,1,2,3,4,5,6
4

board=...............................XX...O.XO.O|valid=0,1,2,3,4,5,6
5

board=.............................O.XX...O.XOXO|valid=0,1,2,3,4,5,6
5

board=.............................O.XXX..OOXOXO|valid=0,1,2,3,4,5,6
5

board=..........................X..O.XXXO.OOXOXO|valid=0,1,2,3,4,5,6
3

board=.................O......X.X..O.XXXO.OOXOXO|valid=0,1,2,3,4,5,6
5

board=..........................................|valid=0,1,2,3,4,5,6
3

board=......................................XO..|valid=0,1,2,3,4,5,6
3

board=...............................X......XOO.|valid=0,1,2,3,4,5,6
4

board=...............................XXO....XOO.|valid=0,1,2,3,4,5,6
3

board=........................XO.....XXO....XOO.|valid=0,1,2,3,4,5,6
3

board=..........................................|valid=0,1,2,3,4,5,6
3

board=.....................................OX...|valid=0,1,2,3,4,5,6
3

board=........................O......X.....OX...|valid=0,1,2,3,4,5,6
3

board=..........O......X......O......X.....OX...|valid=0,1,2,3,4,5,6
3

board=...X......O......X......O.....OX.....OX...|valid=0,1,2,4,5,6
0

board=...X......O......X......O.....OX...X.OXO..|valid=0,1,2,4,5,6
4

board=...X......O......X......O.....OXX..X.OXOO.|valid=0,1,2,4,5,6
4

board=...X......O......X......OX....OXXO.X.OXOO.|valid=0,1,2,4,5,6
4

board=...X......O......XX.....OX..O.OXXO.X.OXOO.|valid=0,1,2,4,5,6
4

board=..........................................|valid=0,1,2,3,4,5,6
3

board=......................................X.O.|valid=0,1,2,3,4,5,6
3

board=...............................X.....OX.O.|valid=0,1,2,3,4,5,6
3

board=........................X......X.....OX.OO|valid=0,1,2,3,4,5,6
4

board=........................X......X.O...OXXOO|valid=0,1,2,3,4,5,6
4

board=........................X......XXO..OOXXOO|valid=0,1,2,3,4,5,6
4

board=..................O.....XX.....XXO..OOXXOO|valid=0,1,2,3,4,5,6
3

board=..........................................|valid=0,1,2,3,4,5,6
3

board=.....................................OX...|valid=0,1,2,3,4,5,6
3

board=...............................X.....OXO..|valid=0,1,2,3,4,5,6
3

board=........................X......X.....OXOO.|valid=0,1,2,3,4,5,6
4

board=........................X......XX..O.OXOO.|valid=0,1,2,3,4,5,6
4

board=........................XX.....XX..O.OXOOO|valid=0,1,2,3,4,5,6
6

board=.................O......XX.....XX.XO.OXOOO|valid=0,1,2,3,4,5,6
6

board=.................OO.....XX.X...XX.XO.OXOOO|valid=0,1,2,3,4,5,6
5

board=..........................................|valid=0,1,2,3,4,5,6
3

board=......................................X..O|valid=0,1,2,3,4,5,6
3

board=...............................X......X.OO|valid=0,1,2,3,4,5,6
3

board=........................X......X....O.X.OO|valid=0,1,2,3,4,5,6
4

board=........................X......XO...O.XXOO|valid=0,1,2,3,4,5,6
4

board=..................O.....XX.....XO...O.XXOO|valid=0,1,2,3,4,5,6
3

board=..........................................|valid=0,1,2,3,4,5,6
3

board=......................................X.O.|valid=0,1,2,3,4,5,6
3

board=...............................X......XOO.|valid=0,1,2,3,4,5,6
4

board=...............................XX....OXOO.|valid=0,1,2,3,4,5,6
3

board=........................X......XX....OXOOO|valid=0,1,2,3,4,5,6
4

board=.................O......XX.....XX....OXOOO|valid=0,1,2,3,4,5,6
3

board=..........X......O......XX.....XX...OOXOOO|valid=0,1,2,3,4,5,6
4

board=..........XO.....OX.....XX.....XX...OOXOOO|valid=0,1,2,3,4,5,6
4

board=...OX.....XO.....OX.....XX.....XX...OOXOOO|valid=0,1,2,5,6
5

board=...OX.....XO.....OX.....XX....OXXX..OOXOOO|valid=0,1,2,5,6
6

board=..........................................|valid=0,1,2,3,4,5,6
3

board=......................................XO..|valid=0,1,2,3,4,5,6
3

board=...............................X...O..XO..|valid=0,1,2,3,4,5,6
3

board=........................X......X...O..XOO.|valid=0,1,2,3,4,5,6
3

board=..........................................|valid=0,1,2,3,4,5,6
3

board=...................................O..X...|valid=0,1,2,3,4,5,6
3

board=............................O..X...O..X...|valid=0,1,2,3,4,5,6
3

board=........................X...O..X...OO.X...|valid=0,1,2,3,4,5,6
3

board=..........................................|valid=0,1,2,3,4,5,6
3

board=......................................XO..|valid=0,1,2,3,4,5,6
3

board=...............................X......XOO.|valid=0,1,2,3,4,5,6
4

board=...............................XXO....XOO.|valid=0,1,2,3,4,5,6
3

board=........................X......XXO...OXOO.|valid=0,1,2,3,4,5,6
4

board=........................XXO....XXO...OXOO.|valid=0,1,2,3,4,5,6
3

board=..........................................|valid=0,1,2,3,4,5,6
3

board=...............................O......X...|valid=0,1,2,3,4,5,6
3

board=........................X......O....O.X...|valid=0,1,2,3,4,5,6
3

board=.................X......X......O...OO.X...|valid=0,1,2,3,4,5,6
3

board=...O......X......X......X......O...OO.X...|valid=0,1,2,4,5,6
0

board=...O......X......X......X...X..O...OOOX...|valid=0,1,2,4,5,6
0

board=...O......X......X...X..X...X..O...OOOX.O.|valid=0,1,2,4,5,6
4

board=...O......X......X...X..X...X..O...OOOXXOO|valid=0,1,2,4,5,6
4

board=...O......X......X...X..X...X.OOX..OOOXXOO|valid=0,1,2,4,5,6
4

board=...O......X......X...X..XX..X.OOXO.OOOXXOO|valid=0,1,2,4,5,6
4

board=..........................................|valid=0,1,2,3,4,5,6
3

board=.....................................OX...|valid=0,1,2,3,4,5,6
3

board=...............................X.....OXO..|valid=0,1,2,3,4,5,6
3

board=........................X......X.....OXOO.|valid=0,1,2,3,4,5,6
4

board=........................X.....OXX....OXOO.|valid=0,1,2,3,4,5,6
4

board=..................O.....XX....OXX....OXOO.|valid=0,1,2,3,4,5,6
5

board=..................O....OXX....OXXX...OXOO.|valid=0,1,2,3,4,5,6
5

board=..................O....OXXX...OXXX.O.OXOO.|valid=0,1,2,3,4,5,6
3

board=..........................................|valid=0,1,2,3,4,5,6
3

board=.....................................OX...|valid=0,1,2,3,4,5,6
3

board=...............................X.....OX.O.|valid=0,1,2,3,4,5,6
3

board=........................X......X...O.OX.O.|valid=0,1,2,3,4,5,6
3

board=..........................................|valid=0,1,2,3,4,5,6
3

board=......................................X..O|valid=0,1,2,3,4,5,6
3

board=........................O......X......X..O|valid=0,1,2,3,4,5,6
3

board=.................X......O......X..O...X..O|valid=0,1,2,3,4,5,6
3

board=..........X......X......O......X..O.O.X..O|valid=0,1,2,3,4,5,6
3

board=...X......X......X......O......X..O.O.XO.O|valid=0,1,2,4,5,6
4

board=...X......X......X......O..O...XX.O.O.XO.O|valid=0,1,2,4,5,6
4

board=...X......X......X......OX.O...XX.O.OOXO.O|valid=0,1,2,4,5,6
4

board=...X......X......XX.....OX.O...XX.OOOOXO.O|valid=0,1,2,4,5,6
4

board=..........................................|valid=0,1,2,3,4,5,6
3

board=......................................X.O.|valid=0,1,2,3,4,5,6
3

board=...............................X......XOO.|valid=0,1,2,3,4,5,6
4

board=...............................XX...O.XOO.|valid=0,1,2,3,4,5,6
3

board=........................X......XX...O.XOOO|valid=0,1,2,3,4,5,6
4

board=.................O......XX.....XX...O.XOOO|valid=0,1,2,3,4,5,6
3

board=..........X......O......XX.....XX.O.O.XOOO|valid=0,1,2,3,4,5,6
4

board=...O......X......OX.....XX.....XX.O.O.XOOO|valid=0,1,2,4,5,6
4

board=..........................................|valid=0,1,2,3,4,5,6
3

board=.....................................OX...|valid=0,1,2,3,4,5,6
3

board=...............................X....OOX...|valid=0,1,2,3,4,5,6
5

board=........................O......X....OOX.X.|valid=0,1,2,3,4,5,6
4

board=........................O......X....OOXXXO|valid=0,1,2,3,4,5,6
5

board=.................O......O......X.X..OOXXXO|valid=0,1,2,3,4,5,6
4

board=.................O......O....O.XXX..OOXXXO|valid=0,1,2,3,4,5,6
5

board=.................O......OOX..O.XXX..OOXXXO|valid=0,1,2,3,4,5,6
5

board=..........................................|valid=0,1,2,3,4,5,6
3

board=......................................X.O.|valid=0,1,2,3,4,5,6
3

board=...............................X....O.X.O.|valid=0,1,2,3,4,5,6
3

board=........................X......X.O..O.X.O.|valid=0,1,2,3,4,5,6
3

board=..........................................|valid=0,1,2,3,4,5,6
3

board=...................................O..X...|valid=0,1,2,3,4,5,6
3

board=........................O......X...O..X...|valid=0,1,2,3,4,5,6
3

board=.................X......O......X...O..X..O|valid=0,1,2,3,4,5,6
3

board=..........X......X......O......X...O..XO.O|valid=0,1,2,3,4,5,6
3

board=...X......X......X......O......X...OO.XO.O|valid=0,1,2,4,5,6
4

board=...X......X......X......O......XX.OOO.XO.O|valid=0,1,2,4,5,6
4

board=...X......X......X......OX.O...XX.OOO.XO.O|valid=0,1,2,4,5,6
4

board=...X......X......XX.....OX.O.O.XX.OOO.XO.O|valid=0,1,2,4,5,6
4

board=..........................................|valid=0,1,2,3,4,5,6
3

board=....................................O.X...|valid=0,1,2,3,4,5,6
3

board=...............................X....O.X.O.|valid=0,1,2,3,4,5,6
3

board=........................X....O.X....O.X.O.|valid=0,1,2,3,4,5,6
3

board=..........................................|valid=0,1,2,3,4,5,6
3

board=......................................XO..|valid=0,1,2,3,4,5,6
3

board=...............................X......XO.O|valid=0,1,2,3,4,5,6
4

board=...............................XX...O.XO.O|valid=0,1,2,3,4,5,6
5

board=.............................O.XX...O.XOXO|valid=0,1,2,3,4,5,6
5

board=.............................O.XXX..OOXOXO|valid=0,1,2,3,4,5,6
5

board=..........................X..OOXXX..OOXOXO|valid=0,1,2,3,4,5,6
5

board=..........................................|valid=0,1,2,3,4,5,6
3

board=.....................................OX...|valid=0,1,2,3,4,5,6
3

board=...............................X.....OXO..|valid=0,1,2,3,4,5,6
3

board=........................X......X...O.OXO..|valid=0,1,2,3,4,5,6
5

board=........................X......X.O.O.OXOX.|valid=0,1,2,3,4,5,6
3

board=..........................................|valid=0,1,2,3,4,5,6
3

board=......................................XO..|valid=0,1,2,3,4,5,6
3

board=...............................X.....OXO..|valid=0,1,2,3,4,5,6
3

board=........................X......XO....OXO..|valid=0,1,2,3,4,5,6
3

board=..........................................|valid=0,1,2,3,4,5,6
3

board=.....................................OX...|valid=0,1,2,3,4,5,6
3

board=..............................OX.....OX...|valid=0,1,2,3,4,5,6
3

board=........................X.....OX.....OX.O.|valid=0,1,2,3,4,5,6
3

board=..........................................|valid=0,1,2,3,4,5,6
3

board=......................................X.O.|valid=0,1,2,3,4,5,6
3

board=...............................X...O..X.O.|valid=0,1,2,3,4,5,6
3

board=........................X......X.O.O..X.O.|valid=0,1,2,3,4,5,6
3

board=..........................................|valid=0,1,2,3,4,5,6
3

board=......................................X.O.|valid=0,1,2,3,4,5,6
3

board=...............................X.O....X.O.|valid=0,1,2,3,4,5,6
3

board=........................X......X.O.O..X.O.|valid=0,1,2,3,4,5,6
3

board=..........................................|valid=0,1,2,3,4,5,6
3

board=...................................O..X...|valid=0,1,2,3,4,5,6
3

board=...............................X...O..X..O|valid=0,1,2,3,4,5,6
3

board=........................X......X...O.OX..O|valid=0,1,2,3,4,5,6
4

board=........................X......X...O.OXXOO|valid=0,1,2,3,4,5,6
4

board=........................X......XXO.O.OXXOO|valid=0,1,2,3,4,5,6
4

board=.................O......XX.....XXO.O.OXXOO|valid=0,1,2,3,4,5,6
3

board=..........X......O......XX..O..XXO.O.OXXOO|valid=0,1,2,3,4,5,6
4

board=..........................................|valid=0,1,2,3,4,5,6
3

board=......................................XO..|valid=0,1,2,3,4,5,6
3

board=...............................X......XOO.|valid=0,1,2,3,4,5,6
4

board=........................O......XX.....XOO.|valid=0,1,2,3,4,5,6
3

board=.................X......O......XX..O..XOO.|valid=0,1,2,3,4,5,6
4

board=.................X......OX.....XX..O..XOOO|valid=0,1,2,3,4,5,6
4

board=.................XX.....OX.....XX..OO.XOOO|valid=0,1,2,3,4,5,6
5

board=.................XX.....OX...O.XXX.OO.XOOO|valid=0,1,2,3,4,5,6
4

board=..........................................|valid=0,1,2,3,4,5,6
3

board=......................................XO..|valid=0,1,2,3,4,5,6
3

board=........................O......X......XO..|valid=0,1,2,3,4,5,6
3

board=.................X......O......X...O..XO..|valid=0,1,2,3,4,5,6
3

board=..........X......X......O......XO..O..XO..|valid=0,1,2,3,4,5,6
3

board=...X......X......X......OO.....XO..O..XO..|valid=0,1,2,4,5,6
0

board=...X......X......X......OO..X..XO..O..XO.O|valid=0,1,2,4,5,6
4

board=...X......X......XX.....OO..X..XO..O.OXO.O|valid=0,1,2,4,5,6
4

board=...XO.....XX.....XX.....OO..X..XO..O.OXO.O|valid=0,1,2,5,6
5

board=...XO.....XX.....XX.....OO..X..XO.OO.OXOXO|valid=0,1,2,5,6
5

board=...XO.....XX.....XX..O..OO..X..XOXOO.OXOXO|valid=0,1,2,5,6
5

board=...XO.....XX.....XX..O..OOX.X..XOXOOOOXOXO|valid=0,1,2,5,6
5

board=..........................................|valid=0,1,2,3,4,5,6
3

board=......................................XO..|valid=0,1,2,3,4,5,6
3

board=...............................XO.....XO..|valid=0,1,2,3,4,5,6
3

board=........................X......XO....OXO..|valid=0,1,2,3,4,5,6
3

board=..........................................|valid=0,1,2,3,4,5,6
3

board=......................................XO..|valid=0,1,2,3,4,5,6
3

board=...............................X.....OXO..|valid=0,1,2,3,4,5,6
3

board=........................X.....OX.....OXO..|valid=0,1,2,3,4,5,6
3

board=..........................................|valid=0,1,2,3,4,5,6
3

board=.....................................OX...|valid=0,1,2,3,4,5,6
3

board=........................O......X.....OX...|valid=0,1,2,3,4,5,6
3

board=.................X......O.....OX.....OX...|valid=0,1,2,3,4,5,6
3

board=..........X......X......O.....OX.....OXO..|valid=0,1,2,3,4,5,6
3

board=...X......X......X......O.....OXO....OXO..|valid=0,1,2,4,5,6
0

board=...X......X......X......O.....OXO..XOOXO..|valid=0,1,2,4,5,6
4

board=...X......X......X......OX....OXO..XOOXO.O|valid=0,1,2,4,5,6
4

board=...X......X......XX....OOX....OXO..XOOXO.O|valid=0,1,2,4,5,6
4

board=...X......XX.....XX....OOX...OOXO..XOOXO.O|valid=0,1,2,4,5,6
4

board=..........................................|valid=0,1,2,3,4,5,6
3

board=......................................XO..|valid=0,1,2,3,4,5,6
3

board=...............................X....O.XO..|valid=0,1,2,3,4,5,6
3

board=........................X....O.X....O.XO..|valid=0,1,2,3,4,5,6
3

board=..........................................|valid=0,1,2,3,4,5,6
3

board=...............................O......X...|valid=0,1,2,3,4,5,6
3

board=........................X......O......X.O.|valid=0,1,2,3,4,5,6
3

board=.................X......X......O...O..X.O.|valid=0,1,2,3,4,5,6
3

board=..........X......X......X......O...OO.X.O.|valid=0,1,2,3,4,5,6
3

board=..........................................|valid=0,1,2,3,4,5,6
3

board=......................................X..O|valid=0,1,2,3,4,5,6
3

board=...............................X..O...X..O|valid=0,1,2,3,4,5,6
3

board=........................X..O...X..O...X..O|valid=0,1,2,3,4,5,6
3

board=..........................................|valid=0,1,2,3,4,5,6
3

board=...............................O......X...|valid=0,1,2,3,4,5,6
3

board=........................X......O...O..X...|valid=0,1,2,3,4,5,6
3

board=.................X......X......O...O..X.O.|valid=0,1,2,3,4,5,6
3

board=..........X......X......X...O..O...O..X.O.|valid=0,1,2,3,4,5,6
3

board=..........................................|valid=0,1,2,3,4,5,6
3

board=......................................X.O.|valid=0,1,2,3,4,5,6
3

board=...............................X...O..X.O.|valid=0,1,2,3,4,5,6
3

board=........................X......X...O..XOO.|valid=0,1,2,3,4,5,6
3

board=..........................................|valid=0,1,2,3,4,5,6
3

board=...............................O......X...|valid=0,1,2,3,4,5,6
3

board=........................X......O......X.O.|valid=0,1,2,3,4,5,6
3

board=.................X......X......O.....OX.O.|valid=0,1,2,3,4,5,6
3

board=..........X......X......X.....OO.....OX.O.|valid=0,1,2,3,4,5,6
3

board=..........................................|valid=0,1,2,3,4,5,6
3

board=....................................O.X...|valid=0,1,2,3,4,5,6
3

board=...............................X....OOX...|valid=0,1,2,3,4,5,6
5

board=.............................O.X....OOX.X.|valid=0,1,2,3,4,5,6
4

board=.............................O.XO...OOXXX.|valid=0,1,2,3,4,5,6
5

board=.............................O.XOX.OOOXXX.|valid=0,1,2,3,4,5,6
5

board=......................O...X..O.XOX.OOOXXX.|valid=0,1,2,3,4,5,6
5

board=..........................................|valid=0,1,2,3,4,5,6
3

board=...................................O..X...|valid=0,1,2,3,4,5,6
3

board=...............................X...O..X.O.|valid=0,1,2,3,4,5,6
3

board=........................X......X...OO.X.O.|valid=0,1,2,3,4,5,6
3

board=..........................................|valid=0,1,2,3,4,5,6
3

board=....................................O.X...|valid=0,1,2,3,4,5,6
3

board=...............................X....O.X.O.|valid=0,1,2,3,4,5,6
3

board=........................X......X.O..O.X.O.|valid=0,1,2,3,4,5,6
3

board=..........................................|valid=0,1,2,3,4,5,6
3

board=...............................O......X...|valid=0,1,2,3,4,5,6
3

board=........................X......O.....OX...|valid=0,1,2,3,4,5,6
3

board=..........O......X......X......O.....OX...|valid=0,1,2,3,4,5,6
3

board=...X......O......X......X......O.....OX..O|valid=0,1,2,4,5,6
0

board=...X......O......X......X......O...X.OX.OO|valid=0,1,2,4,5,6
4

board=...X......O......X......X...O..O...X.OXXOO|valid=0,1,2,4,5,6
4

board=...X......O......X......X...O..OXO.X.OXXOO|valid=0,1,2,4,5,6
4

board=...X......O......X......XX..O..OXO.XOOXXOO|valid=0,1,2,4,5,6
4

board=..........................................|valid=0,1,2,3,4,5,6
3

board=......................................X..O|valid=0,1,2,3,4,5,6
3

board=...............................X....O.X..O|valid=0,1,2,3,4,5,6
3

board=........................X......X....OOX..O|valid=0,1,2,3,4,5,6
4

board=........................X......XO...OOXX.O|valid=0,1,2,3,4,5,6
5

board=........................X....O.XO...OOXXXO|valid=0,1,2,3,4,5,6
5

board=........................X....O.XOX.OOOXXXO|valid=0,1,2,3,4,5,6
5

board=........................X.X..O.XOXOOOOXXXO|valid=0,1,2,3,4,5,6
5

board=..........................................|valid=0,1,2,3,4,5,6
3

board=...............................O......X...|valid=0,1,2,3,4,5,6
3

board=........................X......O...O..X...|valid=0,1,2,3,4,5,6
3

board=.................X......X......O...O..XO..|valid=0,1,2,3,4,5,6
3

board=..........X......X......X...O..O...O..XO..|valid=0,1,2,3,4,5,6
3

board=..........................................|valid=0,1,2,3,4,5,6
3

board=......................................X.O.|valid=0,1,2,3,4,5,6
3

board=...............................X......X.OO|valid=0,1,2,3,4,5,6
3

board=........................X......X......XOOO|valid=0,1,2,3,4,5,6
3

board=..........................................|valid=0,1,2,3,4,5,6
3

board=......................................X..O|valid=0,1,2,3,4,5,6
3

board=...............................X......XO.O|valid=0,1,2,3,4,5,6
4

board=...............................XX....OXO.O|valid=0,1,2,3,4,5,6
5

board=...............................XXO...OXOXO|valid=0,1,2,3,4,5,6
3

board=.................O......X......XXO...OXOXO|valid=0,1,2,3,4,5,6
4

board=..........O......O......XX.....XXO...OXOXO|valid=0,1,2,3,4,5,6
4

board=..........O......OX.....XX.....XXO.O.OXOXO|valid=0,1,2,3,4,5,6
4

board=..........................................|valid=0,1,2,3,4,5,6
3

board=......................................XO..|valid=0,1,2,3,4,5,6
3

board=...............................X....O.XO..|valid=0,1,2,3,4,5,6
3

board=........................X......X...OO.XO..|valid=0,1,2,3,4,5,6
3

board=..........................................|valid=0,1,2,3,4,5,6
3

board=...................................O..X...|valid=0,1,2,3,4,5,6
3

board=...............................X...O.OX...|valid=0,1,2,3,4,5,6
3

board=........................X.....OX...O.OX...|valid=0,1,2,3,4,5,6
3

board=..........................................|valid=0,1,2,3,4,5,6
3

board=......................................X..O|valid=0,1,2,3,4,5,6
3

board=...............................X......X.OO|valid=0,1,2,3,4,5,6
3

board=........................X......X.....OX.OO|valid=0,1,2,3,4,5,6
4

board=........................X......X....OOXXOO|valid=0,1,2,3,4,5,6
4

board=........................X......XX.O.OOXXOO|valid=0,1,2,3,4,5,6
4

board=........................XX....OXX.O.OOXXOO|valid=0,1,2,3,4,5,6
3

board=..........................................|valid=0,1,2,3,4,5,6
3

board=......................................X.O.|valid=0,1,2,3,4,5,6
3

board=........................O......X......X.O.|valid=0,1,2,3,4,5,6
3

board=.................X......O......X....O.X.O.|valid=0,1,2,3,4,5,6
3

board=..........X......X......O......X....O.X.OO|valid=0,1,2,3,4,5,6
3

board=...X......X......X......O......X..O.O.X.OO|valid=0,1,2,4,5,6
4

board=...X......X......X......O......XO.O.O.XXOO|valid=0,1,2,4,5,6
4

board=...X......X......X......OX...O.XO.O.O.XXOO|valid=0,1,2,4,5,6
4

board=...X......X......XX.....OX...O.XO.O.OOXXOO|valid=0,1,2,4,5,6
4

board=...X......XX.....XX...O.OX...O.XO.O.OOXXOO|valid=0,1,2,4,5,6
4

board=..........................................|valid=0,1,2,3,4,5,6
3

board=....................................O.X...|valid=0,1,2,3,4,5,6
3

board=...............................X....O.X..O|valid=0,1,2,3,4,5,6
3

board=........................X......X....O.XO.O|valid=0,1,2,3,4,5,6
3

board=..........................................|valid=0,1,2,3,4,5,6
3

board=......................................X..O|valid=0,1,2,3,4,5,6
3

board=...............................X...O..X..O|valid=0,1,2,3,4,5,6
3

board=........................X......X...O..XO.O|valid=0,1,2,3,4,5,6
3

board=..........................................|valid=0,1,2,3,4,5,6
3

board=......................................XO..|valid=0,1,2,3,4,5,6
3

board=...............................X......XO.O|valid=0,1,2,3,4,5,6
4

board=...............................XX.O...XO.O|valid=0,1,2,3,4,5,6
5

board=...............................XX.OO..XOXO|valid=0,1,2,3,4,5,6
3

board=........................X...O..XX.OO..XOXO|valid=0,1,2,3,4,5,6
4

board=.................O......XX..O..XX.OO..XOXO|valid=0,1,2,3,4,5,6
5

board=.................O......XX..O..XXXOOO.XOXO|valid=0,1,2,3,4,5,6
5

board=.................O...O..XXX.O..XXXOOO.XOXO|valid=0,1,2,3,4,5,6
4

board=.................OX..O..XXXOO..XXXOOO.XOXO|valid=0,1,2,3,4,5,6
5

board=..........................................|valid=0,1,2,3,4,5,6
3

board=...............................O......X...|valid=0,1,2,3,4,5,6
3

board=........................X......O...O..X...|valid=0,1,2,3,4,5,6
3

board=.................X......X......O...O..XO..|valid=0,1,2,3,4,5,6
3

board=..........X......X......X......O...O.OXO..|valid=0,1,2,3,4,5,6
3

board=..........................................|valid=0,1,2,3,4,5,6
3

board=...................................O..X...|valid=0,1,2,3,4,5,6
3

board=............................O..X...O..X...|valid=0,1,2,3,4,5,6
3

board=........................X...O..X...O..X.O.|valid=0,1,2,3,4,5,6
3

board=..........................................|valid=0,1,2,3,4,5,6
3

board=...................................O..X...|valid=0,1,2,3,4,5,6
3

board=...............................X...O.OX...|valid=0,1,2,3,4,5,6
3

board=........................X......X...O.OXO..|valid=0,1,2,3,4,5,6
5

board=.................O......X......X...O.OXOX.|valid=0,1,2,3,4,5,6
3

board=..........X......O......X......X...OOOXOX.|valid=0,1,2,3,4,5,6
3

board=...X......X......O......X....O.X...OOOXOX.|valid=0,1,2,4,5,6
4

board=...X......X......O......X....OOXX..OOOXOX.|valid=0,1,2,4,5,6
4

board=...X......X......OO.....XX...OOXX..OOOXOX.|valid=0,1,2,4,5,6
4

board=...XO.....XX.....OO.....XX...OOXX..OOOXOX.|valid=0,1,2,5,6
5

board=...XO.....XX.....OO.....XX..OOOXXX.OOOXOX.|valid=0,1,2,5,6
5

board=...XO.....XX.....OO..O..XXX.OOOXXX.OOOXOX.|valid=0,1,2,5,6
5

board=..........................................|valid=0,1,2,3,4,5,6
3

board=.....................................OX...|valid=0,1,2,3,4,5,6
3

board=...............................X....OOX...|valid=0,1,2,3,4,5,6
5

board=..............................OX....OOX.X.|valid=0,1,2,3,4,5,6
3

board=........................X.....OX....OOX.XO|valid=0,1,2,3,4,5,6
5

board=........................X.O...OX.X..OOX.XO|valid=0,1,2,3,4,5,6
4

board=........................X.O...OX.XO.OOXXXO|valid=0,1,2,3,4,5,6
4

board=........................X.O..OOXXXO.OOXXXO|valid=0,1,2,3,4,5,6
3

board=..........................................|valid=0,1,2,3,4,5,6
3

board=...............................O......X...|valid=0,1,2,3,4,5,6
3

board=.................O......X......O......X...|valid=0,1,2,3,4,5,6
3

board=..........X......O......X......O......X..O|valid=0,1,2,3,4,5,6
3

board=...X......X......O......X......O....O.X..O|valid=0,1,2,4,5,6
4

board=...X......X......O......X......O..O.O.XX.O|valid=0,1,2,4,5,6
4

board=...X......X......O......X......OX.OOO.XX.O|valid=0,1,2,4,5,6
4

board=...X......X......O......XX.....OX.OOO.XXOO|valid=0,1,2,4,5,6
4

board=..........................................|valid=0,1,2,3,4,5,6
3

board=......................................X.O.|valid=0,1,2,3,4,5,6
3

board=...............................X.O....X.O.|valid=0,1,2,3,4,5,6
3

board=........................X......X.O.O..X.O.|valid=0,1,2,3,4,5,6
3

board=..........................................|valid=0,1,2,3,4,5,6
3

board=......................................XO..|valid=0,1,2,3,4,5,6
3

board=...............................X......XO.O|valid=0,1,2,3,4,5,6
4

board=........................O......XX.....XO.O|valid=0,1,2,3,4,5,6
3

board=.................X......O......XX.....XOOO|valid=0,1,2,3,4,5,6
4

board=..........O......X......OX.....XX.....XOOO|valid=0,1,2,3,4,5,6
4

board=..........O......XX.....OX.....XX..O..XOOO|valid=0,1,2,3,4,5,6
4

board=..........................................|valid=0,1,2,3,4,5,6
3

board=...................................O..X...|valid=0,1,2,3,4,5,6
3

board=...............................X...O..XO..|valid=0,1,2,3,4,5,6
3

board=........................X......X...OO.XO..|valid=0,1,2,3,4,5,6
3

board=..........................................|valid=0,1,2,3,4,5,6
3

board=......................................X..O|valid=0,1,2,3,4,5,6
3

board=...............................X......XO.O|valid=0,1,2,3,4,5,6
4

board=.........................O.....XX.....XO.O|valid=0,1,2,3,4,5,6
3

board=........................XO.....XX..O..XO.O|valid=0,1,2,3,4,5,6
5

board=..................O.....XO.....XX..O..XOXO|valid=0,1,2,3,4,5,6
5

board=..................O.....XO.....XXX.O.OXOXO|valid=0,1,2,3,4,5,6
5

board=..................OO....XOX....XXX.O.OXOXO|valid=0,1,2,3,4,5,6
3

board=..........................................|valid=0,1,2,3,4,5,6
3

board=...................................O..X...|valid=0,1,2,3,4,5,6
3

board=...............................X...O..XO..|valid=0,1,2,3,4,5,6
3

board=........................X......X...O..XOO.|valid=0,1,2,3,4,5,6
3

board=..........................................|valid=0,1,2,3,4,5,6
3

board=....................................O.X...|valid=0,1,2,3,4,5,6
3

board=...............................X...OO.X...|valid=0,1,2,3,4,5,6
3

board=........................X...O..X...OO.X...|valid=0,1,2,3,4,5,6
3

board=..........................................|valid=0,1,2,3,4,5,6
3

board=......................................X..O|valid=0,1,2,3,4,5,6
3

board=...............................X......XO.O|valid=0,1,2,3,4,5,6
4

board=...............................XX.O...XO.O|valid=0,1,2,3,4,5,6
5

board=........................O......XX.O...XOXO|valid=0,1,2,3,4,5,6
3

board=.................X......O......XX.OO..XOXO|valid=0,1,2,3,4,5,6
4

board=.................XO.....OX.....XX.OO..XOXO|valid=0,1,2,3,4,5,6
5

board=...........O.....XO.....OX.....XXXOO..XOXO|valid=0,1,2,3,4,5,6
5

board=...........O.....XO.....OXX.O..XXXOO..XOXO|valid=0,1,2,3,4,5,6
5

board=..........................................|valid=0,1,2,3,4,5,6
3

board=.....................................OX...|valid=0,1,2,3,4,5,6
3

board=...............................X.....OX..O|valid=0,1,2,3,4,5,6
3

board=........................X......X....OOX..O|valid=0,1,2,3,4,5,6
4

board=.................O......X......X....OOXX.O|valid=0,1,2,3,4,5,6
3

board=..........X......O......X......X..O.OOXX.O|valid=0,1,2,3,4,5,6
4

board=..........X......O......XO.....XX.O.OOXX.O|valid=0,1,2,3,4,5,6
5

board=..........X......O......XO.....XX.OOOOXXXO|valid=0,1,2,3,4,5,6
5

board=..........X......O......XO....OXXXOOOOXXXO|valid=0,1,2,3,4,5,6
4

board=..........XO.....OX.....XO....OXXXOOOOXXXO|valid=0,1,2,3,4,5,6
5

board=..........XO.....OX....OXOX...OXXXOOOOXXXO|valid=0,1,2,3,4,5,6
5

board=..........................................|valid=0,1,2,3,4,5,6
3

board=......................................X.O.|valid=0,1,2,3,4,5,6
3

board=...............................X...O..X.O.|valid=0,1,2,3,4,5,6
3

board=........................X...O..X...O..X.O.|valid=0,1,2,3,4,5,6
3

board=..........................................|valid=0,1,2,3,4,5,6
3

board=....................................O.X...|valid=0,1,2,3,4,5,6
3

board=.............................O.X....O.X...|valid=0,1,2,3,4,5,6
3

board=........................X....O.X....OOX...|valid=0,1,2,3,4,5,6
3

board=..........................................|valid=0,1,2,3,4,5,6
3

board=......................................X..O|valid=0,1,2,3,4,5,6
3

board=...............................X..O...X..O|valid=0,1,2,3,4,5,6
3

board=........................X......X..OO..X..O|valid=0,1,2,3,4,5,6
3

board=..........................................|valid=0,1,2,3,4,5,6
3

board=......................................XO..|valid=0,1,2,3,4,5,6
3

board=...............................X...O..XO..|valid=0,1,2,3,4,5,6
3

board=........................X......X...O..XO.O|valid=0,1,2,3,4,5,6
3

board=..........................................|valid=0,1,2,3,4,5,6
3

board=......................................X.O.|valid=0,1,2,3,4,5,6
3

board=...............................X.....OX.O.|valid=0,1,2,3,4,5,6
3

board=........................X.....OX.....OX.O.|valid=0,1,2,3,4,5,6
3

board=..........................................|valid=0,1,2,3,4,5,6
3

board=......................................X.O.|valid=0,1,2,3,4,5,6
3

board=...............................X.O....X.O.|valid=0,1,2,3,4,5,6
3

board=........................X......X.O...OX.O.|valid=0,1,2,3,4,5,6
3

board=..........................................|valid=0,1,2,3,4,5,6
3

board=....................................O.X...|valid=0,1,2,3,4,5,6
3

board=...............................X....OOX...|valid=0,1,2,3,4,5,6
5

board=..............................OX....OOX.X.|valid=0,1,2,3,4,5,6
3

board=........................X.....OX....OOXOX.|valid=0,1,2,3,4,5,6
4

board=........................X.....OXX...OOXOXO|valid=0,1,2,3,4,5,6
5

board=.......................OX.....OXXX..OOXOXO|valid=0,1,2,3,4,5,6
4

board=.................O.....OXX....OXXX..OOXOXO|valid=0,1,2,3,4,5,6
5

board=..........O......O.....OXXX...OXXX..OOXOXO|valid=0,1,2,3,4,5,6
3

board=...X......O......O.....OXXX..OOXXX..OOXOXO|valid=0,1,2,4,5,6
4

board=...X......O......OX...OOXXX..OOXXX..OOXOXO|valid=0,1,2,4,5,6
4

board=..........................................|valid=0,1,2,3,4,5,6
3

board=......................................X..O|valid=0,1,2,3,4,5,6
3

board=...............................X...O..X..O|valid=0,1,2,3,4,5,6
3

board=........................X......X...O.OX..O|valid=0,1,2,3,4,5,6
4

board=........................X......X..OO.OXX.O|valid=0,1,2,3,4,5,6
4

board=........................X......XX.OOOOXX.O|valid=0,1,2,3,4,5,6
5

board=........................XO.....XX.OOOOXXXO|valid=0,1,2,3,4,5,6
5

board=........................XO....OXXXOOOOXXXO|valid=0,1,2,3,4,5,6
5

board=........................XOXO..OXXXOOOOXXXO|valid=0,1,2,3,4,5,6
5

board=..........................................|valid=0,1,2,3,4,5,6
3

board=.....................................OX...|valid=0,1,2,3,4,5,6
3

board=...............................X.....OX.O.|valid=0,1,2,3,4,5,6
3

board=........................X......X.O...OX.O.|valid=0,1,2,3,4,5,6
3

board=..........................................|valid=0,1,2,3,4,5,6
3

board=...............................O......X...|valid=0,1,2,3,4,5,6
3

board=.................O......X......O......X...|valid=0,1,2,3,4,5,6
3

board=...O......X......O......X......O......X...|valid=0,1,2,4,5,6
0

board=...O......X......O......X......O...X.OX...|valid=0,1,2,4,5,6
0

board=...O......X......O......X...X..O...X.OX.O.|valid=0,1,2,4,5,6
0

board=...O......X......O...X..X...X.OO...X.OX.O.|valid=0,1,2,4,5,6
4

board=...O......X...O..O...X..X...X.OO...X.OXXO.|valid=0,1,2,4,5,6
4

board=...O......X...O..O...X..X...X.OOX..X.OXXOO|valid=0,1,2,4,5,6
4

board=...O......X...O..O...X..XX..X.OOX.OX.OXXOO|valid=0,1,2,4,5,6
4

board=..........................................|valid=0,1,2,3,4,5,6
3

board=...................................O..X...|valid=0,1,2,3,4,5,6
3

board=...............................X...OO.X...|valid=0,1,2,3,4,5,6
3

board=........................X......X...OO.X..O|valid=0,1,2,3,4,5,6
3

board=..........................................|valid=0,1,2,3,4,5,6
3

board=....................................O.X...|valid=0,1,2,3,4,5,6
3

board=...............................X....O.X.O.|valid=0,1,2,3,4,5,6
3

board=........................X......X.O..O.X.O.|valid=0,1,2,3,4,5,6
3

board=..........................................|valid=0,1,2,3,4,5,6
3

board=...............................O......X...|valid=0,1,2,3,4,5,6
3

board=........................X......O......X.O.|valid=0,1,2,3,4,5,6
3

board=.................X......X......O.O....X.O.|valid=0,1,2,3,4,5,6
3

board=..........X......X......X......O.O....X.OO|valid=0,1,2,3,4,5,6
3

board=..........................................|valid=0,1,2,3,4,5,6
3

board=.....................................OX...|valid=0,1,2,3,4,5,6
3

board=...............................X.....OXO..|valid=0,1,2,3,4,5,6
3

board=........................X......X....OOXO..|valid=0,1,2,3,4,5,6
5

board=........................X......X....OOXOXO|valid=0,1,2,3,4,5,6
4

board=........................X......XX.O.OOXOXO|valid=0,1,2,3,4,5,6
4

board=........................XX....OXX.O.OOXOXO|valid=0,1,2,3,4,5,6
4

board=..................X.....XX.O..OXX.O.OOXOXO|valid=0,1,2,3,4,5,6
5

board=.................OX.....XX.O..OXXXO.OOXOXO|valid=0,1,2,3,4,5,6
5

board=.................OX.....XXXO.OOXXXO.OOXOXO|valid=0,1,2,3,4,5,6
4

board=..........................................|valid=0,1,2,3,4,5,6
3

board=...............................O......X...|valid=0,1,2,3,4,5,6
3

board=........................X......O...O..X...|valid=0,1,2,3,4,5,6
3

board=.................X......X......O...OO.X...|valid=0,1,2,3,4,5,6
3

board=..........X......X......X......O...OO.XO..|valid=0,1,2,3,4,5,6
3

board=..........................................|valid=0,1,2,3,4,5,6
3

board=......................................X.O.|valid=0,1,2,3,4,5,6
3

board=...............................X...O..X.O.|valid=0,1,2,3,4,5,6
3

board=.................O......X......X...O..X.O.|valid=0,1,2,3,4,5,6
3

board=..........X......O......X......X...O..XOO.|valid=0,1,2,3,4,5,6
3

board=...X......X......O......X......X.O.O..XOO.|valid=0,1,2,4,5,6
4

board=...X......X......O......X......XXO.OO.XOO.|valid=0,1,2,4,5,6
4

board=...X......X......O......XX.....XXO.OOOXOO.|valid=0,1,2,4,5,6
4

board=...X......X......OX.....XX....OXXO.OOOXOO.|valid=0,1,2,4,5,6
4

board=..........................................|valid=0,1,2,3,4,5,6
3

board=.....................................OX...|valid=0,1,2,3,4,5,6
3

board=...............................X.....OX.O.|valid=0,1,2,3,4,5,6
3

board=........................X......X.....OX.OO|valid=0,1,2,3,4,5,6
4

board=........................X......X.O...OXXOO|valid=0,1,2,3,4,5,6
4

board=........................XO.....XXO...OXXOO|valid=0,1,2,3,4,5,6
4

board=..................X.....XO.....XXO.O.OXXOO|valid=0,1,2,3,4,5,6
4

board=...........X......X.....XO..O..XXO.O.OXXOO|valid=0,1,2,3,4,5,6
3

board=..........................................|valid=0,1,2,3,4,5,6
3

board=......................................X.O.|valid=0,1,2,3,4,5,6
3

board=...............................X......X.OO|valid=0,1,2,3,4,5,6
3

board=........................X......X....O.X.OO|valid=0,1,2,3,4,5,6
4

board=.................O......X......X....O.XXOO|valid=0,1,2,3,4,5,6
3

board=..........X......O......X......XO...O.XXOO|valid=0,1,2,3,4,5,6
4

board=...O......X......O......XX.....XO...O.XXOO|valid=0,1,2,4,5,6
4

board=...O......X......OX.....XX.....XO...OOXXOO|valid=0,1,2,4,5,6
4

board=...O......XX.....OX.....XX.....XOO..OOXXOO|valid=0,1,2,4,5,6
4

board=..........................................|valid=0,1,2,3,4,5,6
3

board=....................................O.X...|valid=0,1,2,3,4,5,6
3

board=...............................X....O.X..O|valid=0,1,2,3,4,5,6
3

board=........................X......X...OO.X..O|valid=0,1,2,3,4,5,6
3

board=..........................................|valid=0,1,2,3,4,5,6
3

board=...............................O......X...|valid=0,1,2,3,4,5,6
3

board=........................X......O...O..X...|valid=0,1,2,3,4,5,6
3

board=.................X......X......O...O..X..O|valid=0,1,2,3,4,5,6
3

board=..........X......X......X...O..O...O..X..O|valid=0,1,2,3,4,5,6
3

board=..........................................|valid=0,1,2,3,4,5,6
3

board=......................................X.O.|valid=0,1,2,3,4,5,6
3

board=...............................X......XOO.|valid=0,1,2,3,4,5,6
4

board=...............................XXO....XOO.|valid=0,1,2,3,4,5,6
3

board=........................X......XXO...OXOO.|valid=0,1,2,3,4,5,6
4

board=........................XX.....XXO.O.OXOO.|valid=0,1,2,3,4,5,6
3

board=..........................................|valid=0,1,2,3,4,5,6
3

board=......................................XO..|valid=0,1,2,3,4,5,6
3

board=...............................X......XO.O|valid=0,1,2,3,4,5,6
4

board=...............................XX...O.XO.O|valid=0,1,2,3,4,5,6
5

board=.........................O.....XX...O.XOXO|valid=0,1,2,3,4,5,6
3

board=........................XO.....XX..OO.XOXO|valid=0,1,2,3,4,5,6
5

board=..................O.....XO.....XXX.OO.XOXO|valid=0,1,2,3,4,5,6
5

board=...........O......O.....XOX....XXX.OO.XOXO|valid=0,1,2,3,4,5,6
3

board=..........................................|valid=0,1,2,3,4,5,6
3

board=.....................................OX...|valid=0,1,2,3,4,5,6
3

board=...............................X.....OX.O.|valid=0,1,2,3,4,5,6
3

board=........................X......X...O.OX.O.|valid=0,1,2,3,4,5,6
3

board=..........................................|valid=0,1,2,3,4,5,6
3

board=....................................O.X...|valid=0,1,2,3,4,5,6
3

board=...............................X....O.XO..|valid=0,1,2,3,4,5,6
3

board=........................X......XO...O.XO..|valid=0,1,2,3,4,5,6
3

board=..........................................|valid=0,1,2,3,4,5,6
3

board=...................................O..X...|valid=0,1,2,3,4,5,6
3

board=...............................X...O.OX...|valid=0,1,2,3,4,5,6
3

board=.................O......X......X...O.OX...|valid=0,1,2,3,4,5,6
3

board=..........X......O......X......X...O.OXO..|valid=0,1,2,3,4,5,6
3

board=...X......X......O......X......X...OOOXO..|valid=0,1,2,4,5,6
4

board=...X......X......O......X...O..XX..OOOXO..|valid=0,1,2,4,5,6
4

board=...X......X......O......XX..OO.XX..OOOXO..|valid=0,1,2,4,5,6
4

board=...X......X......OX.....XX..OO.XX..OOOXOO.|valid=0,1,2,4,5,6
4

board=..........................................|valid=0,1,2,3,4,5,6
3

board=......................................XO..|valid=0,1,2,3,4,5,6
3

board=...............................X......XOO.|valid=0,1,2,3,4,5,6
4

board=...............................XX..O..XOO.|valid=0,1,2,3,4,5,6
3

board=........................X......XX..O..XOOO|valid=0,1,2,3,4,5,6
6

board=........................XO.....XX.XO..XOOO|valid=0,1,2,3,4,5,6
5

board=..........................................|valid=0,1,2,3,4,5,6
3

board=......................................X..O|valid=0,1,2,3,4,5,6
3

board=...............................X..O...X..O|valid=0,1,2,3,4,5,6
3

board=........................X......X..OO..X..O|valid=0,1,2,3,4,5,6
3

board=..........................................|valid=0,1,2,3,4,5,6
3

board=...............................O......X...|valid=0,1,2,3,4,5,6
3

board=........................X......O......XO..|valid=0,1,2,3,4,5,6
3

board=.................X......X......O...O..XO..|valid=0,1,2,3,4,5,6
3

board=..........X......X......X......O...O..XO.O|valid=0,1,2,3,4,5,6
3

board=..........................................|valid=0,1,2,3,4,5,6
3

board=......................................X.O.|valid=0,1,2,3,4,5,6
3

board=...............................X......X.OO|valid=0,1,2,3,4,5,6
3

board=........................X......X......XOOO|valid=0,1,2,3,4,5,6
3

board=..........................................|valid=0,1,2,3,4,5,6
3

board=....................................O.X...|valid=0,1,2,3,4,5,6
3

board=.............................O.X....O.X...|valid=0,1,2,3,4,5,6
3

board=........................X....O.X....OOX...|valid=0,1,2,3,4,5,6
3

board=..........................................|valid=0,1,2,3,4,5,6
3

board=...............................O......X...|valid=0,1,2,3,4,5,6
3

board=........................X......O...O..X...|valid=0,1,2,3,4,5,6
3

board=.................X......X......O...O..X.O.|valid=0,1,2,3,4,5,6
3

board=...O......X......X......X......O...O..X.O.|valid=0,1,2,4,5,6
0

board=...O......X......X......X...X..O...O..X.OO|valid=0,1,2,4,5,6
0

board=...O......X......X...X..X...X..O...O.OX.OO|valid=0,1,2,4,5,6
4

board=...O......X......X...X..X...X..OO..O.OXXOO|valid=0,1,2,4,5,6
4

board=...O......X......X...X..XX..X..OO.OO.OXXOO|valid=0,1,2,4,5,6
4

board=...O......X......XX..X..XX..X.OOO.OO.OXXOO|valid=0,1,2,4,5,6
4

board=...O......XX.....XX..X..XX.OX.OOO.OO.OXXOO|valid=0,1,2,4,5,6
4

board=..........................................|valid=0,1,2,3,4,5,6
3

board=......................................X..O|valid=0,1,2,3,4,5,6
3

board=...............................X..O...X..O|valid=0,1,2,3,4,5,6
3

board=........................X......X..O..OX..O|valid=0,1,2,3,4,5,6
3

board=..........................................|valid=0,1,2,3,4,5,6
3

board=....................................O.X...|valid=0,1,2,3,4,5,6
3

board=...............................X....O.X.O.|valid=0,1,2,3,4,5,6
3

board=........................X......X....O.X.OO|valid=0,1,2,3,4,5,6
4

board=........................X......X.O..O.XXOO|valid=0,1,2,3,4,5,6
4

board=.................O......X......XXO..O.XXOO|valid=0,1,2,3,4,5,6
4

board=..........O......O......XX.....XXO..O.XXOO|valid=0,1,2,3,4,5,6
3

board=...X......O......O......XXO....XXO..O.XXOO|valid=0,1,2,4,5,6
4

board=..........................................|valid=0,1,2,3,4,5,6
3

board=...................................O..X...|valid=0,1,2,3,4,5,6
3

board=............................O..X...O..X...|valid=0,1,2,3,4,5,6
3

board=........................X...O..X...O..X..O|valid=0,1,2,3,4,5,6
3

board=..........................................|valid=0,1,2,3,4,5,6
3

board=......................................XO..|valid=0,1,2,3,4,5,6
3

board=...............................X......XO.O|valid=0,1,2,3,4,5,6
4

board=........................O......XX.....XO.O|valid=0,1,2,3,4,5,6
3

board=..........O......X......O......XX.....XO.O|valid=0,1,2,3,4,5,6
4

board=..........O......X......OX.....XX.O...XO.O|valid=0,1,2,3,4,5,6
4

board=..........O......XX.....OX.....XX.O...XOOO|valid=0,1,2,3,4,5,6
3

board=...X......O......XX.....OX.....XX.OO..XOOO|valid=0,1,2,4,5,6
4

board=..........................................|valid=0,1,2,3,4,5,6
3

board=....................................O.X...|valid=0,1,2,3,4,5,6
3

board=...............................X...OO.X...|valid=0,1,2,3,4,5,6
3

board=........................X......X...OO.X..O|valid=0,1,2,3,4,5,6
3

board=..........................................|valid=0,1,2,3,4,5,6
3

board=......................................X.O.|valid=0,1,2,3,4,5,6
3

board=...............................X....O.X.O.|valid=0,1,2,3,4,5,6
3

board=........................X......X.O..O.X.O.|valid=0,1,2,3,4,5,6
3

board=..........................................|valid=0,1,2,3,4,5,6
3

board=...................................O..X...|valid=0,1,2,3,4,5,6
3

board=........................O......X...O..X...|valid=0,1,2,3,4,5,6
3

board=.................X......O......X...O.OX...|valid=0,1,2,3,4,5,6
3

board=...O......X......X......O......X...O.OX...|valid=0,1,2,4,5,6
0

board=...O......X......X...O..O...X..X...O.OX...|valid=0,1,2,4,5,6
4

board=...O......X...O..X...O..O...X..X...O.OXX..|valid=0,1,2,4,5,6
4

board=...O......X...O..X...O..O...X.OXX..O.OXX..|valid=0,1,2,4,5,6
4

board=...O......X...O..X...O..OX..X.OXX..OOOXX..|valid=0,1,2,4,5,6
4

board=..........................................|valid=0,1,2,3,4,5,6
3

board=...............................O......X...|valid=0,1,2,3,4,5,6
3

board=.................O......X......O......X...|valid=0,1,2,3,4,5,6
3

board=..........X......O......X......O......X.O.|valid=0,1,2,3,4,5,6
3

board=...X......X......O......X......O......X.OO|valid=0,1,2,4,5,6
4

board=...X......X......O......X......O....O.XXOO|valid=0,1,2,4,5,6
4

board=...X......X......O......X......OX.O.O.XXOO|valid=0,1,2,4,5,6
4

board=...X......X......O......XX...O.OX.O.O.XXOO|valid=0,1,2,4,5,6
4

board=..........................................|valid=0,1,2,3,4,5,6
3

board=...................................O..X...|valid=0,1,2,3,4,5,6
3

board=...............................X...O..XO..|valid=0,1,2,3,4,5,6
3

board=........................X...O..X...O..XO..|valid=0,1,2,3,4,5,6
3

board=..........................................|valid=0,1,2,3,4,5,6
3

board=....................................O.X...|valid=0,1,2,3,4,5,6
3

board=...............................X...OO.X...|valid=0,1,2,3,4,5,6
3

board=........................X....O.X...OO.X...|valid=0,1,2,3,4,5,6
3

board=..........................................|valid=0,1,2,3,4,5,6
3

board=......................................X.O.|valid=0,1,2,3,4,5,6
3

board=...............................X....O.X.O.|valid=0,1,2,3,4,5,6
3

board=........................X......X...OO.X.O.|valid=0,1,2,3,4,5,6
3

board=..........................................|valid=0,1,2,3,4,5,6
3

board=...................................O..X...|valid=0,1,2,3,4,5,6
3

board=...............................X...OO.X...|valid=0,1,2,3,4,5,6
3

board=........................X....O.X...OO.X...|valid=0,1,2,3,4,5,6
3

board=..........................................|valid=0,1,2,3,4,5,6
3

board=.....................................OX...|valid=0,1,2,3,4,5,6
3

board=...............................X.....OXO..|valid=0,1,2,3,4,5,6
3

board=........................X......X...O.OXO..|valid=0,1,2,3,4,5,6
5

board=........................X......X...O.OXOXO|valid=0,1,2,3,4,5,6
5

board=.................O......X......X.X.O.OXOXO|valid=0,1,2,3,4,5,6
4

board=.................O......X......XXX.OOOXOXO|valid=0,1,2,3,4,5,6
3

board=..........X......O......XO.....XXX.OOOXOXO|valid=0,1,2,3,4,5,6
4

board=...O......X......OX.....XO.....XXX.OOOXOXO|valid=0,1,2,4,5,6
4

board=...O......XX.....OX.....XO.....XXXOOOOXOXO|valid=0,1,2,4,5,6
4

board=...OX.....XX.....OX.....XO...O.XXXOOOOXOXO|valid=0,1,2,5,6
5

board=...OX.....XX.....OX.....XOXO.O.XXXOOOOXOXO|valid=0,1,2,5,6
5

board=..........................................|valid=0,1,2,3,4,5,6
3

board=...................................O..X...|valid=0,1,2,3,4,5,6
3

board=............................O..X...O..X...|valid=0,1,2,3,4,5,6
3

board=........................X...O..X...O..XO..|valid=0,1,2,3,4,5,6
3

board=..........................................|valid=0,1,2,3,4,5,6
3

board=....................................O.X...|valid=0,1,2,3,4,5,6
3

board=...............................X....OOX...|valid=0,1,2,3,4,5,6
5

board=...............................X....OOXOX.|valid=0,1,2,3,4,5,6
3

board=........................X......X...OOOXOX.|valid=0,1,2,3,4,5,6
3

board=..........................................|valid=0,1,2,3,4,5,6
3

board=......................................X..O|valid=0,1,2,3,4,5,6
3

board=...............................X....O.X..O|valid=0,1,2,3,4,5,6
3

board=........................X......X....O.X.OO|valid=0,1,2,3,4,5,6
4

board=.................O......X......X....O.XXOO|valid=0,1,2,3,4,5,6
3

board=..........X......O......X....O.X....O.XXOO|valid=0,1,2,3,4,5,6
4

board=..........X......O......X....O.XX.O.O.XXOO|valid=0,1,2,3,4,5,6
4

board=..........X......O......XX.O.O.XX.O.O.XXOO|valid=0,1,2,3,4,5,6
3

board=...X......X......O......XX.O.O.XXOO.O.XXOO|valid=0,1,2,4,5,6
4

board=..........................................|valid=0,1,2,3,4,5,6
3

board=......................................XO..|valid=0,1,2,3,4,5,6
3

board=...............................X.....OXO..|valid=0,1,2,3,4,5,6
3

board=........................X......X....OOXO..|valid=0,1,2,3,4,5,6
5

board=........................X......XO...OOXOX.|valid=0,1,2,3,4,5,6
5

board=........................X......XOX.OOOXOX.|valid=0,1,2,3,4,5,6
4

board=........................XX....OXOX.OOOXOX.|valid=0,1,2,3,4,5,6
3

board=..........................................|valid=0,1,2,3,4,5,6
3

board=......................................X.O.|valid=0,1,2,3,4,5,6
3

board=...............................X.O....X.O.|valid=0,1,2,3,4,5,6
3

board=.................O......X......X.O....X.O.|valid=0,1,2,3,4,5,6
3

board=..........X......O......X......X.O.O..X.O.|valid=0,1,2,3,4,5,6
3

board=...X......X......O......X......X.O.OO.X.O.|valid=0,1,2,4,5,6
4

board=...X......X......O......X......XOO.OO.XXO.|valid=0,1,2,4,5,6
4

board=...X......X......O......XX.....XOO.OO.XXOO|valid=0,1,2,4,5,6
4

board=...X......X......OX.....XX..O..XOO.OO.XXOO|valid=0,1,2,4,5,6
4

board=...X......XX.....OX.....XX..OO.XOO.OO.XXOO|valid=0,1,2,4,5,6
2

board=...X......XX.....OX...O.XX..OO.XOO.OOXXXOO|valid=0,1,2,4,5,6
4

board=..........................................|valid=0,1,2,3,4,5,6
3

board=......................................X..O|valid=0,1,2,3,4,5,6
3

board=...............................X....O.X..O|valid=0,1,2,3,4,5,6
3

board=........................X......X...OO.X..O|valid=0,1,2,3,4,5,6
3

board=..........................................|valid=0,1,2,3,4,5,6
3

board=......................................X..O|valid=0,1,2,3,4,5,6
3

board=...............................X......X.OO|valid=0,1,2,3,4,5,6
3

board=........................X......X...O..X.OO|valid=0,1,2,3,4,5,6
3

board=..........................................|valid=0,1,2,3,4,5,6
3

board=.....................................OX...|valid=0,1,2,3,4,5,6
3

board=...............................X.....OXO..|valid=0,1,2,3,4,5,6
3

board=........................X......X...O.OXO..|valid=0,1,2,3,4,5,6
5

board=........................X......X...O.OXOXO|valid=0,1,2,3,4,5,6
5

board=........................X.....OX.X.O.OXOXO|valid=0,1,2,3,4,5,6
4

board=........................X.O...OXXX.O.OXOXO|valid=0,1,2,3,4,5,6
5

board=...................X....X.O...OXXXOO.OXOXO|valid=0,1,2,3,4,5,6
3

board=..........................................|valid=0,1,2,3,4,5,6
3

board=....................................O.X...|valid=0,1,2,3,4,5,6
3

board=...............................X....OOX...|valid=0,1,2,3,4,5,6
5

board=...............................X....OOXOX.|valid=0,1,2,3,4,5,6
3

board=.................O......X......X....OOXOX.|valid=0,1,2,3,4,5,6
3

board=..........X......O......X.....OX....OOXOX.|valid=0,1,2,3,4,5,6
4

board=..........X......O......XO....OXX...OOXOX.|valid=0,1,2,3,4,5,6
5

board=...O......X......O......XO....OXXX..OOXOX.|valid=0,1,2,4,5,6
4

board=...O......XO.....OX.....XO....OXXX..OOXOX.|valid=0,1,2,4,5,6
4

board=...OX.....XO.....OX.....XOO...OXXX..OOXOX.|valid=0,1,2,5,6
5

board=...OX.....XO.....OXX....XOO..OOXXX..OOXOX.|valid=0,1,2,5,6
5

board=...OX.....XOX....OXX....XOO..OOXXX..OOXOXO|valid=0,1,2,5,6
5

board=...OXX....XOX....OXX....XOO..OOXXX.OOOXOXO|valid=0,1,2,6
6

board=..........................................|valid=0,1,2,3,4,5,6
3

board=....................................O.X...|valid=0,1,2,3,4,5,6
3

board=........................O......X....O.X...|valid=0,1,2,3,4,5,6
3

board=.................X......O......X....O.XO..|valid=0,1,2,3,4,5,6
3

board=...O......X......X......O......X....O.XO..|valid=0,1,2,4,5,6
0

board=...O......X......X......O......X...XOOXO..|valid=0,1,2,4,5,6
4

board=...O......X......X......O....O.XX..XOOXO..|valid=0,1,2,4,5,6
4

board=...O......X......XO.....OX...O.XX..XOOXO..|valid=0,1,2,4,5,6
4

board=...OO.....XX.....XO.....OX...O.XX..XOOXO..|valid=0,1,2,5,6
5

board=...OO.....XX.....XO.....OX...O.XX..XOOXOXO|valid=0,1,2,5,6
5

board=...OO.....XX.....XO.....OX..OO.XXX.XOOXOXO|valid=0,1,2,5,6
5

board=...OO.....XX.....XO...O.OXX.OO.XXX.XOOXOXO|valid=0,1,2,5,6
5

board=..........................................|valid=0,1,2,3,4,5,6
3

board=......................................X.O.|valid=0,1,2,3,4,5,6
3

board=...............................X.....OX.O.|valid=0,1,2,3,4,5,6
3

board=........................X......X.....OX.OO|valid=0,1,2,3,4,5,6
4

board=........................X......X..O..OXXOO|valid=0,1,2,3,4,5,6
4

board=........................X..O...XX.O..OXXOO|valid=0,1,2,3,4,5,6
4

board=........................XX.O...XX.O.OOXXOO|valid=0,1,2,3,4,5,6
3

board=..........................................|valid=0,1,2,3,4,5,6
3

board=......................................X.O.|valid=0,1,2,3,4,5,6
3

board=...............................X......X.OO|valid=0,1,2,3,4,5,6
3

board=........................X......X.....OX.OO|valid=0,1,2,3,4,5,6
4

board=.................O......X......X.....OXXOO|valid=0,1,2,3,4,5,6
3

board=..........X......O......X......X..O..OXXOO|valid=0,1,2,3,4,5,6
3

board=...X......X......O......X......X..O.OOXXOO|valid=0,1,2,4,5,6
4

board=...X......X......O......X......XXOO.OOXXOO|valid=0,1,2,4,5,6
4

board=...X......X......O......XXO....XXOO.OOXXOO|valid=0,1,2,4,5,6
4

board=..........................................|valid=0,1,2,3,4,5,6
3

board=....................................O.X...|valid=0,1,2,3,4,5,6
3

board=.............................O.X....O.X...|valid=0,1,2,3,4,5,6
3

board=........................X....O.X...OO.X...|valid=0,1,2,3,4,5,6
3

board=..........................................|valid=0,1,2,3,4,5,6
3

board=.....................................OX...|valid=0,1,2,3,4,5,6
3

board=...............................X.....OXO..|valid=0,1,2,3,4,5,6
3

board=........................X......X.....OXOO.|valid=0,1,2,3,4,5,6
4

board=.................O......X......XX....OXOO.|valid=0,1,2,3,4,5,6
4

board=.................OO.....XX.....XX....OXOO.|valid=0,1,2,3,4,5,6
3

board=..........XO.....OO.....XX.....XX....OXOO.|valid=0,1,2,3,4,5,6
5

board=..........XO.....OO.....XXO....XXX...OXOO.|valid=0,1,2,3,4,5,6
3

board=...X......XO.....OO.....XXO...OXXX...OXOO.|valid=0,1,2,4,5,6
4

board=...XX.....XO.....OO.....XXO...OXXX...OXOOO|valid=0,1,2,5,6
5

board=...XX.....XOO....OOX....XXO...OXXX...OXOOO|valid=0,1,2,5,6
5

board=...XXX....XOO....OOX....XXO...OXXXO..OXOOO|valid=0,1,2,6
6

board=...XXX....XOO....OOX....XXOX..OXXXOO.OXOOO|valid=0,1,2,6
6

board=...XXX....XOOO...OOXX...XXOX..OXXXOO.OXOOO|valid=0,1,2,6
6

board=..........................................|valid=0,1,2,3,4,5,6
3

board=......................................X..O|valid=0,1,2,3,4,5,6
3

board=...............................X......X.OO|valid=0,1,2,3,4,5,6
3

board=.................O......X......X......X.OO|valid=0,1,2,3,4,5,6
3

board=..........X......O......X......X...O..X.OO|valid=0,1,2,3,4,5,6
3

board=...X......X......O......X......X...O.OX.OO|valid=0,1,2,4,5,6
4

board=...X......X......O......X.....OX...O.OXXOO|valid=0,1,2,4,5,6
4

board=...X......X......O......X.....OXX..OOOXXOO|valid=0,1,2,4,5,6
4

board=...X......X......O......XX...OOXX..OOOXXOO|valid=0,1,2,4,5,6
4

board=..........................................|valid=0,1,2,3,4,5,6
3

board=...................................O..X...|valid=0,1,2,3,4,5,6
3

board=...............................X...OO.X...|valid=0,1,2,3,4,5,6
3

board=........................X......X...OOOX...|valid=0,1,2,3,4,5,6
3

board=..........................................|valid=0,1,2,3,4,5,6
3

board=......................................XO..|valid=0,1,2,3,4,5,6
3

board=...............................X....O.XO..|valid=0,1,2,3,4,5,6
3

board=........................X....O.X....O.XO..|valid=0,1,2,3,4,5,6
3

board=..........................................|valid=0,1,2,3,4,5,6
3

board=....................................O.X...|valid=0,1,2,3,4,5,6
3

board=...............................X...OO.X...|valid=0,1,2,3,4,5,6
3

board=........................X......X...OO.X.O.|valid=0,1,2,3,4,5,6
3

board=..........................................|valid=0,1,2,3,4,5,6
3

board=......................................X.O.|valid=0,1,2,3,4,5,6
3

board=...............................X....O.X.O.|valid=0,1,2,3,4,5,6
3

board=........................X......X...OO.X.O.|valid=0,1,2,3,4,5,6
3

board=..........................................|valid=0,1,2,3,4,5,6
3

board=....................................O.X...|valid=0,1,2,3,4,5,6
3

board=...............................X...OO.X...|valid=0,1,2,3,4,5,6
3

board=........................X...O..X...OO.X...|valid=0,1,2,3,4,5,6
3

board=..........................................|valid=0,1,2,3,4,5,6
3

board=....................................O.X...|valid=0,1,2,3,4,5,6
3

board=...............................X....O.X..O|valid=0,1,2,3,4,5,6
3

board=........................X......X....O.XO.O|valid=0,1,2,3,4,5,6
3

board=..........................................|valid=0,1,2,3,4,5,6
3

board=...............................O......X...|valid=0,1,2,3,4,5,6
3

board=........................X......O......XO..|valid=0,1,2,3,4,5,6
3

board=.................X......X......O.....OXO..|valid=0,1,2,3,4,5,6
3

board=..........X......X......X.....OO.....OXO..|valid=0,1,2,3,4,5,6
3

board=..........................................|valid=0,1,2,3,4,5,6
3

board=...............................O......X...|valid=0,1,2,3,4,5,6
3

board=........................X......O....O.X...|valid=0,1,2,3,4,5,6
3

board=.................X......X......O....OOX...|valid=0,1,2,3,4,5,6
3

board=..........X......X......X.....OO....OOX...|valid=0,1,2,3,4,5,6
3

board=..........................................|valid=0,1,2,3,4,5,6
3

board=......................................X..O|valid=0,1,2,3,4,5,6
3

board=...............................X...O..X..O|valid=0,1,2,3,4,5,6
3

board=........................X......X...OO.X..O|valid=0,1,2,3,4,5,6
3

board=..........................................|valid=0,1,2,3,4,5,6
3

board=.....................................OX...|valid=0,1,2,3,4,5,6
3

board=...............................X....OOX...|valid=0,1,2,3,4,5,6
5

board=.............................O.X....OOX.X.|valid=0,1,2,3,4,5,6
4

board=.............................O.X...OOOXXX.|valid=0,1,2,3,4,5,6
3

board=........................X....OOX...OOOXXX.|valid=0,1,2,3,4,5,6
4

board=........................X...OOOXX..OOOXXX.|valid=0,1,2,3,4,5,6
5

board=......................O.X...OOOXXX.OOOXXX.|valid=0,1,2,3,4,5,6
3

board=..........................................|valid=0,1,2,3,4,5,6
3

board=...................................O..X...|valid=0,1,2,3,4,5,6
3

board=...............................X...O..XO..|valid=0,1,2,3,4,5,6
3

board=........................X...O..X...O..XO..|valid=0,1,2,3,4,5,6
3

board=..........................................|valid=0,1,2,3,4,5,6
3

board=......................................X.O.|valid=0,1,2,3,4,5,6
3

board=...............................X......XOO.|valid=0,1,2,3,4,5,6
4

board=...............................XXO....XOO.|valid=0,1,2,3,4,5,6
3

board=........................X......XXO....XOOO|valid=0,1,2,3,4,5,6
4

board=..................O.....XX.....XXO....XOOO|valid=0,1,2,3,4,5,6
3

board=..........................................|valid=0,1,2,3,4,5,6
3

board=......................................X.O.|valid=0,1,2,3,4,5,6
3

board=...............................X......XOO.|valid=0,1,2,3,4,5,6
4

board=...............................XX.....XOOO|valid=0,1,2,3,4,5,6
4

board=.........................X.....XX..O..XOOO|valid=0,1,2,3,4,5,6
6

board=........................OX.....XX.XO..XOOO|valid=0,1,2,3,4,5,6
4

board=..................X.....OX.....XX.XO.OXOOO|valid=0,1,2,3,4,5,6
5

board=..........................................|valid=0,1,2,3,4,5,6
3

board=...................................O..X...|valid=0,1,2,3,4,5,6
3

board=............................O..X...O..X...|valid=0,1,2,3,4,5,6
3

board=.....................O..X...O..X...O..X...|valid=0,1,2,3,4,5,6
3

board=..........................................|valid=0,1,2,3,4,5,6
3

board=......................................X..O|valid=0,1,2,3,4,5,6
3

board=...............................X..O...X..O|valid=0,1,2,3,4,5,6
3

board=........................X......X..O...X.OO|valid=0,1,2,3,4,5,6
3

board=..........................................|valid=0,1,2,3,4,5,6
3

board=.....................................OX...|valid=0,1,2,3,4,5,6
3

board=...............................X....OOX...|valid=0,1,2,3,4,5,6
5

board=...............................X.O..OOX.X.|valid=0,1,2,3,4,5,6
4

board=........................O......X.O..OOXXX.|valid=0,1,2,3,4,5,6
3

board=.................X......O......XOO..OOXXX.|valid=0,1,2,3,4,5,6
5

board=.................X......OOX....XOO..OOXXX.|valid=0,1,2,3,4,5,6
3

board=...O......X......X......OOX....XOO..OOXXX.|valid=0,1,2,4,5,6
6

board=..........................................|valid=0,1,2,3,4,5,6
3

board=....................................O.X...|valid=0,1,2,3,4,5,6
3

board=...............................X....O.X.O.|valid=0,1,2,3,4,5,6
3

board=........................X....O.X....O.X.O.|valid=0,1,2,3,4,5,6
3

board=..........................................|valid=0,1,2,3,4,5,6
3

board=.....................................OX...|valid=0,1,2,3,4,5,6
3

board=...............................X.....OXO..|valid=0,1,2,3,4,5,6
3

board=........................X.....OX.....OXO..|valid=0,1,2,3,4,5,6
3

board=..........................................|valid=0,1,2,3,4,5,6
3

board=......................................X.O.|valid=0,1,2,3,4,5,6
3

board=...............................X....O.X.O.|valid=0,1,2,3,4,5,6
3

board=.................O......X......X....O.X.O.|valid=0,1,2,3,4,5,6
3

board=..........X......O......X......X....O.X.OO|valid=0,1,2,3,4,5,6
3

board=...X......X......O......X......X.O..O.X.OO|valid=0,1,2,4,5,6
4

board=...X......X......O......X......X.O..OOXXOO|valid=0,1,2,4,5,6
4

board=...X......X......O......X.....OXXO..OOXXOO|valid=0,1,2,4,5,6
4

board=...X......X......O......XX...OOXXO..OOXXOO|valid=0,1,2,4,5,6
4

board=..........................................|valid=0,1,2,3,4,5,6
3

board=......................................XO..|valid=0,1,2,3,4,5,6
3

board=...............................X....O.XO..|valid=0,1,2,3,4,5,6
3

board=........................X......X....O.XO.O|valid=0,1,2,3,4,5,6
3

board=..........................................|valid=0,1,2,3,4,5,6
3

board=...............................O......X...|valid=0,1,2,3,4,5,6
3

board=........................X......O......X..O|valid=0,1,2,3,4,5,6
3

board=.................X......X......O...O..X..O|valid=0,1,2,3,4,5,6
3

board=..........X......X......X...O..O...O..X..O|valid=0,1,2,3,4,5,6
3

board=..........................................|valid=0,1,2,3,4,5,6
3

board=....................................O.X...|valid=0,1,2,3,4,5,6
3

board=...............................X....OOX...|valid=0,1,2,3,4,5,6
5

board=...............................X....OOXOX.|valid=0,1,2,3,4,5,6
3

board=........................X.....OX....OOXOX.|valid=0,1,2,3,4,5,6
4

board=.................O......X.....OXX...OOXOX.|valid=0,1,2,3,4,5,6
5

board=.................O......X.....OXXX..OOXOXO|valid=0,1,2,3,4,5,6
4

board=..........O......O......XX....OXXX..OOXOXO|valid=0,1,2,3,4,5,6
4

board=..........O......OX.....XXO...OXXX..OOXOXO|valid=0,1,2,3,4,5,6
4

board=..........................................|valid=0,1,2,3,4,5,6
3

board=......................................X..O|valid=0,1,2,3,4,5,6
3

board=...............................X..O...X..O|valid=0,1,2,3,4,5,6
3

board=........................X......X..O...X.OO|valid=0,1,2,3,4,5,6
3

board=..........................................|valid=0,1,2,3,4,5,6
3

board=......................................X..O|valid=0,1,2,3,4,5,6
3

board=...............................X....O.X..O|valid=0,1,2,3,4,5,6
3

board=........................X......X....O.XO.O|valid=0,1,2,3,4,5,6
3

board=..........................................|valid=0,1,2,3,4,5,6
3

board=....................................O.X...|valid=0,1,2,3,4,5,6
3

board=...............................X....OOX...|valid=0,1,2,3,4,5,6
5

board=...............................X.O..OOX.X.|valid=0,1,2,3,4,5,6
4

board=........................O......X.O..OOXXX.|valid=0,1,2,3,4,5,6
3

board=.................X......O.....OX.O..OOXXX.|valid=0,1,2,3,4,5,6
5

board=.................X.....OO.X...OX.O..OOXXX.|valid=0,1,2,3,4,5,6
5

board=.................X.X...OO.X...OX.O.OOOXXX.|valid=0,1,2,3,4,5,6
5

board=............X....X.X...OO.X..OOX.O.OOOXXX.|valid=0,1,2,3,4,5,6
4

board=............X....X.X...OO.X..OOXXO.OOOXXXO|valid=0,1,2,3,4,5,6
5

board=..........................................|valid=0,1,2,3,4,5,6
3

board=......................................XO..|valid=0,1,2,3,4,5,6
3

board=...............................XO.....XO..|valid=0,1,2,3,4,5,6
3

board=........................X......XO..O..XO..|valid=0,1,2,3,4,5,6
3

board=..........................................|valid=0,1,2,3,4,5,6
3

board=......................................XO..|valid=0,1,2,3,4,5,6
3

board=...............................X...O..XO..|valid=0,1,2,3,4,5,6
3

board=........................X...O..X...O..XO..|valid=0,1,2,3,4,5,6
3

board=..........................................|valid=0,1,2,3,4,5,6
3

board=......................................X..O|valid=0,1,2,3,4,5,6
3

board=...............................X..O...X..O|valid=0,1,2,3,4,5,6
3

board=........................X......X..O.O.X..O|valid=0,1,2,3,4,5,6
3

board=..........................................|valid=0,1,2,3,4,5,6
3

board=......................................X.O.|valid=0,1,2,3,4,5,6
3

board=...............................X.....OX.O.|valid=0,1,2,3,4,5,6
3

board=........................X......X.....OX.OO|valid=0,1,2,3,4,5,6
4

board=........................X......X....OOXXOO|valid=0,1,2,3,4,5,6
4

board=........................X......XXO..OOXXOO|valid=0,1,2,3,4,5,6
4

board=.................O......XX.....XXO..OOXXOO|valid=0,1,2,3,4,5,6
3

board=..........X......O......XX.....XXOO.OOXXOO|valid=0,1,2,3,4,5,6
4

board=..........................................|valid=0,1,2,3,4,5,6
3

board=...............................O......X...|valid=0,1,2,3,4,5,6
3

board=........................X......O......XO..|valid=0,1,2,3,4,5,6
3

board=.................X......X......OO.....XO..|valid=0,1,2,3,4,5,6
3

board=..........X......X......X......OO.....XOO.|valid=0,1,2,3,4,5,6
3

board=..........................................|valid=0,1,2,3,4,5,6
3

board=......................................XO..|valid=0,1,2,3,4,5,6
3

board=...............................X....O.XO..|valid=0,1,2,3,4,5,6
3

board=........................X......X....OOXO..|valid=0,1,2,3,4,5,6
5

board=........................X......X.O..OOXOX.|valid=0,1,2,3,4,5,6
4

board=........................X....O.XXO..OOXOX.|valid=0,1,2,3,4,5,6
3

board=..........................................|valid=0,1,2,3,4,5,6
3

board=...................................O..X...|valid=0,1,2,3,4,5,6
3

board=...............................X...O..XO..|valid=0,1,2,3,4,5,6
3

board=........................X......X...O..XOO.|valid=0,1,2,3,4,5,6
3

board=..........................................|valid=0,1,2,3,4,5,6
3

board=......................................XO..|valid=0,1,2,3,4,5,6
3

board=...............................X......XOO.|valid=0,1,2,3,4,5,6
4

board=...............................XX....OXOO.|valid=0,1,2,3,4,5,6
3

board=........................X......XX...OOXOO.|valid=0,1,2,3,4,5,6
4

board=..................O.....XX.....XX...OOXOO.|valid=0,1,2,3,4,5,6
3

board=..........................................|valid=0,1,2,3,4,5,6
3

board=......................................X.O.|valid=0,1,2,3,4,5,6
3

board=...............................X....O.X.O.|valid=0,1,2,3,4,5,6
3

board=........................X......X...OO.X.O.|valid=0,1,2,3,4,5,6
3

board=..........................................|valid=0,1,2,3,4,5,6
3

board=...............................O......X...|valid=0,1,2,3,4,5,6
3

board=........................X......O......X.O.|valid=0,1,2,3,4,5,6
3

board=.................X......X......O....O.X.O.|valid=0,1,2,3,4,5,6
3

board=..........X......X......X......O...OO.X.O.|valid=0,1,2,3,4,5,6
3

board=..........................................|valid=0,1,2,3,4,5,6
3

board=...................................O..X...|valid=0,1,2,3,4,5,6
3

board=...............................X...OO.X...|valid=0,1,2,3,4,5,6
3

board=........................X...O..X...OO.X...|valid=0,1,2,3,4,5,6
3

board=..........................................|valid=0,1,2,3,4,5,6
3

board=......................................XO..|valid=0,1,2,3,4,5,6
3

board=........................O......X......XO..|valid=0,1,2,3,4,5,6
3

board=.................X......O......X......XOO.|valid=0,1,2,3,4,5,6
3

board=..........X......X......O......X.O....XOO.|valid=0,1,2,3,4,5,6
3

board=...X......X......X......O......X.O....XOOO|valid=0,1,2,4,5,6
4

board=...X......X......X......O.O....XXO....XOOO|valid=0,1,2,4,5,6
4

board=...X......X......X......OXO....XXO..O.XOOO|valid=0,1,2,4,5,6
4

board=...X......X......XX.....OXO....XXO..OOXOOO|valid=0,1,2,4,5,6
4

board=..........................................|valid=0,1,2,3,4,5,6
3

board=......................................XO..|valid=0,1,2,3,4,5,6
3

board=...............................X...O..XO..|valid=0,1,2,3,4,5,6
3

board=.................O......X......X...O..XO..|valid=0,1,2,3,4,5,6
3

board=..........X......O......X......X...O..XO.O|valid=0,1,2,3,4,5,6
3

board=...X......X......O......X......X...O..XOOO|valid=0,1,2,4,5,6
4

board=...X......X......O......X...O..XX..O..XOOO|valid=0,1,2,4,5,6
4

board=...X......X......OO.....XX..O..XX..O..XOOO|valid=0,1,2,4,5,6
4

board=...X......XX.....OO.....XX..O..XXO.O..XOOO|valid=0,1,2,4,5,6
4

board=...XX.....XX.....OO..O..XX..O..XXO.O..XOOO|valid=0,1,2,5,6
5

board=...XX.....XX.....OO..O..XXX.O..XXOOO..XOOO|valid=0,1,2,5,6
5

board=...XX.....XXO....OOX.O..XXX.O..XXOOO..XOOO|valid=0,1,2,5,6
6

board=..........................................|valid=0,1,2,3,4,5,6
3

board=......................................X.O.|valid=0,1,2,3,4,5,6
3

board=...............................X....O.X.O.|valid=0,1,2,3,4,5,6
3

board=........................X......X....O.X.OO|valid=0,1,2,3,4,5,6
4

board=........................X......X...OO.XXOO|valid=0,1,2,3,4,5,6
4

board=........................X......XX..OOOXXOO|valid=0,1,2,3,4,5,6
5

board=........................XO.....XXX.OOOXXOO|valid=0,1,2,3,4,5,6
5

board=...................O....XOX....XXX.OOOXXOO|valid=0,1,2,3,4,5,6
3

board=..........................................|valid=0,1,2,3,4,5,6
3

board=...................................O..X...|valid=0,1,2,3,4,5,6
3

board=...............................X...O..X..O|valid=0,1,2,3,4,5,6
3

board=........................X......X...O.OX..O|valid=0,1,2,3,4,5,6
4

board=........................X......X...O.OXXOO|valid=0,1,2,3,4,5,6
4

board=........................XO.....XX..O.OXXOO|valid=0,1,2,3,4,5,6
5

board=........................XO.....XXXOO.OXXOO|valid=0,1,2,3,4,5,6
5

board=........................XOX.O..XXXOO.OXXOO|valid=0,1,2,3,4,5,6
5

board=...................X.O..XOX.O..XXXOO.OXXOO|valid=0,1,2,3,4,5,6
4

board=...........O......XX.O..XOX.O..XXXOO.OXXOO|valid=0,1,2,3,4,5,6
3

board=..........................................|valid=0,1,2,3,4,5,6
3

board=......................................XO..|valid=0,1,2,3,4,5,6
3

board=...............................X......XO.O|valid=0,1,2,3,4,5,6
4

board=........................O......XX.....XO.O|valid=0,1,2,3,4,5,6
3

board=.................X......O......XX.O...XO.O|valid=0,1,2,3,4,5,6
4

board=.................X......OX.....XX.O...XOOO|valid=0,1,2,3,4,5,6
5

board=.................X......OX.....XXXO..OXOOO|valid=0,1,2,3,4,5,6
5

board=.................X......OXX....XXXO.OOXOOO|valid=0,1,2,3,4,5,6
4

board=.................XXO....OXX....XXXO.OOXOOO|valid=0,1,2,3,4,5,6
4

board=..........................................|valid=0,1,2,3,4,5,6
3

board=......................................X..O|valid=0,1,2,3,4,5,6
3

board=........................O......X......X..O|valid=0,1,2,3,4,5,6
3

board=.................X......O......X....O.X..O|valid=0,1,2,3,4,5,6
3

board=...O......X......X......O......X....O.X..O|valid=0,1,2,4,5,6
4

board=...O......X......X......O......X....O.XXOO|valid=0,1,2,4,5,6
4

board=...O......X......X......OO.....XX...O.XXOO|valid=0,1,2,4,5,6
4

board=...O......X......XX.....OO.....XX...OOXXOO|valid=0,1,2,4,5,6
4

board=...O......XX.....XX.....OO.....XXO..OOXXOO|valid=0,1,2,4,5,6
4

board=...OX.....XX.....XX.....OO.....XXO.OOOXXOO|valid=0,1,2,5,6
5

board=...OX.....XX.....XXO....OOX....XXO.OOOXXOO|valid=0,1,2,5,6
6

board=..........................................|valid=0,1,2,3,4,5,6
3

board=......................................XO..|valid=0,1,2,3,4,5,6
3

board=........................O......X......XO..|valid=0,1,2,3,4,5,6
3

board=.................X......O......X.....OXO..|valid=0,1,2,3,4,5,6
3

board=...O......X......X......O......X.....OXO..|valid=0,1,2,4,5,6
0

board=...O......X......X......O...O..X...X.OXO..|valid=0,1,2,4,5,6
0

board=...O......X......X...X..O...O..X...XOOXO..|valid=0,1,2,4,5,6
4

board=...O......X...O..X...X..O...O..XX..XOOXO..|valid=0,1,2,4,5,6
4

board=...O......X...O..X...X..OX..OO.XX..XOOXO..|valid=0,1,2,4,5,6
4

board=...O......X...O..XX..XO.OX..OO.XX..XOOXO..|valid=0,1,2,4,5,6
4

board=..........................................|valid=0,1,2,3,4,5,6
3

board=.....................................OX...|valid=0,1,2,3,4,5,6
3

board=........................O......X.....OX...|valid=0,1,2,3,4,5,6
3

board=.................X......O......X.....OX.O.|valid=0,1,2,3,4,5,6
3

board=..........X......X......O......X.....OX.OO|valid=0,1,2,3,4,5,6
3

board=...X......X......X......O.....OX.....OX.OO|valid=0,1,2,4,5,6
0

board=...X......X......X......O.....OX.O.X.OX.OO|valid=0,1,2,4,5,6
4

board=...X......X......X.....OO.....OX.O.X.OXXOO|valid=0,1,2,4,5,6
4

board=...X......X......X.....OO.....OXXOOX.OXXOO|valid=0,1,2,4,5,6
4

board=...X......X......X.....OOX..O.OXXOOX.OXXOO|valid=0,1,2,4,5,6
4

board=..........................................|valid=0,1,2,3,4,5,6
3

board=....................................O.X...|valid=0,1,2,3,4,5,6
3

board=........................O......X....O.X...|valid=0,1,2,3,4,5,6
3

board=.................X......O......X...OO.X...|valid=0,1,2,3,4,5,6
3

board=..........X......X......O......X...OO.XO..|valid=0,1,2,3,4,5,6
3

board=...X......X......X......O......X...OOOXO..|valid=0,1,2,4,5,6
0

board=...X......X......X......O...X.OX...OOOXO..|valid=0,1,2,4,5,6
4

board=...X......X......X......O...X.OXX..OOOXOO.|valid=0,1,2,4,5,6
4

board=...X......X......X......OX..X.OXXO.OOOXOO.|valid=0,1,2,4,5,6
4

board=...X......X......XX....OOX..X.OXXO.OOOXOO.|valid=0,1,2,4,5,6
4

board=..........................................|valid=0,1,2,3,4,5,6
3

board=...............................O......X...|valid=0,1,2,3,4,5,6
3

board=........................X......O...O..X...|valid=0,1,2,3,4,5,6
3

board=.................X......X...O..O...O..X...|valid=0,1,2,3,4,5,6
3

board=...O......X......X......X...O..O...O..X...|valid=0,1,2,4,5,6
0

board=...O......X...O..X...X..X...O..O...O..X...|valid=0,1,2,4,5,6
0

board=...O...X..X...O..X...X..X...O..O...O.OX...|valid=0,1,2,4,5,6
0

board=X..O...X..X...O..X...X..X...O..O...O.OX..O|valid=1,2,4,5,6
4

board=X..O...X..X...O..X...X..X...O..OO..O.OXX.O|valid=1,2,4,5,6
4

board=X..O...X..X...O..X...X..XX..O..OO.OO.OXX.O|valid=1,2,4,5,6
4

board=X..O...X..X...O..XX..X..XX..O..OO.OOOOXX.O|valid=1,2,4,5,6
4

board=X..O...X..XX..O..XX..X..XX.OO..OO.OOOOXX.O|valid=1,2,4,5,6
4

board=..........................................|valid=0,1,2,3,4,5,6
3

board=....................................O.X...|valid=0,1,2,3,4,5,6
3

board=...............................X....O.XO..|valid=0,1,2,3,4,5,6
3

board=........................X......XO...O.XO..|valid=0,1,2,3,4,5,6
3

board=..........................................|valid=0,1,2,3,4,5,6
3

board=...............................O......X...|valid=0,1,2,3,4,5,6
3

board=........................X......O......X..O|valid=0,1,2,3,4,5,6
3

board=..........O......X......X......O......X..O|valid=0,1,2,3,4,5,6
3

board=...X......O......X......X......O..O...X..O|valid=0,1,2,4,5,6
0

board=...X......O......X......X..O...O..OX..X..O|valid=0,1,2,4,5,6
0

board=...X......O......X......X..OX..O..OX..XO.O|valid=0,1,2,4,5,6
4

board=...X......O......X......X..OX..OX.OX..XOOO|valid=0,1,2,4,5,6
4

board=...X......O......XO.....XX.OX..OX.OX..XOOO|valid=0,1,2,4,5,6
4

board=...X......OX.....XO.....XX.OX..OX.OXO.XOOO|valid=0,1,2,4,5,6
4

board=...XX.....OX.....XO.....XX.OX..OXOOXO.XOOO|valid=0,1,2,5,6
2

board=...XX.....OX.....XO.....XX.OX.OOXOOXOXXOOO|valid=0,1,2,5,6
5

board=...XX.....OX.....XOO....XXXOX.OOXOOXOXXOOO|valid=0,1,2,5,6
0

board=...XX.....OX.....XOO.X..XXXOXOOOXOOXOXXOOO|valid=0,1,2,5,6
5

board=...XX.....OXX....XOO.X.OXXXOXOOOXOOXOXXOOO|valid=0,1,2,5,6
6

board=..........................................|valid=0,1,2,3,4,5,6
3

board=....................................O.X...|valid=0,1,2,3,4,5,6
3

board=...............................X....O.X..O|valid=0,1,2,3,4,5,6
3

board=........................X......X..O.O.X..O|valid=0,1,2,3,4,5,6
3

board=..........................................|valid=0,1,2,3,4,5,6
3

board=....................................O.X...|valid=0,1,2,3,4,5,6
3

board=...............................X....O.X.O.|valid=0,1,2,3,4,5,6
3

board=.................O......X......X....O.X.O.|valid=0,1,2,3,4,5,6
3

board=..........X......O......X......X....O.X.OO|valid=0,1,2,3,4,5,6
3

board=...X......X......O......X......X...OO.X.OO|valid=0,1,2,4,5,6
4

board=...X......X......O......X......X...OOOXXOO|valid=0,1,2,4,5,6
4

board=...X......X......O......X.....OXX..OOOXXOO|valid=0,1,2,4,5,6
4

board=...X......X......O......XX..O.OXX..OOOXXOO|valid=0,1,2,4,5,6
4

board=..........................................|valid=0,1,2,3,4,5,6
3

board=...............................O......X...|valid=0,1,2,3,4,5,6
3

board=........................X......O......X..O|valid=0,1,2,3,4,5,6
3

board=.................X......X......O.....OX..O|valid=0,1,2,3,4,5,6
3

board=..........X......X......X......O..O..OX..O|valid=0,1,2,3,4,5,6
3

board=..........................................|valid=0,1,2,3,4,5,6
3

board=....................................O.X...|valid=0,1,2,3,4,5,6
3

board=...............................X....O.XO..|valid=0,1,2,3,4,5,6
3

board=........................X......X....OOXO..|valid=0,1,2,3,4,5,6
5

board=........................X.....OX....OOXOX.|valid=0,1,2,3,4,5,6
4

board=........................X....OOXX...OOXOX.|valid=0,1,2,3,4,5,6
5

board=.......................OX....OOXXX..OOXOX.|valid=0,1,2,3,4,5,6
5

board=.......................OXOX..OOXXX..OOXOX.|valid=0,1,2,3,4,5,6
3

board=..........................................|valid=0,1,2,3,4,5,6
3

board=.....................................OX...|valid=0,1,2,3,4,5,6
3

board=...............................X.....OX..O|valid=0,1,2,3,4,5,6
3

board=........................X......X.....OXO.O|valid=0,1,2,3,4,5,6
3

board=..........................................|valid=0,1,2,3,4,5,6
3

board=......................................X..O|valid=0,1,2,3,4,5,6
3

board=...............................X......X.OO|valid=0,1,2,3,4,5,6
3

board=........................X......X...O..X.OO|valid=0,1,2,3,4,5,6
3

board=..........................................|valid=0,1,2,3,4,5,6
3

board=....................................O.X...|valid=0,1,2,3,4,5,6
3

board=.............................O.X....O.X...|valid=0,1,2,3,4,5,6
3

board=........................X....O.X....OOX...|valid=0,1,2,3,4,5,6
3

board=..........................................|valid=0,1,2,3,4,5,6
3

board=...............................O......X...|valid=0,1,2,3,4,5,6
3

board=........................X......O...O..X...|valid=0,1,2,3,4,5,6
3

board=.................X......X......O...O..XO..|valid=0,1,2,3,4,5,6
3

board=..........X......X......X......OO..O..XO..|valid=0,1,2,3,4,5,6
3

board=..........................................|valid=0,1,2,3,4,5,6
3

board=......................................X.O.|valid=0,1,2,3,4,5,6
3

board=...............................X......XOO.|valid=0,1,2,3,4,5,6
4

board=...............................XX.....XOOO|valid=0,1,2,3,4,5,6
4

board=..................O......X.....XX.....XOOO|valid=0,1,2,3,4,5,6
5

board=..................O......X.....XXX.O..XOOO|valid=0,1,2,3,4,5,6
5

board=..................OO.....XX....XXX.O..XOOO|valid=0,1,2,3,4,5,6
3

board=...........O......OO....XXX....XXX.O..XOOO|valid=0,1,2,3,4,5,6
3

board=..........................................|valid=0,1,2,3,4,5,6
3

board=.....................................OX...|valid=0,1,2,3,4,5,6
3

board=..............................OX.....OX...|valid=0,1,2,3,4,5,6
3

board=........................X.....OX.....OXO..|valid=0,1,2,3,4,5,6
3

board=..........................................|valid=0,1,2,3,4,5,6
3

board=......................................X.O.|valid=0,1,2,3,4,5,6
3

board=...............................X....O.X.O.|valid=0,1,2,3,4,5,6
3

board=........................X......X...OO.X.O.|valid=0,1,2,3,4,5,6
3

board=..........................................|valid=0,1,2,3,4,5,6
3

board=......................................X..O|valid=0,1,2,3,4,5,6
3

board=........................O......X......X..O|valid=0,1,2,3,4,5,6
3

board=.................X......O......X.....OX..O|valid=0,1,2,3,4,5,6
3

board=..........X......X......O......X...O.OX..O|valid=0,1,2,3,4,5,6
3

board=...X......X......X......O......X..OO.OX..O|valid=0,1,2,4,5,6
4

board=...X......X......X......O......X..OOOOXX.O|valid=0,1,2,4,5,6
4

board=...X......X......X......O.....OXX.OOOOXX.O|valid=0,1,2,4,5,6
4

board=...X......X......X......OX..O.OXX.OOOOXX.O|valid=0,1,2,4,5,6
4

board=..........................................|valid=0,1,2,3,4,5,6
3

board=...................................O..X...|valid=0,1,2,3,4,5,6
3

board=...............................X...O..X.O.|valid=0,1,2,3,4,5,6
3

board=........................X...O..X...O..X.O.|valid=0,1,2,3,4,5,6
3

board=..........................................|valid=0,1,2,3,4,5,6
3

board=......................................X.O.|valid=0,1,2,3,4,5,6
3

board=...............................X.O....X.O.|valid=0,1,2,3,4,5,6
3

board=........................X......X.O..O.X.O.|valid=0,1,2,3,4,5,6
3

board=..........................................|valid=0,1,2,3,4,5,6
3

board=......................................X..O|valid=0,1,2,3,4,5,6
3

board=...............................X......XO.O|valid=0,1,2,3,4,5,6
4

board=...............................XX...O.XO.O|valid=0,1,2,3,4,5,6
5

board=........................O......XX...O.XOXO|valid=0,1,2,3,4,5,6
4

board=........................OX.....XX..OO.XOXO|valid=0,1,2,3,4,5,6
5

board=..................O.....OX.....XXX.OO.XOXO|valid=0,1,2,3,4,5,6
5

board=..................O.....OXX....XXXOOO.XOXO|valid=0,1,2,3,4,5,6
5

board=..........................................|valid=0,1,2,3,4,5,6
3

board=....................................O.X...|valid=0,1,2,3,4,5,6
3

board=...............................X....O.X.O.|valid=0,1,2,3,4,5,6
3

board=........................X......X....O.X.OO|valid=0,1,2,3,4,5,6
4

board=.................O......X......X....O.XXOO|valid=0,1,2,3,4,5,6
3

board=..........X......O......X....O.X....O.XXOO|valid=0,1,2,3,4,5,6
4

board=..........X......O......X....O.XX..OO.XXOO|valid=0,1,2,3,4,5,6
4

board=..........X......O......XX...O.XXO.OO.XXOO|valid=0,1,2,3,4,5,6
4

board=..........................................|valid=0,1,2,3,4,5,6
3

board=.....................................OX...|valid=0,1,2,3,4,5,6
3

board=...............................X.....OXO..|valid=0,1,2,3,4,5,6
3

board=.................O......X......X.....OXO..|valid=0,1,2,3,4,5,6
3

board=..........X......O......X......X...O.OXO..|valid=0,1,2,3,4,5,6
3

board=...X......X......O......X......X...O.OXO.O|valid=0,1,2,4,5,6
4

board=...X......X......O......X......XX.OO.OXO.O|valid=0,1,2,4,5,6
4

board=...X......X......O......XX....OXX.OO.OXO.O|valid=0,1,2,4,5,6
4

board=...X......X......OX.....XX....OXX.OO.OXOOO|valid=0,1,2,4,5,6
4

board=..........................................|valid=0,1,2,3,4,5,6
3

board=.....................................OX...|valid=0,1,2,3,4,5,6
3

board=...............................X....OOX...|valid=0,1,2,3,4,5,6
5

board=........................O......X....OOX.X.|valid=0,1,2,3,4,5,6
4

board=........................O......X....OOXXXO|valid=0,1,2,3,4,5,6
5

board=.................O......O......X.X..OOXXXO|valid=0,1,2,3,4,5,6
4

board=.................O......O......XXXO.OOXXXO|valid=0,1,2,3,4,5,6
5

board=..........O......O......O.X....XXXO.OOXXXO|valid=0,1,2,3,4,5,6
4

board=..........O......O......OXX...OXXXO.OOXXXO|valid=0,1,2,3,4,5,6
4

board=..........................................|valid=0,1,2,3,4,5,6
3

board=......................................X..O|valid=0,1,2,3,4,5,6
3

board=........................O......X......X..O|valid=0,1,2,3,4,5,6
3

board=.................X......O......X...O..X..O|valid=0,1,2,3,4,5,6
3

board=..........X......X......O......X...OO.X..O|valid=0,1,2,3,4,5,6
3

board=...X......X......X......O......X...OO.X.OO|valid=0,1,2,4,5,6
0

board=...X......X......X......O...X..X..OOO.X.OO|valid=0,1,2,4,5,6
4

board=...X......X......X......O...XO.X..OOO.XXOO|valid=0,1,2,4,5,6
4

board=...X......X......X...O..O...XO.XX.OOO.XXOO|valid=0,1,2,4,5,6
4

board=...X......X......X...O..OX.OXO.XX.OOO.XXOO|valid=0,1,2,4,5,6
4

board=..........................................|valid=0,1,2,3,4,5,6
3

board=....................................O.X...|valid=0,1,2,3,4,5,6
3

board=...............................X....O.X..O|valid=0,1,2,3,4,5,6
3

board=........................X......X....O.X.OO|valid=0,1,2,3,4,5,6
4

board=........................X....O.X....O.XXOO|valid=0,1,2,3,4,5,6
4

board=........................X....O.XX.O.O.XXOO|valid=0,1,2,3,4,5,6
3

board=..........................................|valid=0,1,2,3,4,5,6
3

board=...............................O......X...|valid=0,1,2,3,4,5,6
3

board=.................O......X......O......X...|valid=0,1,2,3,4,5,6
3

board=..........X......O......X......O......XO..|valid=0,1,2,3,4,5,6
3

board=...X......X......O......X......O......XO.O|valid=0,1,2,4,5,6
4

board=...X......X......O......X......OX.....XOOO|valid=0,1,2,4,5,6
4

board=...X......X......O......XX.....OX...O.XOOO|valid=0,1,2,4,5,6
4

board=...X......X......OX.....XX.....OX.O.O.XOOO|valid=0,1,2,4,5,6
4

board=..........................................|valid=0,1,2,3,4,5,6
3

board=......................................XO..|valid=0,1,2,3,4,5,6
3

board=...............................X.....OXO..|valid=0,1,2,3,4,5,6
3

board=........................X......X.....OXO.O|valid=0,1,2,3,4,5,6
3

board=..........................................|valid=0,1,2,3,4,5,6
3

board=......................................X..O|valid=0,1,2,3,4,5,6
3

board=...............................X..O...X..O|valid=0,1,2,3,4,5,6
3

board=........................X..O...X..O...X..O|valid=0,1,2,3,4,5,6
3

board=..........................................|valid=0,1,2,3,4,5,6
3

board=......................................XO..|valid=0,1,2,3,4,5,6
3

board=...............................X....O.XO..|valid=0,1,2,3,4,5,6
3

board=........................X......X...OO.XO..|valid=0,1,2,3,4,5,6
3

board=..........................................|valid=0,1,2,3,4,5,6
3

board=.....................................OX...|valid=0,1,2,3,4,5,6
3

board=...............................X.....OX..O|valid=0,1,2,3,4,5,6
3

board=........................X......X....OOX..O|valid=0,1,2,3,4,5,6
4

board=........................X....O.X....OOXX.O|valid=0,1,2,3,4,5,6
5

board=........................X....O.X...OOOXXXO|valid=0,1,2,3,4,5,6
4

board=........................X....O.XX.OOOOXXXO|valid=0,1,2,3,4,5,6
5

board=........................XO...O.XXXOOOOXXXO|valid=0,1,2,3,4,5,6
5

board=...................O....XOX..O.XXXOOOOXXXO|valid=0,1,2,3,4,5,6
5

board=............X.....OO....XOX..O.XXXOOOOXXXO|valid=0,1,2,3,4,5,6
5

board=.....X.....OX.....OO....XOX..O.XXXOOOOXXXO|valid=0,1,2,3,4,6
3

board=..........................................|valid=0,1,2,3,4,5,6
3

board=.....................................OX...|valid=0,1,2,3,4,5,6
3

board=...............................X....OOX...|valid=0,1,2,3,4,5,6
5

board=........................O......X....OOX.X.|valid=0,1,2,3,4,5,6
4

board=........................O......X...OOOXXX.|valid=0,1,2,3,4,5,6
3

board=.................X......O......XO..OOOXXX.|valid=0,1,2,3,4,5,6
5

board=.................X......O....O.XOX.OOOXXX.|valid=0,1,2,3,4,5,6
5

board=.................X......OOX..O.XOX.OOOXXX.|valid=0,1,2,3,4,5,6
5

board=..........................................|valid=0,1,2,3,4,5,6
3

board=...................................O..X...|valid=0,1,2,3,4,5,6
3

board=...............................X...O..X..O|valid=0,1,2,3,4,5,6
3

board=........................X......X...O..XO.O|valid=0,1,2,3,4,5,6
3

board=..........................................|valid=0,1,2,3,4,5,6
3

board=...................................O..X...|valid=0,1,2,3,4,5,6
3

board=...............................X...O..XO..|valid=0,1,2,3,4,5,6
3

board=........................X......X...O..XOO.|valid=0,1,2,3,4,5,6
3

board=..........................................|valid=0,1,2,3,4,5,6
3

board=....................................O.X...|valid=0,1,2,3,4,5,6
3

board=...............................X....O.X.O.|valid=0,1,2,3,4,5,6
3

board=........................X......X....O.X.OO|valid=0,1,2,3,4,5,6
4

board=........................X......X...OO.XXOO|valid=0,1,2,3,4,5,6
4

board=........................X...O..XX..OO.XXOO|valid=0,1,2,3,4,5,6
5

board=.....................O..X...O..XXX.OO.XXOO|valid=0,1,2,3,4,5,6
5

board=.....................O..X.X.OO.XXX.OO.XXOO|valid=0,1,2,3,4,5,6
3

board=..........................................|valid=0,1,2,3,4,5,6
3

board=...............................O......X...|valid=0,1,2,3,4,5,6
3

board=........................X......O....O.X...|valid=0,1,2,3,4,5,6
3

board=.................X......X......O....O.X.O.|valid=0,1,2,3,4,5,6
3

board=..........X......X......X......O....O.X.OO|valid=0,1,2,3,4,5,6
3

board=..........................................|valid=0,1,2,3,4,5,6
3

board=......................................X.O.|valid=0,1,2,3,4,5,6
3

board=...............................X.O....X.O.|valid=0,1,2,3,4,5,6
3

board=........................X......X.O....X.OO|valid=0,1,2,3,4,5,6
3

board=..........................................|valid=0,1,2,3,4,5,6
3

board=...............................O......X...|valid=0,1,2,3,4,5,6
3

board=........................X......O...O..X...|valid=0,1,2,3,4,5,6
3

board=.................X......X...O..O...O..X...|valid=0,1,2,3,4,5,6
3

board=..........X......X......X...O..O...O.OX...|valid=0,1,2,3,4,5,6
3

board=..........................................|valid=0,1,2,3,4,5,6
3

board=....................................O.X...|valid=0,1,2,3,4,5,6
3

board=...............................X....O.X..O|valid=0,1,2,3,4,5,6
3

board=........................X......X..O.O.X..O|valid=0,1,2,3,4,5,6
3

board=..........................................|valid=0,1,2,3,4,5,6
3

board=......................................X.O.|valid=0,1,2,3,4,5,6
3

board=...............................X.....OX.O.|valid=0,1,2,3,4,5,6
3

board=........................X......X.O...OX.O.|valid=0,1,2,3,4,5,6
3

board=..........................................|valid=0,1,2,3,4,5,6
3

board=....................................O.X...|valid=0,1,2,3,4,5,6
3

board=.............................O.X....O.X...|valid=0,1,2,3,4,5,6
3

board=........................X....O.X...OO.X...|valid=0,1,2,3,4,5,6
3

board=..........................................|valid=0,1,2,3,4,5,6
3

board=....................................O.X...|valid=0,1,2,3,4,5,6
3

board=...............................X....O.X..O|valid=0,1,2,3,4,5,6
3

board=........................X......X....O.X.OO|valid=0,1,2,3,4,5,6
4

board=........................X......X....OOXXOO|valid=0,1,2,3,4,5,6
4

board=........................X....O.XX...OOXXOO|valid=0,1,2,3,4,5,6
5

board=........................X....O.XXX.OOOXXOO|valid=0,1,2,3,4,5,6
5

board=...................O....X.X..O.XXX.OOOXXOO|valid=0,1,2,3,4,5,6
5

board=............X......O....X.X..O.XXXOOOOXXOO|valid=0,1,2,3,4,5,6
4

board=.....O......X......O....XXX..O.XXXOOOOXXOO|valid=0,1,2,3,4,6
4

board=..........................................|valid=0,1,2,3,4,5,6
3

board=....................................O.X...|valid=0,1,2,3,4,5,6
3

board=...............................X...OO.X...|valid=0,1,2,3,4,5,6
3

board=........................X......X...OO.X.O.|valid=0,1,2,3,4,5,6
3

board=..........................................|valid=0,1,2,3,4,5,6
3

board=......................................X..O|valid=0,1,2,3,4,5,6
3

board=...............................X...O..X..O|valid=0,1,2,3,4,5,6
3

board=........................X......X..OO..X..O|valid=0,1,2,3,4,5,6
3

board=..........................................|valid=0,1,2,3,4,5,6
3

board=.....................................OX...|valid=0,1,2,3,4,5,6
3

board=...............................X.....OX..O|valid=0,1,2,3,4,5,6
3

board=........................X......X.....OXO.O|valid=0,1,2,3,4,5,6
3

board=..........................................|valid=0,1,2,3,4,5,6
3

board=.....................................OX...|valid=0,1,2,3,4,5,6
3

board=........................O......X.....OX...|valid=0,1,2,3,4,5,6
3

board=.................X......O......X.....OX..O|valid=0,1,2,3,4,5,6
3

board=..........X......X......O......X.....OXO.O|valid=0,1,2,3,4,5,6
3

board=...X......X......X......O......X....OOXO.O|valid=0,1,2,4,5,6
4

board=...X......X......X......O.....OXX...OOXO.O|valid=0,1,2,4,5,6
4

board=...X......X......X.....OOX....OXX...OOXO.O|valid=0,1,2,4,5,6
4

board=...X......X......XX....OOX....OXX...OOXOOO|valid=0,1,2,4,5,6
4

board=..........................................|valid=0,1,2,3,4,5,6
3

board=....................................O.X...|valid=0,1,2,3,4,5,6
3

board=........................O......X....O.X...|valid=0,1,2,3,4,5,6
3

board=.................X......O......X...OO.X...|valid=0,1,2,3,4,5,6
3

board=..........X......X......O......X...OOOX...|valid=0,1,2,3,4,5,6
3

board=...X......X......X......O......X...OOOX.O.|valid=0,1,2,4,5,6
0

board=...X......X......X......O...X..X.O.OOOX.O.|valid=0,1,2,4,5,6
4

board=...X......X......X......O...X.OX.O.OOOXXO.|valid=0,1,2,4,5,6
4

board=...X......X......X...O..O...X.OXXO.OOOXXO.|valid=0,1,2,4,5,6
4

board=...X......X......X...O..OX..X.OXXO.OOOXXOO|valid=0,1,2,4,5,6
4

board=..........................................|valid=0,1,2,3,4,5,6
3

board=....................................O.X...|valid=0,1,2,3,4,5,6
3

board=...............................X....O.X.O.|valid=0,1,2,3,4,5,6
3

board=........................X......X....OOX.O.|valid=0,1,2,3,4,5,6
4

board=........................X....O.X....OOXXO.|valid=0,1,2,3,4,5,6
4

board=........................X....O.XXO..OOXXO.|valid=0,1,2,3,4,5,6
3

board=..........................................|valid=0,1,2,3,4,5,6
3

board=......................................X.O.|valid=0,1,2,3,4,5,6
3

board=...............................X...O..X.O.|valid=0,1,2,3,4,5,6
3

board=........................X......X...O..XOO.|valid=0,1,2,3,4,5,6
3

board=..........................................|valid=0,1,2,3,4,5,6
3

board=...............................O......X...|valid=0,1,2,3,4,5,6
3

board=........................X......O......X.O.|valid=0,1,2,3,4,5,6
3

board=.................X......X......O......XOO.|valid=0,1,2,3,4,5,6
3

board=..........X......X......X......O.....OXOO.|valid=0,1,2,3,4,5,6
3

board=..........................................|valid=0,1,2,3,4,5,6
3

board=......................................X.O.|valid=0,1,2,3,4,5,6
3

board=...............................X.....OX.O.|valid=0,1,2,3,4,5,6
3

board=........................X......X...O.OX.O.|valid=0,1,2,3,4,5,6
3

board=..........................................|valid=0,1,2,3,4,5,6
3

board=......................................X..O|valid=0,1,2,3,4,5,6
3

board=...............................X..O...X..O|valid=0,1,2,3,4,5,6
3

board=........................X......X..O...X.OO|valid=0,1,2,3,4,5,6
3

board=..........................................|valid=0,1,2,3,4,5,6
3

board=......................................X.O.|valid=0,1,2,3,4,5,6
3

board=...............................X.....OX.O.|valid=0,1,2,3,4,5,6
3

board=.................O......X......X.....OX.O.|valid=0,1,2,3,4,5,6
3

board=..........X......O......X......X...O.OX.O.|valid=0,1,2,3,4,5,6
3

board=...X......X......O......X.....OX...O.OX.O.|valid=0,1,2,4,5,6
4

board=...X......X......O.....OX.....OX...O.OXXO.|valid=0,1,2,4,5,6
4

board=...X......X......O.....OX.....OXXO.O.OXXO.|valid=0,1,2,4,5,6
4

board=...X......X......OO....OXX....OXXO.O.OXXO.|valid=0,1,2,4,5,6
4

board=...XO.....XX.....OO....OXX....OXXO.O.OXXO.|valid=0,1,2,5,6
5

board=...XO.....XX.....OO....OXXX...OXXO.OOOXXO.|valid=0,1,2,5,6
6

board=...XO.....XX.....OO....OXXX...OXXOOOOOXXOX|valid=0,1,2,5,6
6

board=..........................................|valid=0,1,2,3,4,5,6
3

board=...................................O..X...|valid=0,1,2,3,4,5,6
3

board=........................O......X...O..X...|valid=0,1,2,3,4,5,6
3

board=.................X......O......X...O..XO..|valid=0,1,2,3,4,5,6
3

board=..........X......X......O......X...O.OXO..|valid=0,1,2,3,4,5,6
3

board=...X......X......X......O......XO..O.OXO..|valid=0,1,2,4,5,6
4

board=...X......X......X......OX.....XO..O.OXOO.|valid=0,1,2,4,5,6
4

board=...X......X......XX.....OX.....XOO.O.OXOO.|valid=0,1,2,4,5,6
4

board=...X......XX.....XX.....OX..O..XOO.O.OXOO.|valid=0,1,2,4,5,6
4

board=..........................................|valid=0,1,2,3,4,5,6
3

board=......................................X.O.|valid=0,1,2,3,4,5,6
3

board=...............................X....O.X.O.|valid=0,1,2,3,4,5,6
3

board=........................X......X...OO.X.O.|valid=0,1,2,3,4,5,6
3

board=..........................................|valid=0,1,2,3,4,5,6
3

board=......................................X..O|valid=0,1,2,3,4,5,6
3

board=...............................X......XO.O|valid=0,1,2,3,4,5,6
4

board=...............................XX.O...XO.O|valid=0,1,2,3,4,5,6
5

board=...............................XX.OO..XOXO|valid=0,1,2,3,4,5,6
3

board=........................X......XX.OOO.XOXO|valid=0,1,2,3,4,5,6
4

board=........................XX.....XXOOOO.XOXO|valid=0,1,2,3,4,5,6
4

board=..................X.....XX..O..XXOOOO.XOXO|valid=0,1,2,3,4,5,6
5

board=..................X..O..XXX.O..XXOOOO.XOXO|valid=0,1,2,3,4,5,6
5

board=............O.....XX.O..XXX.O..XXOOOO.XOXO|valid=0,1,2,3,4,5,6
3

board=..........................................|valid=0,1,2,3,4,5,6
3

board=......................................X.O.|valid=0,1,2,3,4,5,6
3

board=...............................X......X.OO|valid=0,1,2,3,4,5,6
3

board=.................O......X......X......X.OO|valid=0,1,2,3,4,5,6
3

board=..........X......O......X......X......XOOO|valid=0,1,2,3,4,5,6
3

board=...X......X......O......X......X...O..XOOO|valid=0,1,2,4,5,6
4

board=...X......X......O......X...O..XX..O..XOOO|valid=0,1,2,4,5,6
4

board=...X......X......O......XX..O..XX..O.OXOOO|valid=0,1,2,4,5,6
4

board=...X......X......OX.....XX..O..XXO.O.OXOOO|valid=0,1,2,4,5,6
4

board=..........................................|valid=0,1,2,3,4,5,6
3

board=......................................XO..|valid=0,1,2,3,4,5,6
3

board=...............................X......XOO.|valid=0,1,2,3,4,5,6
4

board=...............................XX..O..XOO.|valid=0,1,2,3,4,5,6
3

board=.................O......X......XX..O..XOO.|valid=0,1,2,3,4,5,6
4

board=.................O......XX..O..XX..O..XOO.|valid=0,1,2,3,4,5,6
5

board=.................O......XX..O..XXX.O.OXOO.|valid=0,1,2,3,4,5,6
5

board=.................O...O..XXX.O..XXX.O.OXOO.|valid=0,1,2,3,4,5,6
3

board=...O......X......O...O..XXX.O..XXX.O.OXOO.|valid=0,1,2,4,5,6
4

board=...O......X......OX..O..XXX.O..XXX.OOOXOO.|valid=0,1,2,4,5,6
4

board=..........................................|valid=0,1,2,3,4,5,6
3

board=.....................................OX...|valid=0,1,2,3,4,5,6
3

board=...............................X.....OX.O.|valid=0,1,2,3,4,5,6
3

board=........................X.....OX.....OX.O.|valid=0,1,2,3,4,5,6
3

board=..........................................|valid=0,1,2,3,4,5,6
3

board=....................................O.X...|valid=0,1,2,3,4,5,6
3

board=...............................X....O.XO..|valid=0,1,2,3,4,5,6
3

board=.................O......X......X....O.XO..|valid=0,1,2,3,4,5,6
3

board=..........X......O......X......X....OOXO..|valid=0,1,2,3,4,5,6
3

board=...X......X......O......X......XO...OOXO..|valid=0,1,2,4,5,6
4

board=...X......X......O......XX.....XO...OOXOO.|valid=0,1,2,4,5,6
4

board=...X......X......OX.....XX.....XOO..OOXOO.|valid=0,1,2,4,5,6
4

board=...X......XX.....OX.....XXO....XOO..OOXOO.|valid=0,1,2,4,5,6
4

board=..........................................|valid=0,1,2,3,4,5,6
3

board=....................................O.X...|valid=0,1,2,3,4,5,6
3

board=........................O......X....O.X...|valid=0,1,2,3,4,5,6
3

board=.................X......O......X....O.X.O.|valid=0,1,2,3,4,5,6
3

board=..........X......X......O......X....O.X.OO|valid=0,1,2,3,4,5,6
3

board=...X......X......X......O......X....OOX.OO|valid=0,1,2,4,5,6
4

board=...X......X......X......O......XO...OOXXOO|valid=0,1,2,4,5,6
4

board=...X......X......X......OX...O.XO...OOXXOO|valid=0,1,2,4,5,6
4

board=...X......X......XX.....OX...O.XO.O.OOXXOO|valid=0,1,2,4,5,6
4

board=...X......XX.....XX.....OX.O.O.XO.O.OOXXOO|valid=0,1,2,4,5,6
4

board=..........................................|valid=0,1,2,3,4,5,6
3

board=......................................XO..|valid=0,1,2,3,4,5,6
3

board=...............................XO.....XO..|valid=0,1,2,3,4,5,6
3

board=........................X......XO.....XOO.|valid=0,1,2,3,4,5,6
3

board=..........................................|valid=0,1,2,3,4,5,6
3

board=...............................O......X...|valid=0,1,2,3,4,5,6
3

board=........................X......O...O..X...|valid=0,1,2,3,4,5,6
3

board=.................X......X......O...O.OX...|valid=0,1,2,3,4,5,6
3

board=..........X......X......X...O..O...O.OX...|valid=0,1,2,3,4,5,6
3

board=..........................................|valid=0,1,2,3,4,5,6
3

board=......................................X..O|valid=0,1,2,3,4,5,6
3

board=...............................X...O..X..O|valid=0,1,2,3,4,5,6
3

board=........................X......X..OO..X..O|valid=0,1,2,3,4,5,6
3

board=..........................................|valid=0,1,2,3,4,5,6
3

board=...................................O..X...|valid=0,1,2,3,4,5,6
3

board=...............................X...O..X..O|valid=0,1,2,3,4,5,6
3

board=........................X...O..X...O..X..O|valid=0,1,2,3,4,5,6
3

board=..........................................|valid=0,1,2,3,4,5,6
3

board=......................................X.O.|valid=0,1,2,3,4,5,6
3

board=...............................X.O....X.O.|valid=0,1,2,3,4,5,6
3

board=........................X......X.O..O.X.O.|valid=0,1,2,3,4,5,6
3

board=..........................................|valid=0,1,2,3,4,5,6
3

board=......................................XO..|valid=0,1,2,3,4,5,6
3

board=...............................X......XO.O|valid=0,1,2,3,4,5,6
4

board=...............................XX.O...XO.O|valid=0,1,2,3,4,5,6
5

board=.........................O.....XX.O...XOXO|valid=0,1,2,3,4,5,6
3

board=........................XO.....XX.O..OXOXO|valid=0,1,2,3,4,5,6
5

board=........................XO.....XXXOO.OXOXO|valid=0,1,2,3,4,5,6
5

board=........................XOX.O..XXXOO.OXOXO|valid=0,1,2,3,4,5,6
5

board=..........................................|valid=0,1,2,3,4,5,6
3

board=...................................O..X...|valid=0,1,2,3,4,5,6
3

board=...............................X...OO.X...|valid=0,1,2,3,4,5,6
3

board=........................X......X...OO.X.O.|valid=0,1,2,3,4,5,6
3

board=..........................................|valid=0,1,2,3,4,5,6
3

board=......................................X.O.|valid=0,1,2,3,4,5,6
3

board=...............................X......XOO.|valid=0,1,2,3,4,5,6
4

board=...............................XX...O.XOO.|valid=0,1,2,3,4,5,6
3

board=........................X......XX..OO.XOO.|valid=0,1,2,3,4,5,6
4

board=..................O.....XX.....XX..OO.XOO.|valid=0,1,2,3,4,5,6
3

board=..........................................|valid=0,1,2,3,4,5,6
3

board=......................................X..O|valid=0,1,2,3,4,5,6
3

board=........................O......X......X..O|valid=0,1,2,3,4,5,6
3

board=.................X......O......X......XO.O|valid=0,1,2,3,4,5,6
3

board=..........X......X......O......X......XOOO|valid=0,1,2,3,4,5,6
3

board=...X......X......X......O......XO.....XOOO|valid=0,1,2,4,5,6
4

board=...X......X......X......OX.....XO.O...XOOO|valid=0,1,2,4,5,6
4

board=...X......X......XX.....OX.....XO.O..OXOOO|valid=0,1,2,4,5,6
4

board=...X......XX.....XX.....OX.....XO.OO.OXOOO|valid=0,1,2,4,5,6
4

board=..........................................|valid=0,1,2,3,4,5,6
3

board=...................................O..X...|valid=0,1,2,3,4,5,6
3

board=...............................X...O..X..O|valid=0,1,2,3,4,5,6
3

board=........................X...O..X...O..X..O|valid=0,1,2,3,4,5,6
3

board=..........................................|valid=0,1,2,3,4,5,6
3

board=.....................................OX...|valid=0,1,2,3,4,5,6
3

board=..............................OX.....OX...|valid=0,1,2,3,4,5,6
3

board=........................X.....OX....OOX...|valid=0,1,2,3,4,5,6
3

board=..........................................|valid=0,1,2,3,4,5,6
3

board=......................................XO..|valid=0,1,2,3,4,5,6
3

board=...............................X......XOO.|valid=0,1,2,3,4,5,6
4

board=.........................O.....XX.....XOO.|valid=0,1,2,3,4,5,6
5

board=........................OO.....XXX....XOO.|valid=0,1,2,3,4,5,6
3

board=.................XO.....OO.....XXX....XOO.|valid=0,1,2,3,4,5,6
5

board=.................XO.....OOX....XXX...OXOO.|valid=0,1,2,3,4,5,6
3

board=..........X......XOO....OOX....XXX...OXOO.|valid=0,1,2,3,4,5,6
3

board=...X......XO.....XOO....OOX....XXX...OXOO.|valid=0,1,2,4,5,6
0

board=...X......XO.....XOO....OOX....XXX.X.OXOOO|valid=0,1,2,4,5,6
4

board=...XX.....XOO....XOO....OOX....XXX.X.OXOOO|valid=0,1,2,5,6
6

board=..........................................|valid=0,1,2,3,4,5,6
3

board=......................................XO..|valid=0,1,2,3,4,5,6
3

board=...............................X.....OXO..|valid=0,1,2,3,4,5,6
3

board=........................X......X...O.OXO..|valid=0,1,2,3,4,5,6
5

board=........................X......X.O.O.OXOX.|valid=0,1,2,3,4,5,6
3

board=..........................................|valid=0,1,2,3,4,5,6
3

board=....................................O.X...|valid=0,1,2,3,4,5,6
3

board=...............................X....O.X.O.|valid=0,1,2,3,4,5,6
3

board=........................X....O.X....O.X.O.|valid=0,1,2,3,4,5,6
3

board=..........................................|valid=0,1,2,3,4,5,6
3

board=...............................O......X...|valid=0,1,2,3,4,5,6
3

board=........................X......O...O..X...|valid=0,1,2,3,4,5,6
3

board=.................X......X......O...O..X.O.|valid=0,1,2,3,4,5,6
3

board=..........X......X......X......O...OO.X.O.|valid=0,1,2,3,4,5,6
3

board=..........................................|valid=0,1,2,3,4,5,6
3

board=......................................X.O.|valid=0,1,2,3,4,5,6
3

board=...............................X.....OX.O.|valid=0,1,2,3,4,5,6
3

board=........................X......X...O.OX.O.|valid=0,1,2,3,4,5,6
3

board=..........................................|valid=0,1,2,3,4,5,6
3

board=......................................X..O|valid=0,1,2,3,4,5,6
3

board=...............................X....O.X..O|valid=0,1,2,3,4,5,6
3

board=........................X......X....OOX..O|valid=0,1,2,3,4,5,6
4

board=........................X....O.X....OOXX.O|valid=0,1,2,3,4,5,6
5

board=.................O......X....O.X....OOXXXO|valid=0,1,2,3,4,5,6
5

board=.................O......X....O.XOX..OOXXXO|valid=0,1,2,3,4,5,6
5

board=..........O......O......X.X..O.XOX..OOXXXO|valid=0,1,2,3,4,5,6
5

board=..........................................|valid=0,1,2,3,4,5,6
3

board=.....................................OX...|valid=0,1,2,3,4,5,6
3

board=...............................X.....OX..O|valid=0,1,2,3,4,5,6
3

board=........................X......X..O..OX..O|valid=0,1,2,3,4,5,6
3

board=..........................................|valid=0,1,2,3,4,5,6
3

board=.....................................OX...|valid=0,1,2,3,4,5,6
3

board=...............................X....OOX...|valid=0,1,2,3,4,5,6
5

board=..............................OX....OOX.X.|valid=0,1,2,3,4,5,6
3

board=........................X.....OX....OOX.XO|valid=0,1,2,3,4,5,6
5

board=........................X.....OX.X..OOXOXO|valid=0,1,2,3,4,5,6
4

board=........................X.....OXXXO.OOXOXO|valid=0,1,2,3,4,5,6
5

board=........................XOX...OXXXO.OOXOXO|valid=0,1,2,3,4,5,6
5

board=..........................................|valid=0,1,2,3,4,5,6
3

board=...................................O..X...|valid=0,1,2,3,4,5,6
3

board=...............................X...O..XO..|valid=0,1,2,3,4,5,6
3

board=........................X......X...OO.XO..|valid=0,1,2,3,4,5,6
3

board=..........................................|valid=0,1,2,3,4,5,6
3

board=...............................O......X...|valid=0,1,2,3,4,5,6
3

board=........................X......O......X.O.|valid=0,1,2,3,4,5,6
3

board=..........O......X......X......O......X.O.|valid=0,1,2,3,4,5,6
3

board=...X......O......X......X......O....O.X.O.|valid=0,1,2,4,5,6
0

board=...X......O......X......X......O...XO.X.OO|valid=0,1,2,4,5,6
4

board=...X......O......X......X......O..OXO.XXOO|valid=0,1,2,4,5,6
4

board=...X......O......X......X......OXOOXO.XXOO|valid=0,1,2,4,5,6
4

board=...X......O......X......XXO....OXOOXO.XXOO|valid=0,1,2,4,5,6
4

board=..........................................|valid=0,1,2,3,4,5,6
3

board=......................................X.O.|valid=0,1,2,3,4,5,6
3

board=...............................X......X.OO|valid=0,1,2,3,4,5,6
3

board=........................X......X......XOOO|valid=0,1,2,3,4,5,6
3

board=..........................................|valid=0,1,2,3,4,5,6
3

board=...............................O......X...|valid=0,1,2,3,4,5,6
3

board=........................X......O...O..X...|valid=0,1,2,3,4,5,6
3

board=.................X......X......O...O..XO..|valid=0,1,2,3,4,5,6
3

board=..........X......X......X......O...O..XOO.|valid=0,1,2,3,4,5,6
3

board=..........................................|valid=0,1,2,3,4,5,6
3

board=....................................O.X...|valid=0,1,2,3,4,5,6
3

board=........................O......X....O.X...|valid=0,1,2,3,4,5,6
3

board=..........O......X......O......X....O.X...|valid=0,1,2,3,4,5,6
4

board=..........O......X......O......X...OO.XX..|valid=0,1,2,3,4,5,6
4

board=...O......O......X......O......XX..OO.XX..|valid=0,1,2,4,5,6
4

board=...O......O......X......OX.....XX..OO.XX.O|valid=0,1,2,4,5,6
4

board=..........................................|valid=0,1,2,3,4,5,6
3

board=......................................XO..|valid=0,1,2,3,4,5,6
3

board=...............................X......XOO.|valid=0,1,2,3,4,5,6
4

board=...............................XXO....XOO.|valid=0,1,2,3,4,5,6
3

board=........................X......XXO...OXOO.|valid=0,1,2,3,4,5,6
4

board=..................O.....XX.....XXO...OXOO.|valid=0,1,2,3,4,5,6
3

board=..........................................|valid=0,1,2,3,4,5,6
3

board=......................................X.O.|valid=0,1,2,3,4,5,6
3

board=...............................X.O....X.O.|valid=0,1,2,3,4,5,6
3

board=........................X......X.O.O..X.O.|valid=0,1,2,3,4,5,6
3

board=..........................................|valid=0,1,2,3,4,5,6
3

board=......................................XO..|valid=0,1,2,3,4,5,6
3

board=...............................X...O..XO..|valid=0,1,2,3,4,5,6
3

board=........................X......X...O..XOO.|valid=0,1,2,3,4,5,6
3

board=..........................................|valid=0,1,2,3,4,5,6
3

board=......................................X..O|valid=0,1,2,3,4,5,6
3

board=...............................X......XO.O|valid=0,1,2,3,4,5,6
4

board=...............................XX....OXO.O|valid=0,1,2,3,4,5,6
5

board=.........................O.....XX....OXOXO|valid=0,1,2,3,4,5,6
3

board=........................XO.....XXO...OXOXO|valid=0,1,2,3,4,5,6
4

board=..................X.....XO.....XXOO..OXOXO|valid=0,1,2,3,4,5,6
4

board=...........X......X.....XO.....XXOO.OOXOXO|valid=0,1,2,3,4,5,6
3

board=..........................................|valid=0,1,2,3,4,5,6
3

board=...............................O......X...|valid=0,1,2,3,4,5,6
3

board=........................X......O...O..X...|valid=0,1,2,3,4,5,6
3

board=..........O......X......X......O...O..X...|valid=0,1,2,3,4,5,6
3

board=...X......O......X......X......O...O.OX...|valid=0,1,2,4,5,6
0

board=...X......O......X......X...X..O...O.OX..O|valid=0,1,2,4,5,6
4

board=...X......O......X......X...X..O...OOOXX.O|valid=0,1,2,4,5,6
4

board=...X......O......X......XO..X..OX..OOOXX.O|valid=0,1,2,4,5,6
4

board=...X......O......XX.....XO..X..OX.OOOOXX.O|valid=0,1,2,4,5,6
4

board=...X......OX.....XX.....XO..X.OOX.OOOOXX.O|valid=0,1,2,4,5,6
4

board=...XX.....OX.....XX.....XO..X.OOX.OOOOXXOO|valid=0,1,2,5,6
5

board=...XX.....OX.....XX..O..XO..X.OOXXOOOOXXOO|valid=0,1,2,5,6
5

board=...XX.....OX.....XX..O..XOX.XOOOXXOOOOXXOO|valid=0,1,2,5,6
5

board=...XX.....OXO....XXX.O..XOX.XOOOXXOOOOXXOO|valid=0,1,2,5,6
5

board=...XXX....OXO....XXX.OO.XOX.XOOOXXOOOOXXOO|valid=0,1,2,6
6

board=..........................................|valid=0,1,2,3,4,5,6
3

board=...................................O..X...|valid=0,1,2,3,4,5,6
3

board=............................O..X...O..X...|valid=0,1,2,3,4,5,6
3

board=.................O......X...O..X...O..X...|valid=0,1,2,3,4,5,6
3

board=..........X......O......X...O..X...OO.X...|valid=0,1,2,3,4,5,6
4

board=..........X......O......X...O..X...OOOXX..|valid=0,1,2,3,4,5,6
3

board=...X......X......O......X...O..X...OOOXX.O|valid=0,1,2,4,5,6
4

board=...X......X......O......X...O..XX..OOOXXOO|valid=0,1,2,4,5,6
4

board=...X......X......O......XX..O..XX.OOOOXXOO|valid=0,1,2,4,5,6
4

board=..........................................|valid=0,1,2,3,4,5,6
3

board=......................................X..O|valid=0,1,2,3,4,5,6
3

board=...............................X......XO.O|valid=0,1,2,3,4,5,6
4

board=...............................XX.....XOOO|valid=0,1,2,3,4,5,6
4

board=.........................X.....XX...O.XOOO|valid=0,1,2,3,4,5,6
4

board=..................X......X.....XXO..O.XOOO|valid=0,1,2,3,4,5,6
3

board=..................X.....XXO....XXO..O.XOOO|valid=0,1,2,3,4,5,6
3

board=..........................................|valid=0,1,2,3,4,5,6
3

board=.....................................OX...|valid=0,1,2,3,4,5,6
3

board=...............................X....OOX...|valid=0,1,2,3,4,5,6
5

board=...............................X...OOOX.X.|valid=0,1,2,3,4,5,6
3

board=........................X....O.X...OOOX.X.|valid=0,1,2,3,4,5,6
4

board=......................O.X....O.X...OOOXXX.|valid=0,1,2,3,4,5,6
3

board=..........................................|valid=0,1,2,3,4,5,6
3

board=....................................O.X...|valid=0,1,2,3,4,5,6
3

board=...............................X....O.X.O.|valid=0,1,2,3,4,5,6
3

board=........................X......X....O.X.OO|valid=0,1,2,3,4,5,6
4

board=........................X....O.X....O.XXOO|valid=0,1,2,3,4,5,6
4

board=........................X....O.XX..OO.XXOO|valid=0,1,2,3,4,5,6
5

board=.................O......X....O.XXX.OO.XXOO|valid=0,1,2,3,4,5,6
5

board=.................O.O....X.X..O.XXX.OO.XXOO|valid=0,1,2,3,4,5,6
4

board=.................O.O....XXX..O.XXX.OOOXXOO|valid=0,1,2,3,4,5,6
3

board=..........X.O....O.O....XXX..O.XXX.OOOXXOO|valid=0,1,2,3,4,5,6
3

board=...X......X.O....O.O....XXX..OOXXX.OOOXXOO|valid=0,1,2,4,5,6
4

board=..........................................|valid=0,1,2,3,4,5,6
3

board=......................................XO..|valid=0,1,2,3,4,5,6
3

board=........................O......X......XO..|valid=0,1,2,3,4,5,6
3

board=.................X......O......X......XOO.|valid=0,1,2,3,4,5,6
3

board=...O......X......X......O......X......XOO.|valid=0,1,2,4,5,6
0

board=...O......X......X......O......XO..X..XOO.|valid=0,1,2,4,5,6
4

board=...O......X......X......OX.....XO..X.OXOO.|valid=0,1,2,4,5,6
4

board=...O......X......XX.....OX..O..XO..X.OXOO.|valid=0,1,2,4,5,6
4

board=...O......XX.....XX.....OX..O..XO..XOOXOO.|valid=0,1,2,4,5,6
4

board=..........................................|valid=0,1,2,3,4,5,6
3

board=......................................X.O.|valid=0,1,2,3,4,5,6
3

board=...............................X....O.X.O.|valid=0,1,2,3,4,5,6
3

board=........................X......X...OO.X.O.|valid=0,1,2,3,4,5,6
3

board=..........................................|valid=0,1,2,3,4,5,6
3

board=......................................X..O|valid=0,1,2,3,4,5,6
3

board=...............................X......XO.O|valid=0,1,2,3,4,5,6
4

board=...............................XX.O...XO.O|valid=0,1,2,3,4,5,6
5

board=...............................XX.O..OXOXO|valid=0,1,2,3,4,5,6
3

board=........................X......XXOO..OXOXO|valid=0,1,2,3,4,5,6
4

board=........................XX.....XXOOO.OXOXO|valid=0,1,2,3,4,5,6
4

board=..................X.....XX.O...XXOOO.OXOXO|valid=0,1,2,3,4,5,6
3

board=..........................................|valid=0,1,2,3,4,5,6
3

board=......................................X.O.|valid=0,1,2,3,4,5,6
3

board=...............................X......XOO.|valid=0,1,2,3,4,5,6
4

board=...............................XX....OXOO.|valid=0,1,2,3,4,5,6
3

board=........................X.....OXX....OXOO.|valid=0,1,2,3,4,5,6
4

board=........................XX....OXX....OXOOO|valid=0,1,2,3,4,5,6
3

board=..........................................|valid=0,1,2,3,4,5,6
3

board=....................................O.X...|valid=0,1,2,3,4,5,6
3

board=...............................X....O.X..O|valid=0,1,2,3,4,5,6
3

board=........................X......X..O.O.X..O|valid=0,1,2,3,4,5,6
3

board=..........................................|valid=0,1,2,3,4,5,6
3

board=.....................................OX...|valid=0,1,2,3,4,5,6
3

board=...............................X.....OXO..|valid=0,1,2,3,4,5,6
3

board=........................X......X.....OXO.O|valid=0,1,2,3,4,5,6
3

board=..........................................|valid=0,1,2,3,4,5,6
3

board=.....................................OX...|valid=0,1,2,3,4,5,6
3

board=........................O......X.....OX...|valid=0,1,2,3,4,5,6
3

board=.................X......O.....OX.....OX...|valid=0,1,2,3,4,5,6
3

board=...O......X......X......O.....OX.....OX...|valid=0,1,2,4,5,6
0

board=...O......X......X......O.....OX...X.OX..O|valid=0,1,2,4,5,6
4

board=...O......X......X......O.....OX...XOOXX.O|valid=0,1,2,4,5,6
4

board=...O......X......X......O...O.OXX..XOOXX.O|valid=0,1,2,4,5,6
4

board=...O......X......X.....OOX..O.OXX..XOOXX.O|valid=0,1,2,4,5,6
4

board=..........................................|valid=0,1,2,3,4,5,6
3

board=......................................XO..|valid=0,1,2,3,4,5,6
3

board=...............................X......XOO.|valid=0,1,2,3,4,5,6
4

board=...............................XXO....XOO.|valid=0,1,2,3,4,5,6
3

board=........................XO.....XXO....XOO.|valid=0,1,2,3,4,5,6
3

board=..........................................|valid=0,1,2,3,4,5,6
3

board=...............................O......X...|valid=0,1,2,3,4,5,6
3

board=........................X......O...O..X...|valid=0,1,2,3,4,5,6
3

board=.................X......X......O...O.OX...|valid=0,1,2,3,4,5,6
3

board=..........X......X......X...O..O...O.OX...|valid=0,1,2,3,4,5,6
3

board=..........................................|valid=0,1,2,3,4,5,6
3

board=.....................................OX...|valid=0,1,2,3,4,5,6
3

board=........................O......X.....OX...|valid=0,1,2,3,4,5,6
3

board=.................X......O......X.....OXO..|valid=0,1,2,3,4,5,6
3

board=..........X......X......O......X.....OXOO.|valid=0,1,2,3,4,5,6
3

board=...X......X......X......O......X....OOXOO.|valid=0,1,2,4,5,6
4

board=...X......X......X......O......XX..OOOXOO.|valid=0,1,2,4,5,6
4

board=...X......X......X......OX...O.XX..OOOXOO.|valid=0,1,2,4,5,6
4

board=...X......X......XX.....OX...O.XX..OOOXOOO|valid=0,1,2,4,5,6
4

board=..........................................|valid=0,1,2,3,4,5,6
3

board=...............................O......X...|valid=0,1,2,3,4,5,6
3

board=........................X......O.....OX...|valid=0,1,2,3,4,5,6
3

board=.................X......X......O.....OX..O|valid=0,1,2,3,4,5,6
3

board=..........X......X......X......O...O.OX..O|valid=0,1,2,3,4,5,6
3

board=..........................................|valid=0,1,2,3,4,5,6
3

board=.....................................OX...|valid=0,1,2,3,4,5,6
3

board=...............................X.....OX..O|valid=0,1,2,3,4,5,6
3

board=........................X......X..O..OX..O|valid=0,1,2,3,4,5,6
3

board=..........................................|valid=0,1,2,3,4,5,6
3

board=......................................X..O|valid=0,1,2,3,4,5,6
3

board=...............................X...O..X..O|valid=0,1,2,3,4,5,6
3

board=........................X......X...O..X.OO|valid=0,1,2,3,4,5,6
3

board=..........................................|valid=0,1,2,3,4,5,6
3

board=...............................O......X...|valid=0,1,2,3,4,5,6
3

board=........................X......O......XO..|valid=0,1,2,3,4,5,6
3

board=.................X......X......O...O..XO..|valid=0,1,2,3,4,5,6
3

board=..........X......X......X...O..O...O..XO..|valid=0,1,2,3,4,5,6
3

board=..........................................|valid=0,1,2,3,4,5,6
3

board=...............................O......X...|valid=0,1,2,3,4,5,6
3

board=........................X......O......X.O.|valid=0,1,2,3,4,5,6
3

board=.................X......X......O......XOO.|valid=0,1,2,3,4,5,6
3

board=..........X......X......X......OO.....XOO.|valid=0,1,2,3,4,5,6
3

board=..........................................|valid=0,1,2,3,4,5,6
3

board=......................................X.O.|valid=0,1,2,3,4,5,6
3

board=...............................X......X.OO|valid=0,1,2,3,4,5,6
3

board=........................X......X.O....X.OO|valid=0,1,2,3,4,5,6
3

board=..........................................|valid=0,1,2,3,4,5,6
3

board=......................................X.O.|valid=0,1,2,3,4,5,6
3

board=........................O......X......X.O.|valid=0,1,2,3,4,5,6
3

board=.................X......O......X......X.OO|valid=0,1,2,3,4,5,6
3

board=..........X......X......O......X.....OX.OO|valid=0,1,2,3,4,5,6
3

board=...X......X......X......O......X.....OXOOO|valid=0,1,2,4,5,6
4

board=...X......X......X......O......XXO...OXOOO|valid=0,1,2,4,5,6
4

board=...X......X......X......OX.....XXO..OOXOOO|valid=0,1,2,4,5,6
4

board=...X......X......XX.....OX.....XXO.OOOXOOO|valid=0,1,2,4,5,6
4

board=..........................................|valid=0,1,2,3,4,5,6
3

board=...................................O..X...|valid=0,1,2,3,4,5,6
3

board=........................O......X...O..X...|valid=0,1,2,3,4,5,6
3

board=.................X......O......X...O..XO..|valid=0,1,2,3,4,5,6
3

board=..........X......X......O...O..X...O..XO..|valid=0,1,2,3,4,5,6
3

board=...X......X......X......O...O..X...O..XO.O|valid=0,1,2,4,5,6
0

board=...X......X......X...X..O...O..XO..O..XO.O|valid=0,1,2,4,5,6
0

board=...X......X...X..X...X..O...O..XO..O.OXO.O|valid=0,1,2,4,5,6
4

board=...X......X...X..X...X..OX..O.OXO..O.OXO.O|valid=0,1,2,4,5,6
4

board=...X......X...X..XX..X..OX..O.OXO.OO.OXO.O|valid=0,1,2,4,5,6
4

board=...X......XX..X..XX..X.OOX..O.OXO.OO.OXO.O|valid=0,1,2,4,5,6
4

board=..........................................|valid=0,1,2,3,4,5,6
3

board=......................................X..O|valid=0,1,2,3,4,5,6
3

board=...............................X.....OX..O|valid=0,1,2,3,4,5,6
3

board=.................O......X......X.....OX..O|valid=0,1,2,3,4,5,6
3

board=..........X......O......X......X....OOX..O|valid=0,1,2,3,4,5,6
3

board=...X......X......O......X......X....OOXO.O|valid=0,1,2,4,5,6
4

board=...X......X......O......XO.....XX...OOXO.O|valid=0,1,2,4,5,6
4

board=...X......XO.....OX.....XO.....XX...OOXO.O|valid=0,1,2,4,5,6
4

board=...XX.....XO.....OX.....XO.....XX...OOXOOO|valid=0,1,2,5,6
5

board=...XX.....XO.....OX.....XO...O.XXX..OOXOOO|valid=0,1,2,5,6
5

board=...XX.....XO.....OX.....XOX..OOXXX..OOXOOO|valid=0,1,2,5,6
6

board=..........................................|valid=0,1,2,3,4,5,6
3

board=.....................................OX...|valid=0,1,2,3,4,5,6
3

board=........................O......X.....OX...|valid=0,1,2,3,4,5,6
3

board=.................X......O......X.....OXO..|valid=0,1,2,3,4,5,6
3

board=..........X......X......O......X...O.OXO..|valid=0,1,2,3,4,5,6
3

board=...X......X......X......O......XO..O.OXO..|valid=0,1,2,4,5,6
4

board=...X......X......X......OX.....XO..O.OXO.O|valid=0,1,2,4,5,6
4

board=...X......X......XX.....OX..O..XO..O.OXO.O|valid=0,1,2,4,5,6
4

board=...X......XX.....XX.....OX..O..XO..O.OXOOO|valid=0,1,2,4,5,6
4

board=..........................................|valid=0,1,2,3,4,5,6
3

board=......................................XO..|valid=0,1,2,3,4,5,6
3

board=...............................X....O.XO..|valid=0,1,2,3,4,5,6
3

board=........................X......X....O.XOO.|valid=0,1,2,3,4,5,6
4

board=........................X......XX...OOXOO.|valid=0,1,2,3,4,5,6
4

board=........................XX.....XX..OOOXOO.|valid=0,1,2,3,4,5,6
3

board=..........................................|valid=0,1,2,3,4,5,6
3

board=...............................O......X...|valid=0,1,2,3,4,5,6
3

board=.................O......X......O......X...|valid=0,1,2,3,4,5,6
3

board=..........X......O......X......O....O.X...|valid=0,1,2,3,4,5,6
3

board=...X......X......O......X......O....O.X..O|valid=0,1,2,4,5,6
4

board=...X......X......O......X......O..O.O.XX.O|valid=0,1,2,4,5,6
4

board=...X......X......O......X....O.OX.O.O.XX.O|valid=0,1,2,4,5,6
4

board=...X......X......O......XX...O.OX.OOO.XX.O|valid=0,1,2,4,5,6
4

board=..........................................|valid=0,1,2,3,4,5,6
3

board=......................................XO..|valid=0,1,2,3,4,5,6
3

board=...............................X....O.XO..|valid=0,1,2,3,4,5,6
3

board=........................X......X....O.XO.O|valid=0,1,2,3,4,5,6
3

board=..........................................|valid=0,1,2,3,4,5,6
3

board=.....................................OX...|valid=0,1,2,3,4,5,6
3

board=...............................X.....OX..O|valid=0,1,2,3,4,5,6
3

board=........................X......X....OOX..O|valid=0,1,2,3,4,5,6
4

board=........................X......X...OOOXX.O|valid=0,1,2,3,4,5,6
5

board=........................X......XO..OOOXXXO|valid=0,1,2,3,4,5,6
5

board=........................XO.....XOX.OOOXXXO|valid=0,1,2,3,4,5,6
5

board=........................XOX...OXOX.OOOXXXO|valid=0,1,2,3,4,5,6
5

board=..........................................|valid=0,1,2,3,4,5,6
3

board=......................................X.O.|valid=0,1,2,3,4,5,6
3

board=...............................X....O.X.O.|valid=0,1,2,3,4,5,6
3

board=........................X......X.O..O.X.O.|valid=0,1,2,3,4,5,6
3

board=..........................................|valid=0,1,2,3,4,5,6
3

board=....................................O.X...|valid=0,1,2,3,4,5,6
3

board=...............................X....O.X..O|valid=0,1,2,3,4,5,6
3

board=........................X......X....O.XO.O|valid=0,1,2,3,4,5,6
3

board=..........................................|valid=0,1,2,3,4,5,6
3

board=......................................X..O|valid=0,1,2,3,4,5,6
3

board=...............................X..O...X..O|valid=0,1,2,3,4,5,6
3

board=........................X..O...X..O...X..O|valid=0,1,2,3,4,5,6
3

board=..........................................|valid=0,1,2,3,4,5,6
3

board=....................................O.X...|valid=0,1,2,3,4,5,6
3

board=...............................X....O.XO..|valid=0,1,2,3,4,5,6
3

board=........................X......X...OO.XO..|valid=0,1,2,3,4,5,6
3

board=..........................................|valid=0,1,2,3,4,5,6
3

board=......................................XO..|valid=0,1,2,3,4,5,6
3

board=...............................X...O..XO..|valid=0,1,2,3,4,5,6
3

board=.................O......X......X...O..XO..|valid=0,1,2,3,4,5,6
3

board=..........X......O......X......XO..O..XO..|valid=0,1,2,3,4,5,6
3

board=...X......X......O......X...O..XO..O..XO..|valid=0,1,2,4,5,6
0

board=...X......X......O...X..X...O..XO..O.OXO..|valid=0,1,2,4,5,6
4

board=...X......X......O...X..XX..O.OXO..O.OXO..|valid=0,1,2,4,5,6
0

board=...X...O..X...X..O...X..XX..O.OXO..O.OXO..|valid=0,1,2,4,5,6
0

board=X..X...O..X...X..O...X..XX..O.OXO..OOOXO..|valid=1,2,4,5,6
4

board=X..X...O..X...X..OX..X..XX..O.OXO..OOOXOO.|valid=1,2,4,5,6
4

board=X..X...O..XX..X..OX..X..XX..O.OXOO.OOOXOO.|valid=1,2,4,5,6
4

board=..........................................|valid=0,1,2,3,4,5,6
3

board=...................................O..X...|valid=0,1,2,3,4,5,6
3

board=...............................X...OO.X...|valid=0,1,2,3,4,5,6
3

board=........................X....O.X...OO.X...|valid=0,1,2,3,4,5,6
3

board=..........................................|valid=0,1,2,3,4,5,6
3

board=......................................XO..|valid=0,1,2,3,4,5,6
3

board=........................O......X......XO..|valid=0,1,2,3,4,5,6
3

board=.................X......O......XO.....XO..|valid=0,1,2,3,4,5,6
4

board=.................X......OX.....XO.....XOO.|valid=0,1,2,3,4,5,6
5

board=..........O......X......OX.....XOX....XOO.|valid=0,1,2,3,4,5,6
4

board=..........O......XX.....OX.....XOX....XOOO|valid=0,1,2,3,4,5,6
4

board=..........OX.....XX.....OXO....XOX....XOOO|valid=0,1,2,3,4,5,6
4

board=..........................................|valid=0,1,2,3,4,5,6
3

board=.....................................OX...|valid=0,1,2,3,4,5,6
3

board=...............................X.....OX..O|valid=0,1,2,3,4,5,6
3

board=.................O......X......X.....OX..O|valid=0,1,2,3,4,5,6
3

board=..........X......O......X......X...O.OX..O|valid=0,1,2,3,4,5,6
3

board=...X......X......O......X......X...OOOX..O|valid=0,1,2,4,5,6
4

board=...X......X......O......X......X..OOOOXX.O|valid=0,1,2,4,5,6
4

board=...X......X......O......X....O.XX.OOOOXX.O|valid=0,1,2,4,5,6
4

board=...X......X......O......XX...OOXX.OOOOXX.O|valid=0,1,2,4,5,6
4

board=..........................................|valid=0,1,2,3,4,5,6
3

board=....................................O.X...|valid=0,1,2,3,4,5,6
3

board=...............................X....OOX...|valid=0,1,2,3,4,5,6
5

board=...............................X.O..OOX.X.|valid=0,1,2,3,4,5,6
4

board=...............................X.O.OOOXXX.|valid=0,1,2,3,4,5,6
5

board=..........................X...OX.O.OOOXXX.|valid=0,1,2,3,4,5,6
3

board=........................X.X..OOX.O.OOOXXX.|valid=0,1,2,3,4,5,6
4

board=........................XOX..OOXXO.OOOXXX.|valid=0,1,2,3,4,5,6
3

board=..........................................|valid=0,1,2,3,4,5,6
3

board=......................................X.O.|valid=0,1,2,3,4,5,6
3

board=...............................X.....OX.O.|valid=0,1,2,3,4,5,6
3

board=........................X......X.....OX.OO|valid=0,1,2,3,4,5,6
4

board=........................X.....OX.....OXXOO|valid=0,1,2,3,4,5,6
4

board=........................X.....OXX..O.OXXOO|valid=0,1,2,3,4,5,6
5

board=........................X.O...OXXX.O.OXXOO|valid=0,1,2,3,4,5,6
4

board=........................XXO...OXXXOO.OXXOO|valid=0,1,2,3,4,5,6
5

board=..................OX....XXO...OXXXOO.OXXOO|valid=0,1,2,3,4,5,6
4

board=...........X......OX...OXXO...OXXXOO.OXXOO|valid=0,1,2,3,4,5,6
3

board=..........................................|valid=0,1,2,3,4,5,6
3

board=...............................O......X...|valid=0,1,2,3,4,5,6
3

board=........................X......O....O.X...|valid=0,1,2,3,4,5,6
3

board=.................X......X....O.O....O.X...|valid=0,1,2,3,4,5,6
3

board=..........X......X......X....O.O...OO.X...|valid=0,1,2,3,4,5,6
3

board=..........................................|valid=0,1,2,3,4,5,6
3

board=...............................O......X...|valid=0,1,2,3,4,5,6
3

board=........................X......O.....OX...|valid=0,1,2,3,4,5,6
3

board=.................X......X.....OO.....OX...|valid=0,1,2,3,4,5,6
4

board=.................X......X.....OO....OOXX..|valid=0,1,2,3,4,5,6
3

board=..........X......X......X....OOO....OOXX..|valid=0,1,2,3,4,5,6
3

board=..........................................|valid=0,1,2,3,4,5,6
3

board=......................................X..O|valid=0,1,2,3,4,5,6
3

board=...............................X..O...X..O|valid=0,1,2,3,4,5,6
3

board=........................X......X..OO..X..O|valid=0,1,2,3,4,5,6
3

board=..........................................|valid=0,1,2,3,4,5,6
3

board=...................................O..X...|valid=0,1,2,3,4,5,6
3

board=...............................X...O..XO..|valid=0,1,2,3,4,5,6
3

board=........................X......X...OO.XO..|valid=0,1,2,3,4,5,6
3

board=..........................................|valid=0,1,2,3,4,5,6
3

board=...............................O......X...|valid=0,1,2,3,4,5,6
3

board=........................X......O......X.O.|valid=0,1,2,3,4,5,6
3

board=.................X......X......O.....OX.O.|valid=0,1,2,3,4,5,6
3

board=..........X......X......X......O.....OX.OO|valid=0,1,2,3,4,5,6
3

board=..........................................|valid=0,1,2,3,4,5,6
3

board=....................................O.X...|valid=0,1,2,3,4,5,6
3

board=...............................X....O.X..O|valid=0,1,2,3,4,5,6
3

board=........................X......X...OO.X..O|valid=0,1,2,3,4,5,6
3

board=..........................................|valid=0,1,2,3,4,5,6
3

board=......................................XO..|valid=0,1,2,3,4,5,6
3

board=...............................X......XO.O|valid=0,1,2,3,4,5,6
4

board=...............................XX...O.XO.O|valid=0,1,2,3,4,5,6
5

board=...............................XX..OO.XOXO|valid=0,1,2,3,4,5,6
4

board=........................OX.....XX..OO.XOXO|valid=0,1,2,3,4,5,6
5

board=........................OX...O.XXX.OO.XOXO|valid=0,1,2,3,4,5,6
5

board=..................O.....OXX..O.XXX.OO.XOXO|valid=0,1,2,3,4,5,6
4

board=...........X......O.....OXX.OO.XXX.OO.XOXO|valid=0,1,2,3,4,5,6
3

board=...........X.....XO.....OXX.OO.XXXOOO.XOXO|valid=0,1,2,3,4,5,6
4

board=....X.....OX.....XO.....OXX.OO.XXXOOO.XOXO|valid=0,1,2,3,5,6
5

board=..........................................|valid=0,1,2,3,4,5,6
3

board=....................................O.X...|valid=0,1,2,3,4,5,6
3

board=...............................X....O.X.O.|valid=0,1,2,3,4,5,6
3

board=........................X......X....O.XOO.|valid=0,1,2,3,4,5,6
4

board=........................X......XXO..O.XOO.|valid=0,1,2,3,4,5,6
4

board=........................XX.....XXO..O.XOOO|valid=0,1,2,3,4,5,6
3

board=..........................................|valid=0,1,2,3,4,5,6
3

board=...................................O..X...|valid=0,1,2,3,4,5,6
3

board=............................O..X...O..X...|valid=0,1,2,3,4,5,6
3

board=........................X...O..X...OO.X...|valid=0,1,2,3,4,5,6
3

board=..........................................|valid=0,1,2,3,4,5,6
3

board=.....................................OX...|valid=0,1,2,3,4,5,6
3

board=...............................X.....OX..O|valid=0,1,2,3,4,5,6
3

board=........................X......X.....OX.OO|valid=0,1,2,3,4,5,6
4

board=........................X......X...O.OXXOO|valid=0,1,2,3,4,5,6
4

board=........................X...O..XX..O.OXXOO|valid=0,1,2,3,4,5,6
5

board=.....................O..X...O..XXX.O.OXXOO|valid=0,1,2,3,4,5,6
5

board=...................O.O..X.X.O..XXX.O.OXXOO|valid=0,1,2,3,4,5,6
4

board=...................O.O..XXX.O..XXXOO.OXXOO|valid=0,1,2,3,4,5,6
5

board=............X......O.O..XXXOO..XXXOO.OXXOO|valid=0,1,2,3,4,5,6
5

board=.....X......X......O.O..XXXOO..XXXOOOOXXOO|valid=0,1,2,3,4,6
3

board=..........................................|valid=0,1,2,3,4,5,6
3

board=......................................X..O|valid=0,1,2,3,4,5,6
3

board=...............................X....O.X..O|valid=0,1,2,3,4,5,6
3

board=........................X......X....OOX..O|valid=0,1,2,3,4,5,6
4

board=........................X......X...OOOXX.O|valid=0,1,2,3,4,5,6
5

board=........................X......X.O.OOOXXXO|valid=0,1,2,3,4,5,6
5

board=........................X.X..O.X.O.OOOXXXO|valid=0,1,2,3,4,5,6
3

board=..........................................|valid=0,1,2,3,4,5,6
3

board=...................................O..X...|valid=0,1,2,3,4,5,6
3

board=...............................X...O..XO..|valid=0,1,2,3,4,5,6
3

board=........................X......X...O..XOO.|valid=0,1,2,3,4,5,6
3

board=..........................................|valid=0,1,2,3,4,5,6
3

board=......................................X.O.|valid=0,1,2,3,4,5,6
3

board=...............................X.O....X.O.|valid=0,1,2,3,4,5,6
3

board=........................X......X.O.O..X.O.|valid=0,1,2,3,4,5,6
3

board=..........................................|valid=0,1,2,3,4,5,6
3

board=......................................XO..|valid=0,1,2,3,4,5,6
3

board=...............................X....O.XO..|valid=0,1,2,3,4,5,6
3

board=........................X......X....O.XOO.|valid=0,1,2,3,4,5,6
4

board=........................X......XX..OO.XOO.|valid=0,1,2,3,4,5,6
4

board=........................XX.....XX..OO.XOOO|valid=0,1,2,3,4,5,6
5

board=........................XX.....XXXOOO.XOOO|valid=0,1,2,3,4,5,6
5

board=........................XXX..O.XXXOOO.XOOO|valid=0,1,2,3,4,5,6
3

board=..........................................|valid=0,1,2,3,4,5,6
3

board=...............................O......X...|valid=0,1,2,3,4,5,6
3

board=........................X......O......XO..|valid=0,1,2,3,4,5,6
3

board=.................X......X......OO.....XO..|valid=0,1,2,3,4,5,6
3

board=..........X......X......X......OO.....XO.O|valid=0,1,2,3,4,5,6
3

board=..........................................|valid=0,1,2,3,4,5,6
3

board=.....................................OX...|valid=0,1,2,3,4,5,6
3

board=...............................X.....OX.O.|valid=0,1,2,3,4,5,6
3

board=........................X......X....OOX.O.|valid=0,1,2,3,4,5,6
4

board=........................X......X...OOOXXO.|valid=0,1,2,3,4,5,6
4

board=........................X....O.XX..OOOXXO.|valid=0,1,2,3,4,5,6
4

board=........................XX...O.XX..OOOXXOO|valid=0,1,2,3,4,5,6
5

board=........................XXO..O.XXX.OOOXXOO|valid=0,1,2,3,4,5,6
3

board=..........................................|valid=0,1,2,3,4,5,6
3

board=......................................X.O.|valid=0,1,2,3,4,5,6
3

board=...............................X...O..X.O.|valid=0,1,2,3,4,5,6
3

board=........................X...O..X...O..X.O.|valid=0,1,2,3,4,5,6
3

board=..........................................|valid=0,1,2,3,4,5,6
3

board=...............................O......X...|valid=0,1,2,3,4,5,6
3

board=........................X......O...O..X...|valid=0,1,2,3,4,5,6
3

board=.................X......X......O...O..X.O.|valid=0,1,2,3,4,5,6
3

board=..........X......X......X......O...OO.X.O.|valid=0,1,2,3,4,5,6
3

board=..........................................|valid=0,1,2,3,4,5,6
3

board=...................................O..X...|valid=0,1,2,3,4,5,6
3

board=...............................X...O.OX...|valid=0,1,2,3,4,5,6
3

board=........................X......X...O.OX..O|valid=0,1,2,3,4,5,6
4

board=........................X...O..X...O.OXX.O|valid=0,1,2,3,4,5,6
5

board=........................X...O..XO..O.OXXXO|valid=0,1,2,3,4,5,6
5

board=........................X...O..XOXOO.OXXXO|valid=0,1,2,3,4,5,6
3

board=..........................................|valid=0,1,2,3,4,5,6
3

board=...............................O......X...|valid=0,1,2,3,4,5,6
3

board=.................O......X......O......X...|valid=0,1,2,3,4,5,6
3

board=..........X......O......X......O...O..X...|valid=0,1,2,3,4,5,6
3

board=...X......X......O......X......O...O..X.O.|valid=0,1,2,4,5,6
4

board=...X......X......O......X......O.O.O..XXO.|valid=0,1,2,4,5,6
4

board=...X......X......O......X......OXO.OO.XXO.|valid=0,1,2,4,5,6
4

board=...X......X......O......XX.....OXO.OOOXXO.|valid=0,1,2,4,5,6
4

board=..........................................|valid=0,1,2,3,4,5,6
3

board=...................................O..X...|valid=0,1,2,3,4,5,6
3

board=...............................X...O..X..O|valid=0,1,2,3,4,5,6
3

board=.................O......X......X...O..X..O|valid=0,1,2,3,4,5,6
3

board=..........X......O......X...O..X...O..X..O|valid=0,1,2,3,4,5,6
3

board=...X......X......O...O..X...O..X...O..X..O|valid=0,1,2,4,5,6
0

board=...X......X...X..O...O..X...O..X...O..X.OO|valid=0,1,2,4,5,6
4

board=...X......X...X..O...O..X...O..X.O.O..XXOO|valid=0,1,2,4,5,6
4

board=...X......X...X..O...O..X.O.O..XXO.O..XXOO|valid=0,1,2,4,5,6
4

board=...X...O..X...X..O...O..XXO.O..XXO.O..XXOO|valid=0,1,2,4,5,6
4

board=..........................................|valid=0,1,2,3,4,5,6
3

board=......................................X..O|valid=0,1,2,3,4,5,6
3

board=...............................X....O.X..O|valid=0,1,2,3,4,5,6
3

board=........................X......X....O.XO.O|valid=0,1,2,3,4,5,6
3

board=..........................................|valid=0,1,2,3,4,5,6
3

board=.....................................OX...|valid=0,1,2,3,4,5,6
3

board=..............................OX.....OX...|valid=0,1,2,3,4,5,6
3

board=........................X.....OX.....OXO..|valid=0,1,2,3,4,5,6
3

board=..........................................|valid=0,1,2,3,4,5,6
3

board=...............................O......X...|valid=0,1,2,3,4,5,6
3

board=........................X......O......X..O|valid=0,1,2,3,4,5,6
3

board=.................X......X......O...O..X..O|valid=0,1,2,3,4,5,6
3

board=..........X......X......X......O..OO..X..O|valid=0,1,2,3,4,5,6
3

board=..........................................|valid=0,1,2,3,4,5,6
3

board=....................................O.X...|valid=0,1,2,3,4,5,6
3

board=...............................X....O.X.O.|valid=0,1,2,3,4,5,6
3

board=.................O......X......X....O.X.O.|valid=0,1,2,3,4,5,6
3

board=..........X......O......X......X....OOX.O.|valid=0,1,2,3,4,5,6
3

board=...X......X......O......X......X...OOOX.O.|valid=0,1,2,4,5,6
4

board=...X......X......O......X......X...OOOXXOO|valid=0,1,2,4,5,6
4

board=...X......X......O......X......XXO.OOOXXOO|valid=0,1,2,4,5,6
4

board=...X......X......O......XX..O..XXO.OOOXXOO|valid=0,1,2,4,5,6
4

board=..........................................|valid=0,1,2,3,4,5,6
3

board=......................................X..O|valid=0,1,2,3,4,5,6
3

board=...............................X....O.X..O|valid=0,1,2,3,4,5,6
3

board=........................X......X....O.X.OO|valid=0,1,2,3,4,5,6
4

board=........................X......X.O..O.XXOO|valid=0,1,2,3,4,5,6
4

board=........................XO.....XXO..O.XXOO|valid=0,1,2,3,4,5,6
4

board=..................X.....XO...O.XXO..O.XXOO|valid=0,1,2,3,4,5,6
4

board=...........X......X.....XOO..O.XXO..O.XXOO|valid=0,1,2,3,4,5,6
3

board=..........................................|valid=0,1,2,3,4,5,6
3

board=.....................................OX...|valid=0,1,2,3,4,5,6
3

board=...............................X.....OX..O|valid=0,1,2,3,4,5,6
3

board=........................X......X.....OXO.O|valid=0,1,2,3,4,5,6
3

board=..........................................|valid=0,1,2,3,4,5,6
3

board=......................................XO..|valid=0,1,2,3,4,5,6
3

board=...............................X....O.XO..|valid=0,1,2,3,4,5,6
3

board=........................X......XO...O.XO..|valid=0,1,2,3,4,5,6
3

board=..........................................|valid=0,1,2,3,4,5,6
3

board=...................................O..X...|valid=0,1,2,3,4,5,6
3

board=...............................X...O..XO..|valid=0,1,2,3,4,5,6
3

board=........................X...O..X...O..XO..|valid=0,1,2,3,4,5,6
3

board=..........................................|valid=0,1,2,3,4,5,6
3

board=...................................O..X...|valid=0,1,2,3,4,5,6
3

board=...............................X...O..XO..|valid=0,1,2,3,4,5,6
3

board=........................X...O..X...O..XO..|valid=0,1,2,3,4,5,6
3

board=..........................................|valid=0,1,2,3,4,5,6
3

board=....................................O.X...|valid=0,1,2,3,4,5,6
3

board=........................O......X....O.X...|valid=0,1,2,3,4,5,6
3

board=.................X......O......X....O.X.O.|valid=0,1,2,3,4,5,6
3

board=...O......X......X......O......X....O.X.O.|valid=0,1,2,4,5,6
0

board=...O......X......X......O......X...XO.XOO.|valid=0,1,2,4,5,6
4

board=...O......X......X......O....O.XX..XO.XOO.|valid=0,1,2,4,5,6
4

board=...O......X......X......OX...O.XX..XO.XOOO|valid=0,1,2,4,5,6
4

board=...O......X......XX.....OX...O.XX..XOOXOOO|valid=0,1,2,4,5,6
4

board=..........................................|valid=0,1,2,3,4,5,6
3

board=.....................................OX...|valid=0,1,2,3,4,5,6
3

board=..............................OX.....OX...|valid=0,1,2,3,4,5,6
3

board=.......................OX.....OX.....OX...|valid=0,1,2,3,4,5,6
3

board=..........................................|valid=0,1,2,3,4,5,6
3

board=...............................O......X...|valid=0,1,2,3,4,5,6
3

board=........................X......O....O.X...|valid=0,1,2,3,4,5,6
3

board=.................X......X......O....O.X..O|valid=0,1,2,3,4,5,6
3

board=..........X......X......X......O....O.X.OO|valid=0,1,2,3,4,5,6
3

board=..........................................|valid=0,1,2,3,4,5,6
3

board=......................................X..O|valid=0,1,2,3,4,5,6
3

board=...............................X...O..X..O|valid=0,1,2,3,4,5,6
3

board=........................X......X...OO.X..O|valid=0,1,2,3,4,5,6
3

board=..........................................|valid=0,1,2,3,4,5,6
3

board=......................................X..O|valid=0,1,2,3,4,5,6
3

board=...............................X......X.OO|valid=0,1,2,3,4,5,6
3

board=........................X......X....O.X.OO|valid=0,1,2,3,4,5,6
4

board=........................X......XO...O.XXOO|valid=0,1,2,3,4,5,6
4

board=........................XX.....XO..OO.XXOO|valid=0,1,2,3,4,5,6
4

board=..................X.....XX..O..XO..OO.XXOO|valid=0,1,2,3,4,5,6
5

board=..................X.....XX..O..XOX.OOOXXOO|valid=0,1,2,3,4,5,6
3

board=..........................................|valid=0,1,2,3,4,5,6
3

board=....................................O.X...|valid=0,1,2,3,4,5,6
3

board=...............................X....OOX...|valid=0,1,2,3,4,5,6
5

board=..............................OX....OOX.X.|valid=0,1,2,3,4,5,6
3

board=.......................OX.....OX....OOX.X.|valid=0,1,2,3,4,5,6
3

board=..........................................|valid=0,1,2,3,4,5,6
3

board=.....................................OX...|valid=0,1,2,3,4,5,6
3

board=...............................X.....OXO..|valid=0,1,2,3,4,5,6
3

board=........................X......X....OOXO..|valid=0,1,2,3,4,5,6
5

board=........................X....O.X....OOXOX.|valid=0,1,2,3,4,5,6
4

board=........................X....O.XX...OOXOXO|valid=0,1,2,3,4,5,6
4

board=......................O.XX...O.XX...OOXOXO|valid=0,1,2,3,4,5,6
5

board=......................O.XX...OOXXX..OOXOXO|valid=0,1,2,3,4,5,6
5

board=...................O..O.XXX..OOXXX..OOXOXO|valid=0,1,2,3,4,5,6
3

board=..........................................|valid=0,1,2,3,4,5,6
3

board=....................................O.X...|valid=0,1,2,3,4,5,6
3

board=...............................X...OO.X...|valid=0,1,2,3,4,5,6
3

board=........................X....O.X...OO.X...|valid=0,1,2,3,4,5,6
3

board=..........................................|valid=0,1,2,3,4,5,6
3

board=.....................................OX...|valid=0,1,2,3,4,5,6
3

board=...............................X...O.OX...|valid=0,1,2,3,4,5,6
3

board=.................O......X......X...O.OX...|valid=0,1,2,3,4,5,6
3

board=..........X......O......X......X...O.OX.O.|valid=0,1,2,3,4,5,6
3

board=...X......X......O......X.....OX...O.OX.O.|valid=0,1,2,4,5,6
4

board=...X......X......O.....OX.....OX...O.OXXO.|valid=0,1,2,4,5,6
4

board=...X......X......O.....OX.....OXX..OOOXXO.|valid=0,1,2,4,5,6
4

board=...X......X......O.....OXX....OXX..OOOXXOO|valid=0,1,2,4,5,6
4

board=..........................................|valid=0,1,2,3,4,5,6
3

board=......................................XO..|valid=0,1,2,3,4,5,6
3

board=........................O......X......XO..|valid=0,1,2,3,4,5,6
3

board=..........O......X......O......X......XO..|valid=0,1,2,3,4,5,6
3

board=...X......O......X......O......XO.....XO..|valid=0,1,2,4,5,6
4

board=...X......O......X......OX.....XO....OXO..|valid=0,1,2,4,5,6
4

board=...X......O......XX.....OX.....XO...OOXO..|valid=0,1,2,4,5,6
4

board=...X......OX.....XX.....OX...O.XO...OOXO..|valid=0,1,2,4,5,6
4

board=..........................................|valid=0,1,2,3,4,5,6
3

board=....................................O.X...|valid=0,1,2,3,4,5,6
3

board=...............................X....O.X..O|valid=0,1,2,3,4,5,6
3

board=........................X......X...OO.X..O|valid=0,1,2,3,4,5,6
3

board=..........................................|valid=0,1,2,3,4,5,6
3

board=......................................XO..|valid=0,1,2,3,4,5,6
3

board=...............................X......XOO.|valid=0,1,2,3,4,5,6
4

board=...............................XXO....XOO.|valid=0,1,2,3,4,5,6
3

board=........................XO.....XXO....XOO.|valid=0,1,2,3,4,5,6
3

board=..........................................|valid=0,1,2,3,4,5,6
3

board=.....................................OX...|valid=0,1,2,3,4,5,6
3

board=...............................X....OOX...|valid=0,1,2,3,4,5,6
5

board=........................O......X....OOX.X.|valid=0,1,2,3,4,5,6
4

board=........................O.....OX....OOXXX.|valid=0,1,2,3,4,5,6
5

board=........................O.O...OX.X..OOXXX.|valid=0,1,2,3,4,5,6
5

board=............O......X....O.O...OX.X..OOXXX.|valid=0,1,2,3,4,5,6
4

board=............O......X....OOO...OXXX..OOXXX.|valid=0,1,2,3,4,5,6
3

board=............O....X.X....OOO..OOXXX..OOXXX.|valid=0,1,2,3,4,5,6
4

board=...........OO....XXX....OOO..OOXXX..OOXXX.|valid=0,1,2,3,4,5,6
3

board=....O.....XOO....XXX....OOO..OOXXX..OOXXX.|valid=0,1,2,3,5,6
3

board=...XO.....XOO....XXX....OOO..OOXXX..OOXXXO|valid=0,1,2,5,6
5

board=...XOX....XOO....XXX....OOO..OOXXX.OOOXXXO|valid=0,1,2,6
6

board=..........................................|valid=0,1,2,3,4,5,6
3

board=......................................XO..|valid=0,1,2,3,4,5,6
3

board=...............................X......XOO.|valid=0,1,2,3,4,5,6
4

board=...............................XX...O.XOO.|valid=0,1,2,3,4,5,6
3

board=........................X......XX...OOXOO.|valid=0,1,2,3,4,5,6
4

board=.................O......XX.....XX...OOXOO.|valid=0,1,2,3,4,5,6
3

board=..........X......O......XX.....XX..OOOXOO.|valid=0,1,2,3,4,5,6
3

board=...X......X......O......XX..O..XX..OOOXOO.|valid=0,1,2,4,5,6
4

board=...X......X......OX..O..XX..O..XX..OOOXOO.|valid=0,1,2,4,5,6
4

board=..........................................|valid=0,1,2,3,4,5,6
3

board=......................................XO..|valid=0,1,2,3,4,5,6
3

board=........................O......X......XO..|valid=0,1,2,3,4,5,6
3

board=.................X......O......X......XOO.|valid=0,1,2,3,4,5,6
3

board=..........X......X......O......X......XOOO|valid=0,1,2,3,4,5,6
3

board=...X......X......X......O......X...O..XOOO|valid=0,1,2,4,5,6
0

board=...X......X......X...O..O...X..X...O..XOOO|valid=0,1,2,4,5,6
4

board=...X......X......X...O..O...X..XX.OO..XOOO|valid=0,1,2,4,5,6
4

board=...X......X......XO..O..OX..X..XX.OO..XOOO|valid=0,1,2,4,5,6
4

board=...X......XX.....XO..O..OX..X..XX.OOO.XOOO|valid=0,1,2,4,5,6
4

board=...XX.....XX.....XO..O..OX..X..XXOOOO.XOOO|valid=0,1,2,5,6
2

board=...XX.....XX..O..XO..O..OX..X..XXOOOOXXOOO|valid=0,1,2,5,6
2

board=...XX..O..XX..O..XO..O..OX..X.XXXOOOOXXOOO|valid=0,1,2,5,6
5

board=...XX..O..XX..O..XOO.O..OXX.X.XXXOOOOXXOOO|valid=0,1,2,5,6
6

board=...XX..O..XX..O..XOO.O..OXXXXOXXXOOOOXXOOO|valid=0,1,2,5,6
6

board=..........................................|valid=0,1,2,3,4,5,6
3

board=......................................XO..|valid=0,1,2,3,4,5,6
3

board=...............................X......XOO.|valid=0,1,2,3,4,5,6
4

board=...............................XX.....XOOO|valid=0,1,2,3,4,5,6
4

board=........................OX.....XX.....XOOO|valid=0,1,2,3,4,5,6
4

board=..................X.....OX.....XX..O..XOOO|valid=0,1,2,3,4,5,6
5

board=..................X.....OX.....XXX.O.OXOOO|valid=0,1,2,3,4,5,6
5

board=..................X.....OXX....XXXOO.OXOOO|valid=0,1,2,3,4,5,6
5

board=............O.....XX....OXX....XXXOO.OXOOO|valid=0,1,2,3,4,5,6
3

board=............O....XXX....OXX...OXXXOO.OXOOO|valid=0,1,2,3,4,5,6
4

board=..........................................|valid=0,1,2,3,4,5,6
3

board=...............................O......X...|valid=0,1,2,3,4,5,6
3

board=........................X......O....O.X...|valid=0,1,2,3,4,5,6
3

board=.................X......X....O.O....O.X...|valid=0,1,2,3,4,5,6
3

board=..........X......X......X....O.O....O.X..O|valid=0,1,2,3,4,5,6
3

board=..........................................|valid=0,1,2,3,4,5,6
3

board=....................................O.X...|valid=0,1,2,3,4,5,6
3

board=...............................X....O.X.O.|valid=0,1,2,3,4,5,6
3

board=........................X....O.X....O.X.O.|valid=0,1,2,3,4,5,6
3

board=..........................................|valid=0,1,2,3,4,5,6
3

board=....................................O.X...|valid=0,1,2,3,4,5,6
3

board=...............................X....OOX...|valid=0,1,2,3,4,5,6
5

board=...............................X.O..OOX.X.|valid=0,1,2,3,4,5,6
4

board=.............................O.X.O..OOXXX.|valid=0,1,2,3,4,5,6
3

board=........................X....O.XOO..OOXXX.|valid=0,1,2,3,4,5,6
3

board=..........................................|valid=0,1,2,3,4,5,6
3

board=...................................O..X...|valid=0,1,2,3,4,5,6
3

board=...............................X...O.OX...|valid=0,1,2,3,4,5,6
3

board=........................X......X...O.OX.O.|valid=0,1,2,3,4,5,6
3

board=..........................................|valid=0,1,2,3,4,5,6
3

board=...............................O......X...|valid=0,1,2,3,4,5,6
3

board=........................X......O......X..O|valid=0,1,2,3,4,5,6
3

board=.................X......X......O......X.OO|valid=0,1,2,3,4,5,6
3

board=..........X......X......X......O....O.X.OO|valid=0,1,2,3,4,5,6
3

board=..........................................|valid=0,1,2,3,4,5,6
3

board=......................................X.O.|valid=0,1,2,3,4,5,6
3

board=...............................X.....OX.O.|valid=0,1,2,3,4,5,6
3

board=........................X......X.....OXOO.|valid=0,1,2,3,4,5,6
4

board=........................XO.....XX....OXOO.|valid=0,1,2,3,4,5,6
5

board=........................XO....OXXX...OXOO.|valid=0,1,2,3,4,5,6
5

board=........................XOX...OXXX...OXOOO|valid=0,1,2,3,4,5,6
4

board=.................OX.....XOX...OXXX...OXOOO|valid=0,1,2,3,4,5,6
3

board=...O......X......OX.....XOX...OXXX...OXOOO|valid=0,1,2,4,5,6
4

board=...O......XX.....OXO....XOX...OXXX...OXOOO|valid=0,1,2,4,5,6
4

board=...OX.....XX.....OXO....XOX...OXXX..OOXOOO|valid=0,1,2,5,6
6

board=..........................................|valid=0,1,2,3,4,5,6
3

board=.....................................OX...|valid=0,1,2,3,4,5,6
3

board=...............................X.....OX.O.|valid=0,1,2,3,4,5,6
3

board=.................O......X......X.....OX.O.|valid=0,1,2,3,4,5,6
3

board=..........X......O......X......X....OOX.O.|valid=0,1,2,3,4,5,6
3

board=...X......X......O......X.....OX....OOX.O.|valid=0,1,2,4,5,6
4

board=...X......X......O......X.....OX.O..OOXXO.|valid=0,1,2,4,5,6
4

board=...X......X......O.....OX.....OXXO..OOXXO.|valid=0,1,2,4,5,6
4

board=...X......X......O.....OXXO...OXXO..OOXXO.|valid=0,1,2,4,5,6
4

board=..........................................|valid=0,1,2,3,4,5,6
3

board=.....................................OX...|valid=0,1,2,3,4,5,6
3

board=...............................X.....OX..O|valid=0,1,2,3,4,5,6
3

board=........................X......X...O.OX..O|valid=0,1,2,3,4,5,6
4

board=........................X......XO..O.OXX.O|valid=0,1,2,3,4,5,6
5

board=........................X......XO.OO.OXXXO|valid=0,1,2,3,4,5,6
3

board=..........................................|valid=0,1,2,3,4,5,6
3

board=......................................X..O|valid=0,1,2,3,4,5,6
3

board=...............................X....O.X..O|valid=0,1,2,3,4,5,6
3

board=.................O......X......X....O.X..O|valid=0,1,2,3,4,5,6
3

board=...O......X......O......X......X....O.X..O|valid=0,1,2,4,5,6
0

board=...O......X......O......X......X...XO.X.OO|valid=0,1,2,4,5,6
0

board=...O......X......O......X...X..X...XO.XOOO|valid=0,1,2,4,5,6
4

board=...O......X......O......X...X..XXO.XO.XOOO|valid=0,1,2,4,5,6
4

board=...O......X......O...O..XX..X..XXO.XO.XOOO|valid=0,1,2,4,5,6
4

board=...O......XO.....OX..O..XX..X..XXO.XO.XOOO|valid=0,1,2,4,5,6
4

board=...OX.....XO.....OX..O..XXO.X..XXO.XO.XOOO|valid=0,1,2,5,6
6

board=...OX.....XO.....OX..O..XXOOX..XXOXXO.XOOO|valid=0,1,2,5,6
6

board=...OX.....XO..O..OX.XO..XXOOX..XXOXXO.XOOO|valid=0,1,2,5,6
5

board=...OX.....XO..O..OXXXO..XXOOXO.XXOXXO.XOOO|valid=0,1,2,5,6
2

board=..........................................|valid=0,1,2,3,4,5,6
3

board=...............................O......X...|valid=0,1,2,3,4,5,6
3

board=........................X......O......X.O.|valid=0,1,2,3,4,5,6
3

board=.................X......X......O......X.OO|valid=0,1,2,3,4,5,6
3

board=..........X......X......X......O...O..X.OO|valid=0,1,2,3,4,5,6
3

board=..........................................|valid=0,1,2,3,4,5,6
3

board=......................................X..O|valid=0,1,2,3,4,5,6
3

board=...............................X......X.OO|valid=0,1,2,3,4,5,6
3

board=.................O......X......X......X.OO|valid=0,1,2,3,4,5,6
3

board=..........X......O......X......X...O..X.OO|valid=0,1,2,3,4,5,6
3

board=...X......X......O......X......X...O..XOOO|valid=0,1,2,4,5,6
4

board=...X......X......O......X...O..XX..O..XOOO|valid=0,1,2,4,5,6
4

board=...X......X......O......XX..O..XX.OO..XOOO|valid=0,1,2,4,5,6
4

board=...X......X......OX.....XX..O..XX.OOO.XOOO|valid=0,1,2,4,5,6
4

board=..........................................|valid=0,1,2,3,4,5,6
3

board=......................................X.O.|valid=0,1,2,3,4,5,6
3

board=...............................X......XOO.|valid=0,1,2,3,4,5,6
4

board=........................O......XX.....XOO.|valid=0,1,2,3,4,5,6
3

board=.................X......O......XX..O..XOO.|valid=0,1,2,3,4,5,6
4

board=.................X......OX.....XXO.O..XOO.|valid=0,1,2,3,4,5,6
4

board=.................XX.....OX..O..XXO.O..XOO.|valid=0,1,2,3,4,5,6
3

board=..........XO.....XX.....OX..O..XXO.O..XOO.|valid=0,1,2,3,4,5,6
4

board=....X.....XO.....XX.....OX..O..XXO.O.OXOO.|valid=0,1,2,3,5,6
3

board=...XX.....XO.....XX.....OX..O..XXO.O.OXOOO|valid=0,1,2,5,6
6

board=...XX.....XO.....XX.....OX.OO..XXOXO.OXOOO|valid=0,1,2,5,6
5

board=..........................................|valid=0,1,2,3,4,5,6
3

board=......................................XO..|valid=0,1,2,3,4,5,6
3

board=...............................X......XO.O|valid=0,1,2,3,4,5,6
4

board=...............................XX...O.XO.O|valid=0,1,2,3,4,5,6
5

board=...............................XXO..O.XOXO|valid=0,1,2,3,4,5,6
3

board=........................XO.....XXO..O.XOXO|valid=0,1,2,3,4,5,6
4

board=..................X.....XO.....XXOO.O.XOXO|valid=0,1,2,3,4,5,6
4

board=...........X......X.....XO.....XXOOOO.XOXO|valid=0,1,2,3,4,5,6
4

board=....X......X......X.....XO.....XXOOOOOXOXO|valid=0,1,2,3,5,6
3

board=..........................................|valid=0,1,2,3,4,5,6
3

board=.....................................OX...|valid=0,1,2,3,4,5,6
3

board=..............................OX.....OX...|valid=0,1,2,3,4,5,6
3

board=.......................OX.....OX.....OX...|valid=0,1,2,3,4,5,6
3

board=..........................................|valid=0,1,2,3,4,5,6
3

board=...............................O......X...|valid=0,1,2,3,4,5,6
3

board=........................X......O......X.O.|valid=0,1,2,3,4,5,6
3

board=.................X......X......O......XOO.|valid=0,1,2,3,4,5,6
3

board=..........X......X......X......O.O....XOO.|valid=0,1,2,3,4,5,6
3

board=..........................................|valid=0,1,2,3,4,5,6
3

board=....................................O.X...|valid=0,1,2,3,4,5,6
3

board=...............................X....O.X..O|valid=0,1,2,3,4,5,6
3

board=........................X......X....O.XO.O|valid=0,1,2,3,4,5,6
3

board=..........................................|valid=0,1,2,3,4,5,6
3

board=......................................X..O|valid=0,1,2,3,4,5,6
3

board=...............................X......X.OO|valid=0,1,2,3,4,5,6
3

board=........................X......X..O...X.OO|valid=0,1,2,3,4,5,6
3

board=..........................................|valid=0,1,2,3,4,5,6
3

board=...................................O..X...|valid=0,1,2,3,4,5,6
3

board=........................O......X...O..X...|valid=0,1,2,3,4,5,6
3

board=.................X......O......X...O..X.O.|valid=0,1,2,3,4,5,6
3

board=..........X......X......O......X...O..X.OO|valid=0,1,2,3,4,5,6
3

board=...X......X......X......O...O..X...O..X.OO|valid=0,1,2,4,5,6
0

board=...X......X......X...X..O...O..X...OO.X.OO|valid=0,1,2,4,5,6
4

board=...X......X......X...X..O...O..X...OOOXXOO|valid=0,1,2,4,5,6
4

board=...X......X......X...X..OO..O..XX..OOOXXOO|valid=0,1,2,4,5,6
4

board=...X......X......XX..X..OO..OO.XX..OOOXXOO|valid=0,1,2,4,5,6
4

board=...XO.....XX.....XX..X..OO..OO.XX..OOOXXOO|valid=0,1,2,5,6
2

board=...XO.....XX.....XX..X..OO..OOXXX.OOOOXXOO|valid=0,1,2,5,6
5

board=..........................................|valid=0,1,2,3,4,5,6
3

board=......................................X..O|valid=0,1,2,3,4,5,6
3

board=...............................X....O.X..O|valid=0,1,2,3,4,5,6
3

board=........................X....O.X....O.X..O|valid=0,1,2,3,4,5,6
3

board=..........................................|valid=0,1,2,3,4,5,6
3

board=...................................O..X...|valid=0,1,2,3,4,5,6
3

board=........................O......X...O..X...|valid=0,1,2,3,4,5,6
3

board=.................X......O......X...OO.X...|valid=0,1,2,3,4,5,6
3

board=..........X......X......O....O.X...OO.X...|valid=0,1,2,3,4,5,6
3

board=...X......X......X......O...OO.X...OO.X...|valid=0,1,2,4,5,6
0

board=...X......X......X...X..O...OO.X...OOOX...|valid=0,1,2,4,5,6
4

board=...X......X......X...X..O...OO.X...OOOXXO.|valid=0,1,2,4,5,6
4

board=...X......X......X...XO.O...OO.XX..OOOXXO.|valid=0,1,2,4,5,6
4

board=...X......X......X...XO.OX..OO.XX..OOOXXOO|valid=0,1,2,4,5,6
4

board=..........................................|valid=0,1,2,3,4,5,6
3

board=...................................O..X...|valid=0,1,2,3,4,5,6
3

board=...............................X...O..X.O.|valid=0,1,2,3,4,5,6
3

board=........................X......X...O..XOO.|valid=0,1,2,3,4,5,6
3

board=..........................................|valid=0,1,2,3,4,5,6
3

board=......................................XO..|valid=0,1,2,3,4,5,6
3

board=...............................X....O.XO..|valid=0,1,2,3,4,5,6
3

board=........................X......X...OO.XO..|valid=0,1,2,3,4,5,6
3

board=..........................................|valid=0,1,2,3,4,5,6
3

board=...............................O......X...|valid=0,1,2,3,4,5,6
3

board=........................X......O...O..X...|valid=0,1,2,3,4,5,6
3

board=.................X......X......O...O..X..O|valid=0,1,2,3,4,5,6
3

board=..........X......X......X......O...O.OX..O|valid=0,1,2,3,4,5,6
3

board=..........................................|valid=0,1,2,3,4,5,6
3

board=.....................................OX...|valid=0,1,2,3,4,5,6
3

board=...............................X.....OXO..|valid=0,1,2,3,4,5,6
3

board=........................X......X...O.OXO..|valid=0,1,2,3,4,5,6
5

board=........................X......X.O.O.OXOX.|valid=0,1,2,3,4,5,6
3

board=..........................................|valid=0,1,2,3,4,5,6
3

board=......................................XO..|valid=0,1,2,3,4,5,6
3

board=........................O......X......XO..|valid=0,1,2,3,4,5,6
3

board=..........O......X......O......X......XO..|valid=0,1,2,3,4,5,6
3

board=...X......O......X......O......X......XOO.|valid=0,1,2,4,5,6
4

board=...X......O......X......O......XX..O..XOO.|valid=0,1,2,4,5,6
4

board=...X......O......X......OX..O..XX..O..XOO.|valid=0,1,2,4,5,6
4

board=...X......O......XX.....OX..O..XX..O..XOOO|valid=0,1,2,4,5,6
4

board=..........................................|valid=0,1,2,3,4,5,6
3

board=......................................X.O.|valid=0,1,2,3,4,5,6
3

board=...............................X.....OX.O.|valid=0,1,2,3,4,5,6
3

board=........................X......X...O.OX.O.|valid=0,1,2,3,4,5,6
3

board=..........................................|valid=0,1,2,3,4,5,6
3

board=......................................X..O|valid=0,1,2,3,4,5,6
3

board=...............................X....O.X..O|valid=0,1,2,3,4,5,6
3

board=........................X......X...OO.X..O|valid=0,1,2,3,4,5,6
3

board=..........................................|valid=0,1,2,3,4,5,6
3

board=......................................X..O|valid=0,1,2,3,4,5,6
3

board=...............................X..O...X..O|valid=0,1,2,3,4,5,6
3

board=.................O......X......X..O...X..O|valid=0,1,2,3,4,5,6
3

board=..........X......O......X......X..O.O.X..O|valid=0,1,2,3,4,5,6
3

board=...X......X......O......X......X..O.O.X.OO|valid=0,1,2,4,5,6
4

board=...X......X......O......X......X.OO.O.XXOO|valid=0,1,2,4,5,6
4

board=...X......X......O......X..O...XXOO.O.XXOO|valid=0,1,2,4,5,6
4

board=...X......X......OO.....XX.O...XXOO.O.XXOO|valid=0,1,2,4,5,6
4

board=...X......XX.....OO.....XX.O...XXOOOO.XXOO|valid=0,1,2,4,5,6
2

board=...XO.....XX.....OO.....XX.O...XXOOOOXXXOO|valid=0,1,2,5,6
5

board=...XO.....XX.....OO.....XXXO.O.XXOOOOXXXOO|valid=0,1,2,5,6
2

board=...XO.....XX.....OO...O.XXXO.OXXXOOOOXXXOO|valid=0,1,2,5,6
2

board=..........................................|valid=0,1,2,3,4,5,6
3

board=......................................X..O|valid=0,1,2,3,4,5,6
3

board=...............................X..O...X..O|valid=0,1,2,3,4,5,6
3

board=.................O......X......X..O...X..O|valid=0,1,2,3,4,5,6
3

board=..........X......O......X......X..O...X.OO|valid=0,1,2,3,4,5,6
3

board=...X......X......O......X......X..O..OX.OO|valid=0,1,2,4,5,6
4

board=...X......X......O......X.....OX..O..OXXOO|valid=0,1,2,4,5,6
4

board=...X......X......O......X..O..OXX.O..OXXOO|valid=0,1,2,4,5,6
4

board=...X......X......O.....OXX.O..OXX.O..OXXOO|valid=0,1,2,4,5,6
4

board=..........................................|valid=0,1,2,3,4,5,6
3

board=...................................O..X...|valid=0,1,2,3,4,5,6
3

board=...............................X...O..X..O|valid=0,1,2,3,4,5,6
3

board=........................X......X...OO.X..O|valid=0,1,2,3,4,5,6
3

board=..........................................|valid=0,1,2,3,4,5,6
3

board=...............................O......X...|valid=0,1,2,3,4,5,6
3

board=........................X......O......XO..|valid=0,1,2,3,4,5,6
3

board=..........O......X......X......O......XO..|valid=0,1,2,3,4,5,6
3

board=...X......O......X......X......O......XOO.|valid=0,1,2,4,5,6
0

board=...X......O......X......X......O...XO.XOO.|valid=0,1,2,4,5,6
4

board=...X......O......X......X......OX..XOOXOO.|valid=0,1,2,4,5,6
4

board=...X......O......X......XX.....OX..XOOXOOO|valid=0,1,2,4,5,6
4

board=...X......O......XX.....XX..O..OX..XOOXOOO|valid=0,1,2,4,5,6
4

board=..........................................|valid=0,1,2,3,4,5,6
3

board=...............................O......X...|valid=0,1,2,3,4,5,6
3

board=........................X......O......X..O|valid=0,1,2,3,4,5,6
3

board=.................X......X......O....O.X..O|valid=0,1,2,3,4,5,6
3

board=..........X......X......X......O....O.X.OO|valid=0,1,2,3,4,5,6
3

board=..........................................|valid=0,1,2,3,4,5,6
3

board=......................................XO..|valid=0,1,2,3,4,5,6
3

board=...............................X......XO.O|valid=0,1,2,3,4,5,6
4

board=...............................XX..O..XO.O|valid=0,1,2,3,4,5,6
5

board=.........................O.....XX..O..XOXO|valid=0,1,2,3,4,5,6
5

board=.........................O.....XXX.OO.XOXO|valid=0,1,2,3,4,5,6
3

board=........................XOO....XXX.OO.XOXO|valid=0,1,2,3,4,5,6
5

board=...................X....XOO..O.XXX.OO.XOXO|valid=0,1,2,3,4,5,6
4

board=..................XX....XOO..O.XXX.OOOXOXO|valid=0,1,2,3,4,5,6
4

board=...........X......XX....XOO..O.XXXOOOOXOXO|valid=0,1,2,3,4,5,6
4

board=....X......X......XX..O.XOO..O.XXXOOOOXOXO|valid=0,1,2,3,5,6
3

board=..........................................|valid=0,1,2,3,4,5,6
3

board=...................................O..X...|valid=0,1,2,3,4,5,6
3

board=...............................X...O..X.O.|valid=0,1,2,3,4,5,6
3

board=........................X......X...O..XOO.|valid=0,1,2,3,4,5,6
3

board=..........................................|valid=0,1,2,3,4,5,6
3

board=......................................X..O|valid=0,1,2,3,4,5,6
3

board=...............................X....O.X..O|valid=0,1,2,3,4,5,6
3

board=........................X....O.X....O.X..O|valid=0,1,2,3,4,5,6
3

board=..........................................|valid=0,1,2,3,4,5,6
3

board=....................................O.X...|valid=0,1,2,3,4,5,6
3

board=...............................X...OO.X...|valid=0,1,2,3,4,5,6
3

board=........................X....O.X...OO.X...|valid=0,1,2,3,4,5,6
3

board=..........................................|valid=0,1,2,3,4,5,6
3

board=.....................................OX...|valid=0,1,2,3,4,5,6
3

board=..............................OX.....OX...|valid=0,1,2,3,4,5,6
3

board=........................X.....OX...O.OX...|valid=0,1,2,3,4,5,6
3

board=..........................................|valid=0,1,2,3,4,5,6
3

board=......................................X..O|valid=0,1,2,3,4,5,6
3

board=...............................X....O.X..O|valid=0,1,2,3,4,5,6
3

board=........................X......X...OO.X..O|valid=0,1,2,3,4,5,6
3

board=..........................................|valid=0,1,2,3,4,5,6
3

board=......................................XO..|valid=0,1,2,3,4,5,6
3

board=........................O......X......XO..|valid=0,1,2,3,4,5,6
3

board=.................X......O......X......XOO.|valid=0,1,2,3,4,5,6
3

board=...O......X......X......O......X......XOO.|valid=0,1,2,4,5,6
0

board=...O......X......X......O......X.O.X..XOO.|valid=0,1,2,4,5,6
4

board=...O......X......X......O......XXO.XO.XOO.|valid=0,1,2,4,5,6
4

board=...O......X......X......OX.....XXO.XO.XOOO|valid=0,1,2,4,5,6
4

board=...O......X......XX.....OX.....XXO.XOOXOOO|valid=0,1,2,4,5,6
4

board=..........................................|valid=0,1,2,3,4,5,6
3

board=......................................X..O|valid=0,1,2,3,4,5,6
3

board=...............................X......XO.O|valid=0,1,2,3,4,5,6
4

board=...............................XX...O.XO.O|valid=0,1,2,3,4,5,6
5

board=...............................XX...OOXOXO|valid=0,1,2,3,4,5,6
3

board=........................X.....OXX...OOXOXO|valid=0,1,2,3,4,5,6
5

board=........................X.....OXXXO.OOXOXO|valid=0,1,2,3,4,5,6
5

board=.................O......X.X...OXXXO.OOXOXO|valid=0,1,2,3,4,5,6
5

board=..........................................|valid=0,1,2,3,4,5,6
3

board=......................................XO..|valid=0,1,2,3,4,5,6
3

board=........................O......X......XO..|valid=0,1,2,3,4,5,6
3

board=.................X......O......X......XO.O|valid=0,1,2,3,4,5,6
3

board=...O......X......X......O......X......XO.O|valid=0,1,2,4,5,6
0

board=...O......X......X......O......X...XO.XO.O|valid=0,1,2,4,5,6
4

board=...O......X......X......O....O.XX..XO.XO.O|valid=0,1,2,4,5,6
4

board=...O......X......X......OX...O.XX..XO.XOOO|valid=0,1,2,4,5,6
4

board=...O......X......XX...O.OX...O.XX..XO.XOOO|valid=0,1,2,4,5,6
4

board=..........................................|valid=0,1,2,3,4,5,6
3

board=......................................X..O|valid=0,1,2,3,4,5,6
3

board=...............................X.....OX..O|valid=0,1,2,3,4,5,6
3

board=.................O......X......X.....OX..O|valid=0,1,2,3,4,5,6
3

board=...O......X......O......X......X.....OX..O|valid=0,1,2,4,5,6
0

board=...O......X......O......X...O..X...X.OX..O|valid=0,1,2,4,5,6
4

board=...O......X......O......X...O.OX...X.OXX.O|valid=0,1,2,4,5,6
4

board=...O......X......O...O..X...O.OXX..X.OXX.O|valid=0,1,2,4,5,6
4

board=...O......X...O..O...O..XX..O.OXX..X.OXX.O|valid=0,1,2,4,5,6
4

board=..........................................|valid=0,1,2,3,4,5,6
3

board=.....................................OX...|valid=0,1,2,3,4,5,6
3

board=..............................OX.....OX...|valid=0,1,2,3,4,5,6
3

board=.......................OX.....OX.....OX...|valid=0,1,2,3,4,5,6
3

board=..........................................|valid=0,1,2,3,4,5,6
3

board=.....................................OX...|valid=0,1,2,3,4,5,6
3

board=...............................X...O.OX...|valid=0,1,2,3,4,5,6
3

board=.................O......X......X...O.OX...|valid=0,1,2,3,4,5,6
3

board=..........X......O......X......X...OOOX...|valid=0,1,2,3,4,5,6
3

board=...X......X......O......X.....OX...OOOX...|valid=0,1,2,4,5,6
4

board=...X......X......O......X.....OXO..OOOXX..|valid=0,1,2,4,5,6
4

board=...X......X......O......XX....OXO..OOOXXO.|valid=0,1,2,4,5,6
4

board=...X......X......OX.....XX...OOXO..OOOXXO.|valid=0,1,2,4,5,6
4

board=...X......XX.....OX...O.XX...OOXO..OOOXXO.|valid=0,1,2,4,5,6
4

